"Status","Start Time","Stop Time","Duration in ms","Parent Suite","Suite","Sub Suite","Test Class","Test Method","Name","Description"
"passed","Sun Sep 21 12:35:21 GMT 2025","Sun Sep 21 12:35:21 GMT 2025","0","","","","ServicesUnitTests.ValidatorTests.PlayerProfileValidatorTests","ServicesUnitTests.ValidatorTests.PlayerProfileValidatorTests.CheckAccountCreation(comp: AccountCreationData { Account = CompetitiveBackend.Core.Objects.Account, Password =  }, expected: False)","ServicesUnitTests.ValidatorTests.PlayerProfileValidatorTests.CheckAccountCreation(AccountCreationData comp, Boolean expected)",""
"passed","Sun Sep 21 12:37:44 GMT 2025","Sun Sep 21 12:37:46 GMT 2025","1684","","","","RepositoriesTests.RepositoriesTests.PlayerProfileRepositoryUnitTests","RepositoriesTests.RepositoriesTests.PlayerProfileRepositoryUnitTests.UpdatePlayerProfile_Success","RepositoriesTests.RepositoriesTests.PlayerProfileRepositoryUnitTests.UpdatePlayerProfile_Success",""
"passed","Sun Sep 21 12:35:21 GMT 2025","Sun Sep 21 12:35:21 GMT 2025","3","","","","ServicesUnitTests.ServiceTests.CompetitionServiceTests","ServicesUnitTests.ServiceTests.CompetitionServiceTests.CompetitionServiceTest_GetCompetition","ServicesUnitTests.ServiceTests.CompetitionServiceTests.CompetitionServiceTest_GetCompetition",""
"passed","Sun Sep 21 12:35:21 GMT 2025","Sun Sep 21 12:35:21 GMT 2025","4","","","","ServicesUnitTests.ServiceTests.CompetitionLevelServiceTests","ServicesUnitTests.ServiceTests.CompetitionLevelServiceTests.UpdateCompetitionLevelData_CallsRepositoryWithParameters","ServicesUnitTests.ServiceTests.CompetitionLevelServiceTests.UpdateCompetitionLevelData_CallsRepositoryWithParameters",""
"passed","Sun Sep 21 12:37:13 GMT 2025","Sun Sep 21 12:37:16 GMT 2025","3097","","","","RepositoriesTests.RepositoriesTests.PlayerParticipationRepositoryTests","RepositoriesTests.RepositoriesTests.PlayerParticipationRepositoryTests.GetPlayerParticipations(dt: DataLimiter { PartitionIndex = 0, Partition = 0, HasNoLimit = True, FirstIndex = 0, LastIndex = 0 }, bindPlayer: False, bindCompetition: False)","RepositoriesTests.RepositoriesTests.PlayerParticipationRepositoryTests.GetPlayerParticipations(DataLimiter dt, Boolean bindPlayer, Boolean bindCompetition)",""
"passed","Sun Sep 21 12:35:21 GMT 2025","Sun Sep 21 12:35:21 GMT 2025","2","","","","ServicesUnitTests.ValidatorTests.PasswordConstraintTests","ServicesUnitTests.ValidatorTests.PasswordConstraintTests.LengthPasswordTest(password: ""12344919293921391293"", isValid: True)","ServicesUnitTests.ValidatorTests.PasswordConstraintTests.LengthPasswordTest(String password, Boolean isValid)",""
"passed","Sun Sep 21 12:40:31 GMT 2025","Sun Sep 21 12:40:31 GMT 2025","83","","","","IntegrationalTests.CompetitionIntegrationTests","IntegrationalTests.CompetitionIntegrationTests.CompetitionFetchPage","IntegrationalTests.CompetitionIntegrationTests.CompetitionFetchPage",""
"passed","Sun Sep 21 12:37:04 GMT 2025","Sun Sep 21 12:37:07 GMT 2025","3075","","","","RepositoriesTests.RepositoriesTests.CompetitionRewardRepositoryTests","RepositoriesTests.RepositoriesTests.CompetitionRewardRepositoryTests.GetCompetitionRewards_Success(idx: 1)","RepositoriesTests.RepositoriesTests.CompetitionRewardRepositoryTests.GetCompetitionRewards_Success(Int32 idx)",""
"passed","Sun Sep 21 12:36:21 GMT 2025","Sun Sep 21 12:36:25 GMT 2025","4112","","","","RepositoriesTests.RepositoriesTests.PlayerParticipationRepositoryTests","RepositoriesTests.RepositoriesTests.PlayerParticipationRepositoryTests.GetParticipation(bindPlayer: True, bindCompetition: False)","RepositoriesTests.RepositoriesTests.PlayerParticipationRepositoryTests.GetParticipation(Boolean bindPlayer, Boolean bindCompetition)",""
"passed","Sun Sep 21 12:35:21 GMT 2025","Sun Sep 21 12:35:21 GMT 2025","6","","","","ServicesUnitTests.ServiceTests.PlayerRewardServiceTests","ServicesUnitTests.ServiceTests.PlayerRewardServiceTests.PlayerRewardServiceTest_GrantRewardToPlayer_Failure","ServicesUnitTests.ServiceTests.PlayerRewardServiceTests.PlayerRewardServiceTest_GrantRewardToPlayer_Failure",""
"passed","Sun Sep 21 12:35:22 GMT 2025","Sun Sep 21 12:35:22 GMT 2025","2","","","","ServicesUnitTests.ServiceTests.PlayerParticipationServiceTests","ServicesUnitTests.ServiceTests.PlayerParticipationServiceTests.PlayerParticipationServiceTests_SubmitParticipation_CREATE","ServicesUnitTests.ServiceTests.PlayerParticipationServiceTests.PlayerParticipationServiceTests_SubmitParticipation_CREATE",""
"passed","Sun Sep 21 12:37:19 GMT 2025","Sun Sep 21 12:37:22 GMT 2025","2798","","","","RepositoriesTests.RepositoriesTests.PlayerParticipationRepositoryTests","RepositoriesTests.RepositoriesTests.PlayerParticipationRepositoryTests.GetPlayerParticipations(dt: DataLimiter { PartitionIndex = 0, Partition = 0, HasNoLimit = True, FirstIndex = 0, LastIndex = 0 }, bindPlayer: False, bindCompetition: True)","RepositoriesTests.RepositoriesTests.PlayerParticipationRepositoryTests.GetPlayerParticipations(DataLimiter dt, Boolean bindPlayer, Boolean bindCompetition)",""
"passed","Sun Sep 21 12:36:28 GMT 2025","Sun Sep 21 12:36:32 GMT 2025","3912","","","","RepositoriesTests.RepositoriesTests.RewardDescriptionRepositoryTests","RepositoriesTests.RepositoriesTests.RewardDescriptionRepositoryTests.SetRewardIcon_Failure","RepositoriesTests.RepositoriesTests.RewardDescriptionRepositoryTests.SetRewardIcon_Failure",""
"passed","Sun Sep 21 12:36:40 GMT 2025","Sun Sep 21 12:36:43 GMT 2025","3670","","","","RepositoriesTests.RepositoriesTests.RewardDescriptionRepositoryTests","RepositoriesTests.RepositoriesTests.RewardDescriptionRepositoryTests.GetRewardIcon_Empty","RepositoriesTests.RepositoriesTests.RewardDescriptionRepositoryTests.GetRewardIcon_Empty",""
"passed","Sun Sep 21 12:35:21 GMT 2025","Sun Sep 21 12:35:21 GMT 2025","28","","","","ServicesUnitTests.ValidatorTests.PlayerProfileValidatorTests","ServicesUnitTests.ValidatorTests.PlayerProfileValidatorTests.CheckPlayerProfile(comp: PlayerProfile { Description = ""****************"", Id = 0, Name = ""****"" }, expected: True)","ServicesUnitTests.ValidatorTests.PlayerProfileValidatorTests.CheckPlayerProfile(PlayerProfile comp, Boolean expected)",""
"passed","Sun Sep 21 12:37:50 GMT 2025","Sun Sep 21 12:37:52 GMT 2025","1567","","","","RepositoriesTests.RepositoriesTests.PlayerRewardRepositoryBasicTests","RepositoriesTests.RepositoriesTests.PlayerRewardRepositoryBasicTests.AddReward_Failure","RepositoriesTests.RepositoriesTests.PlayerRewardRepositoryBasicTests.AddReward_Failure",""
"passed","Sun Sep 21 12:38:18 GMT 2025","Sun Sep 21 12:38:19 GMT 2025","1488","","","","RepositoriesTests.RepositoriesTests.CompetitionRepositoryUnitTests","RepositoriesTests.RepositoriesTests.CompetitionRepositoryUnitTests.GetAllCompetitions_Basic(dt: DataLimiter { PartitionIndex = 1, Partition = 1, HasNoLimit = False, FirstIndex = 1, LastIndex = 2 })","RepositoriesTests.RepositoriesTests.CompetitionRepositoryUnitTests.GetAllCompetitions_Basic(DataLimiter dt)",""
"passed","Sun Sep 21 12:36:36 GMT 2025","Sun Sep 21 12:36:40 GMT 2025","3924","","","","RepositoriesTests.RepositoriesTests.RewardDescriptionRepositoryTests","RepositoriesTests.RepositoriesTests.RewardDescriptionRepositoryTests.CreateRewardDescription_Success","RepositoriesTests.RepositoriesTests.RewardDescriptionRepositoryTests.CreateRewardDescription_Success",""
"passed","Sun Sep 21 12:37:26 GMT 2025","Sun Sep 21 12:37:29 GMT 2025","2690","","","","RepositoriesTests.RepositoriesTests.CompetitionLevelRepositoryTests","RepositoriesTests.RepositoriesTests.CompetitionLevelRepositoryTests.DeleteCompetitionLevelData(idx: 1)","RepositoriesTests.RepositoriesTests.CompetitionLevelRepositoryTests.DeleteCompetitionLevelData(Int32 idx)",""
"passed","Sun Sep 21 12:36:58 GMT 2025","Sun Sep 21 12:37:02 GMT 2025","3098","","","","RepositoriesTests.RepositoriesTests.GranterTests.BasicRewardGranterTests","RepositoriesTests.RepositoriesTests.GranterTests.BasicRewardGranterTests.GrantRewardsWithoutParticipants","RepositoriesTests.RepositoriesTests.GranterTests.BasicRewardGranterTests.GrantRewardsWithoutParticipants",""
"passed","Sun Sep 21 12:35:21 GMT 2025","Sun Sep 21 12:35:21 GMT 2025","0","","","","ServicesUnitTests.ValidatorTests.PlayerProfileValidatorTests","ServicesUnitTests.ValidatorTests.PlayerProfileValidatorTests.CheckAccountCreation(comp: AccountCreationData { Account = CompetitiveBackend.Core.Objects.Account, Password = 12345678 }, expected: False)","ServicesUnitTests.ValidatorTests.PlayerProfileValidatorTests.CheckAccountCreation(AccountCreationData comp, Boolean expected)",""
"passed","Sun Sep 21 12:35:21 GMT 2025","Sun Sep 21 12:35:21 GMT 2025","7","","","","ServicesUnitTests.ServiceTests.CompetitionServiceTests","ServicesUnitTests.ServiceTests.CompetitionServiceTests.CompetitionServiceTest_UpdateCompetition_OK2","ServicesUnitTests.ServiceTests.CompetitionServiceTests.CompetitionServiceTest_UpdateCompetition_OK2",""
"passed","Sun Sep 21 12:35:21 GMT 2025","Sun Sep 21 12:35:21 GMT 2025","1","","","","ServicesUnitTests.ValidatorTests.PlayerProfileValidatorTests","ServicesUnitTests.ValidatorTests.PlayerProfileValidatorTests.CheckAccountCreation(comp: AccountCreationData { Account = CompetitiveBackend.Core.Objects.Account, Password =  }, expected: False)","ServicesUnitTests.ValidatorTests.PlayerProfileValidatorTests.CheckAccountCreation(AccountCreationData comp, Boolean expected)",""
"passed","Sun Sep 21 12:35:21 GMT 2025","Sun Sep 21 12:35:21 GMT 2025","1","","","","ServicesUnitTests.ValidatorTests.PlayerProfileValidatorTests","ServicesUnitTests.ValidatorTests.PlayerProfileValidatorTests.CheckAccount(comp: Account { Email = """", Id = null, Login = ""*****************"" }, expected: False)","ServicesUnitTests.ValidatorTests.PlayerProfileValidatorTests.CheckAccount(Account comp, Boolean expected)",""
"passed","Sun Sep 21 12:36:42 GMT 2025","Sun Sep 21 12:36:46 GMT 2025","3893","","","","RepositoriesTests.RepositoriesTests.GranterTests.BasicRewardGranterTests","RepositoriesTests.RepositoriesTests.GranterTests.BasicRewardGranterTests.GrantRewardsByRank(minRank: 0.5, maxRank: 1)","RepositoriesTests.RepositoriesTests.GranterTests.BasicRewardGranterTests.GrantRewardsByRank(Single minRank, Single maxRank)",""
"passed","Sun Sep 21 12:35:21 GMT 2025","Sun Sep 21 12:35:21 GMT 2025","3","","","","ServicesUnitTests.ServiceTests.CompetitionLevelServiceTests","ServicesUnitTests.ServiceTests.CompetitionLevelServiceTests.GetCompetitionLevel_WithoutOptionalParameters_UsesNulls","ServicesUnitTests.ServiceTests.CompetitionLevelServiceTests.GetCompetitionLevel_WithoutOptionalParameters_UsesNulls",""
"passed","Sun Sep 21 12:36:28 GMT 2025","Sun Sep 21 12:36:33 GMT 2025","5210","","","","RepositoriesTests.RepositoriesTests.AccountRepositoryUnitTests","RepositoriesTests.RepositoriesTests.AccountRepositoryUnitTests.GetAccount_Erroneous_Id","RepositoriesTests.RepositoriesTests.AccountRepositoryUnitTests.GetAccount_Erroneous_Id",""
"passed","Sun Sep 21 12:36:32 GMT 2025","Sun Sep 21 12:36:36 GMT 2025","3409","","","","RepositoriesTests.RepositoriesTests.RewardDescriptionRepositoryTests","RepositoriesTests.RepositoriesTests.RewardDescriptionRepositoryTests.UpdateRewardDescription_Failure","RepositoriesTests.RepositoriesTests.RewardDescriptionRepositoryTests.UpdateRewardDescription_Failure",""
"passed","Sun Sep 21 12:37:58 GMT 2025","Sun Sep 21 12:38:00 GMT 2025","1545","","","","RepositoriesTests.RepositoriesTests.PlayerRewardRepositoryBasicTests","RepositoriesTests.RepositoriesTests.PlayerRewardRepositoryBasicTests.GetPlayerRewards_Success(dt: DataLimiter { PartitionIndex = 2, Partition = 1, HasNoLimit = False, FirstIndex = 2, LastIndex = 3 })","RepositoriesTests.RepositoriesTests.PlayerRewardRepositoryBasicTests.GetPlayerRewards_Success(DataLimiter dt)",""
"passed","Sun Sep 21 12:36:33 GMT 2025","Sun Sep 21 12:36:37 GMT 2025","3606","","","","RepositoriesTests.RepositoriesTests.PlayerParticipationRepositoryTests","RepositoriesTests.RepositoriesTests.PlayerParticipationRepositoryTests.GetParticipation(bindPlayer: True, bindCompetition: True)","RepositoriesTests.RepositoriesTests.PlayerParticipationRepositoryTests.GetParticipation(Boolean bindPlayer, Boolean bindCompetition)",""
"passed","Sun Sep 21 12:35:21 GMT 2025","Sun Sep 21 12:35:21 GMT 2025","2","","","","ServicesUnitTests.ServiceTests.CompetitionRewardSchedulerTests","ServicesUnitTests.ServiceTests.CompetitionRewardSchedulerTests.CompetitionRewardSchedulerTests_OnRecievedMessage_Skip","ServicesUnitTests.ServiceTests.CompetitionRewardSchedulerTests.CompetitionRewardSchedulerTests_OnRecievedMessage_Skip",""
"passed","Sun Sep 21 12:35:21 GMT 2025","Sun Sep 21 12:35:21 GMT 2025","101","","","","ServicesUnitTests.ServiceTests.RewardDescriptionServiceTests","ServicesUnitTests.ServiceTests.RewardDescriptionServiceTests.RewardDescriptionServiceTests_UpdateRewardDescription_Ok2","ServicesUnitTests.ServiceTests.RewardDescriptionServiceTests.RewardDescriptionServiceTests_UpdateRewardDescription_Ok2",""
"passed","Sun Sep 21 12:35:21 GMT 2025","Sun Sep 21 12:35:21 GMT 2025","2","","","","ServicesUnitTests.ValidatorTests.PasswordConstraintTests","ServicesUnitTests.ValidatorTests.PasswordConstraintTests.LengthPasswordTest(password: ""1234"", isValid: True)","ServicesUnitTests.ValidatorTests.PasswordConstraintTests.LengthPasswordTest(String password, Boolean isValid)",""
"passed","Sun Sep 21 12:40:28 GMT 2025","Sun Sep 21 12:40:31 GMT 2025","2482","","","","IntegrationalTests.CompetitionIntegrationTests","IntegrationalTests.CompetitionIntegrationTests.CompetitionFetchOne","IntegrationalTests.CompetitionIntegrationTests.CompetitionFetchOne",""
"passed","Sun Sep 21 12:35:21 GMT 2025","Sun Sep 21 12:35:21 GMT 2025","0","","","","ServicesUnitTests.ValidatorTests.CompetitionValidatorTests","ServicesUnitTests.ValidatorTests.CompetitionValidatorTests.CheckOK(comp: Competition { Description = ""***********"", EndDate = 2025-01-01T01:10:01.0000000, Id = null, Name = ""Colon"", StartDate = 2025-01-01T01:01:01.0000000 }, expected: True)","ServicesUnitTests.ValidatorTests.CompetitionValidatorTests.CheckOK(Competition comp, Boolean expected)",""
"passed","Sun Sep 21 12:35:21 GMT 2025","Sun Sep 21 12:35:21 GMT 2025","0","","","","ServicesUnitTests.ValidatorTests.PlayerProfileValidatorTests","ServicesUnitTests.ValidatorTests.PlayerProfileValidatorTests.CheckAccountCreation(comp: AccountCreationData { Account = CompetitiveBackend.Core.Objects.Account, Password = 123456a }, expected: False)","ServicesUnitTests.ValidatorTests.PlayerProfileValidatorTests.CheckAccountCreation(AccountCreationData comp, Boolean expected)",""
"passed","Sun Sep 21 12:37:55 GMT 2025","Sun Sep 21 12:37:57 GMT 2025","1536","","","","RepositoriesTests.RepositoriesTests.PlayerRewardRepositoryBasicTests","RepositoriesTests.RepositoriesTests.PlayerRewardRepositoryBasicTests.GetPlayerRewards_Success(dt: DataLimiter { PartitionIndex = 0, Partition = 1, HasNoLimit = False, FirstIndex = 0, LastIndex = 1 })","RepositoriesTests.RepositoriesTests.PlayerRewardRepositoryBasicTests.GetPlayerRewards_Success(DataLimiter dt)",""
"passed","Sun Sep 21 12:37:21 GMT 2025","Sun Sep 21 12:37:24 GMT 2025","2625","","","","RepositoriesTests.RepositoriesTests.CompetitionRewardRepositoryTests","RepositoriesTests.RepositoriesTests.CompetitionRewardRepositoryTests.DeleteCompetitionReward_Failure","RepositoriesTests.RepositoriesTests.CompetitionRewardRepositoryTests.DeleteCompetitionReward_Failure",""
"passed","Sun Sep 21 12:37:11 GMT 2025","Sun Sep 21 12:37:14 GMT 2025","3211","","","","RepositoriesTests.RepositoriesTests.GranterTests.StoredProcedureGranterTests","RepositoriesTests.RepositoriesTests.GranterTests.StoredProcedureGranterTests.GrantRewardsTwoParticipants","RepositoriesTests.RepositoriesTests.GranterTests.StoredProcedureGranterTests.GrantRewardsTwoParticipants",""
"passed","Sun Sep 21 12:35:21 GMT 2025","Sun Sep 21 12:35:21 GMT 2025","0","","","","ServicesUnitTests.ValidatorTests.PlayerProfileValidatorTests","ServicesUnitTests.ValidatorTests.PlayerProfileValidatorTests.CheckAccountCreation(comp: AccountCreationData { Account = CompetitiveBackend.Core.Objects.Account, Password = 123a5678 }, expected: True)","ServicesUnitTests.ValidatorTests.PlayerProfileValidatorTests.CheckAccountCreation(AccountCreationData comp, Boolean expected)",""
"passed","Sun Sep 21 12:35:21 GMT 2025","Sun Sep 21 12:35:21 GMT 2025","4","","","","ServicesUnitTests.ValidatorTests.PlayerProfileValidatorTests","ServicesUnitTests.ValidatorTests.PlayerProfileValidatorTests.CheckAccount(comp: Account { Email = """", Id = null, Login = ""amogus"" }, expected: True)","ServicesUnitTests.ValidatorTests.PlayerProfileValidatorTests.CheckAccount(Account comp, Boolean expected)",""
"passed","Sun Sep 21 12:36:57 GMT 2025","Sun Sep 21 12:37:00 GMT 2025","3159","","","","RepositoriesTests.RepositoriesTests.CompetitionRewardRepositoryTests","RepositoriesTests.RepositoriesTests.CompetitionRewardRepositoryTests.AddCompetitionReward_DifferentRanks(cond: PlaceGrantCondition { maxPlace = 50, minPlace = 4, Type = ""place"" }, idx: 5)","RepositoriesTests.RepositoriesTests.CompetitionRewardRepositoryTests.AddCompetitionReward_DifferentRanks(GrantCondition cond, Int32 idx)",""
"passed","Sun Sep 21 12:35:21 GMT 2025","Sun Sep 21 12:35:21 GMT 2025","0","","","","ServicesUnitTests.ValidatorTests.PlayerProfileValidatorTests","ServicesUnitTests.ValidatorTests.PlayerProfileValidatorTests.CheckPlayerProfile(comp: PlayerProfile { Description = ""****************"", Id = 0, Name = ""***"" }, expected: False)","ServicesUnitTests.ValidatorTests.PlayerProfileValidatorTests.CheckPlayerProfile(PlayerProfile comp, Boolean expected)",""
"passed","Sun Sep 21 12:35:21 GMT 2025","Sun Sep 21 12:35:21 GMT 2025","7","","","","ServicesUnitTests.ServiceTests.RewardDescriptionServiceTests","ServicesUnitTests.ServiceTests.RewardDescriptionServiceTests.RewardDescriptionServiceTests_SetRewardIcon","ServicesUnitTests.ServiceTests.RewardDescriptionServiceTests.RewardDescriptionServiceTests_SetRewardIcon",""
"passed","Sun Sep 21 12:35:21 GMT 2025","Sun Sep 21 12:35:21 GMT 2025","4","","","","ServicesUnitTests.ServiceTests.CompetitionServiceTests","ServicesUnitTests.ServiceTests.CompetitionServiceTests.CompetitionServiceTest_UpdateCompetition_Bad2","ServicesUnitTests.ServiceTests.CompetitionServiceTests.CompetitionServiceTest_UpdateCompetition_Bad2",""
"passed","Sun Sep 21 12:35:21 GMT 2025","Sun Sep 21 12:35:21 GMT 2025","1","","","","ServicesUnitTests.ValidatorTests.PlayerProfileValidatorTests","ServicesUnitTests.ValidatorTests.PlayerProfileValidatorTests.CheckPlayerProfile(comp: PlayerProfile { Description = ""****************"", Id = 0, Name = ""****************"" }, expected: True)","ServicesUnitTests.ValidatorTests.PlayerProfileValidatorTests.CheckPlayerProfile(PlayerProfile comp, Boolean expected)",""
"passed","Sun Sep 21 12:35:21 GMT 2025","Sun Sep 21 12:35:21 GMT 2025","0","","","","ServicesUnitTests.ValidatorTests.PlayerProfileValidatorTests","ServicesUnitTests.ValidatorTests.PlayerProfileValidatorTests.CheckAccountCreation(comp: AccountCreationData { Account = CompetitiveBackend.Core.Objects.Account, Password =  }, expected: False)","ServicesUnitTests.ValidatorTests.PlayerProfileValidatorTests.CheckAccountCreation(AccountCreationData comp, Boolean expected)",""
"passed","Sun Sep 21 12:35:21 GMT 2025","Sun Sep 21 12:35:21 GMT 2025","0","","","","ServicesUnitTests.ValidatorTests.PlayerProfileValidatorTests","ServicesUnitTests.ValidatorTests.PlayerProfileValidatorTests.CheckAccountCreation(comp: AccountCreationData { Account = CompetitiveBackend.Core.Objects.Account, Password = 123456a }, expected: False)","ServicesUnitTests.ValidatorTests.PlayerProfileValidatorTests.CheckAccountCreation(AccountCreationData comp, Boolean expected)",""
"passed","Sun Sep 21 12:35:21 GMT 2025","Sun Sep 21 12:35:21 GMT 2025","5","","","","ServicesUnitTests.ServiceTests.RewardDescriptionServiceTests","ServicesUnitTests.ServiceTests.RewardDescriptionServiceTests.RewardDescriptionServiceTests_GetRewardIcon","ServicesUnitTests.ServiceTests.RewardDescriptionServiceTests.RewardDescriptionServiceTests_GetRewardIcon",""
"passed","Sun Sep 21 12:37:51 GMT 2025","Sun Sep 21 12:37:52 GMT 2025","1536","","","","RepositoriesTests.RepositoriesTests.CompetitionLevelRepositoryTests","RepositoriesTests.RepositoriesTests.CompetitionLevelRepositoryTests.UpdateCompetitionLevel_Failure","RepositoriesTests.RepositoriesTests.CompetitionLevelRepositoryTests.UpdateCompetitionLevel_Failure",""
"passed","Sun Sep 21 12:36:45 GMT 2025","Sun Sep 21 12:36:48 GMT 2025","3472","","","","RepositoriesTests.RepositoriesTests.PlayerParticipationRepositoryTests","RepositoriesTests.RepositoriesTests.PlayerParticipationRepositoryTests.CreateParticipationTest","RepositoriesTests.RepositoriesTests.PlayerParticipationRepositoryTests.CreateParticipationTest",""
"passed","Sun Sep 21 12:37:29 GMT 2025","Sun Sep 21 12:37:31 GMT 2025","1746","","","","RepositoriesTests.RepositoriesTests.PlayerProfileRepositoryUnitTests","RepositoriesTests.RepositoriesTests.PlayerProfileRepositoryUnitTests.UpdatePlayerProfileImage_Success","RepositoriesTests.RepositoriesTests.PlayerProfileRepositoryUnitTests.UpdatePlayerProfileImage_Success",""
"passed","Sun Sep 21 12:35:21 GMT 2025","Sun Sep 21 12:35:21 GMT 2025","1","","","","ServicesUnitTests.ValidatorTests.CompetitionValidatorTests","ServicesUnitTests.ValidatorTests.CompetitionValidatorTests.CheckOK(comp: Competition { Description = ""**********"", EndDate = 2024-01-01T01:10:01.0000000, Id = null, Name = ""Abondus"", StartDate = 2025-01-01T01:01:01.0000000 }, expected: False)","ServicesUnitTests.ValidatorTests.CompetitionValidatorTests.CheckOK(Competition comp, Boolean expected)",""
"passed","Sun Sep 21 12:37:29 GMT 2025","Sun Sep 21 12:37:32 GMT 2025","2769","","","","RepositoriesTests.RepositoriesTests.CompetitionLevelRepositoryTests","RepositoriesTests.RepositoriesTests.CompetitionLevelRepositoryTests.DeleteCompetitionLevelData(idx: 3)","RepositoriesTests.RepositoriesTests.CompetitionLevelRepositoryTests.DeleteCompetitionLevelData(Int32 idx)",""
"passed","Sun Sep 21 12:35:21 GMT 2025","Sun Sep 21 12:35:21 GMT 2025","1","","","","ServicesUnitTests.ValidatorTests.PasswordConstraintTests","ServicesUnitTests.ValidatorTests.PasswordConstraintTests.LettersPasswordTest(password: ""1234__"", isValid: False)","ServicesUnitTests.ValidatorTests.PasswordConstraintTests.LettersPasswordTest(String password, Boolean isValid)",""
"passed","Sun Sep 21 12:35:21 GMT 2025","Sun Sep 21 12:35:21 GMT 2025","4","","","","ServicesUnitTests.ServiceTests.CompetitionServiceTests","ServicesUnitTests.ServiceTests.CompetitionServiceTests.CompetitionServiceTests_CreateCompetition_Bad2","ServicesUnitTests.ServiceTests.CompetitionServiceTests.CompetitionServiceTests_CreateCompetition_Bad2",""
"passed","Sun Sep 21 12:35:21 GMT 2025","Sun Sep 21 12:35:21 GMT 2025","2","","","","ServicesUnitTests.ValidatorTests.PlayerProfileValidatorTests","ServicesUnitTests.ValidatorTests.PlayerProfileValidatorTests.CheckAccountCreation(comp: AccountCreationData { Account = CompetitiveBackend.Core.Objects.Account, Password = 123456a }, expected: False)","ServicesUnitTests.ValidatorTests.PlayerProfileValidatorTests.CheckAccountCreation(AccountCreationData comp, Boolean expected)",""
"passed","Sun Sep 21 12:36:00 GMT 2025","Sun Sep 21 12:36:17 GMT 2025","17640","","","","RepositoriesTests.RepositoriesTests.SessionRepositoryUnitTests","RepositoriesTests.RepositoriesTests.SessionRepositoryUnitTests.CreateSessionTokenFor_Failure","RepositoriesTests.RepositoriesTests.SessionRepositoryUnitTests.CreateSessionTokenFor_Failure",""
"passed","Sun Sep 21 12:35:21 GMT 2025","Sun Sep 21 12:35:21 GMT 2025","0","","","","ServicesUnitTests.ValidatorTests.PasswordConstraintTests","ServicesUnitTests.ValidatorTests.PasswordConstraintTests.LengthPasswordTest(password: ""123"", isValid: False)","ServicesUnitTests.ValidatorTests.PasswordConstraintTests.LengthPasswordTest(String password, Boolean isValid)",""
"passed","Sun Sep 21 12:35:22 GMT 2025","Sun Sep 21 12:35:22 GMT 2025","5","","","","ServicesUnitTests.ServiceTests.AuthServiceTests","ServicesUnitTests.ServiceTests.AuthServiceTests.AuthService_LogIn_RepositoryException","ServicesUnitTests.ServiceTests.AuthServiceTests.AuthService_LogIn_RepositoryException",""
"passed","Sun Sep 21 12:35:21 GMT 2025","Sun Sep 21 12:35:21 GMT 2025","1","","","","ServicesUnitTests.ValidatorTests.PlayerProfileValidatorTests","ServicesUnitTests.ValidatorTests.PlayerProfileValidatorTests.CheckAccountCreation(comp: AccountCreationData { Account = CompetitiveBackend.Core.Objects.Account, Password = 123456a }, expected: False)","ServicesUnitTests.ValidatorTests.PlayerProfileValidatorTests.CheckAccountCreation(AccountCreationData comp, Boolean expected)",""
"passed","Sun Sep 21 12:38:00 GMT 2025","Sun Sep 21 12:38:02 GMT 2025","1456","","","","RepositoriesTests.RepositoriesTests.CompetitionRepositoryUnitTests","RepositoriesTests.RepositoriesTests.CompetitionRepositoryUnitTests.GetAllCompetitions_Empty(dt: DataLimiter { PartitionIndex = 1, Partition = 1, HasNoLimit = False, FirstIndex = 1, LastIndex = 2 })","RepositoriesTests.RepositoriesTests.CompetitionRepositoryUnitTests.GetAllCompetitions_Empty(DataLimiter dt)",""
"passed","Sun Sep 21 12:35:21 GMT 2025","Sun Sep 21 12:35:21 GMT 2025","2","","","","ServicesUnitTests.ValidatorTests.PlayerProfileValidatorTests","ServicesUnitTests.ValidatorTests.PlayerProfileValidatorTests.CheckAccountCreation(comp: AccountCreationData { Account = CompetitiveBackend.Core.Objects.Account, Password = 123a5678 }, expected: False)","ServicesUnitTests.ValidatorTests.PlayerProfileValidatorTests.CheckAccountCreation(AccountCreationData comp, Boolean expected)",""
"passed","Sun Sep 21 12:36:33 GMT 2025","Sun Sep 21 12:36:37 GMT 2025","3723","","","","RepositoriesTests.RepositoriesTests.AccountRepositoryUnitTests","RepositoriesTests.RepositoriesTests.AccountRepositoryUnitTests.GetAccount_Success_Login","RepositoriesTests.RepositoriesTests.AccountRepositoryUnitTests.GetAccount_Success_Login",""
"passed","Sun Sep 21 12:37:42 GMT 2025","Sun Sep 21 12:37:43 GMT 2025","1560","","","","RepositoriesTests.RepositoriesTests.CompetitionLevelRepositoryTests","RepositoriesTests.RepositoriesTests.CompetitionLevelRepositoryTests.GetAllLevelData_Empty","RepositoriesTests.RepositoriesTests.CompetitionLevelRepositoryTests.GetAllLevelData_Empty",""
"passed","Sun Sep 21 12:35:21 GMT 2025","Sun Sep 21 12:35:21 GMT 2025","5","","","","ServicesUnitTests.ServiceTests.RewardDescriptionServiceTests","ServicesUnitTests.ServiceTests.RewardDescriptionServiceTests.RewardDescriptionServiceTests_CreateRewardDescription","ServicesUnitTests.ServiceTests.RewardDescriptionServiceTests.RewardDescriptionServiceTests_CreateRewardDescription",""
"passed","Sun Sep 21 12:37:08 GMT 2025","Sun Sep 21 12:37:11 GMT 2025","3104","","","","RepositoriesTests.RepositoriesTests.CompetitionLevelRepositoryTests","RepositoriesTests.RepositoriesTests.CompetitionLevelRepositoryTests.UpdateCompetitionLevelData(idx: 2)","RepositoriesTests.RepositoriesTests.CompetitionLevelRepositoryTests.UpdateCompetitionLevelData(Int32 idx)",""
"passed","Sun Sep 21 12:36:22 GMT 2025","Sun Sep 21 12:36:27 GMT 2025","5038","","","","RepositoriesTests.RepositoriesTests.CompetitionRewardRepositoryTests","RepositoriesTests.RepositoriesTests.CompetitionRewardRepositoryTests.UpdateCompetitionReward(cond: RankGrantCondition { maxRank = 0.5, minRank = 0, Type = ""rank"" }, idx: 2)","RepositoriesTests.RepositoriesTests.CompetitionRewardRepositoryTests.UpdateCompetitionReward(GrantCondition cond, Int32 idx)",""
"passed","Sun Sep 21 12:35:21 GMT 2025","Sun Sep 21 12:35:21 GMT 2025","3","","","","ServicesUnitTests.ValidatorTests.PasswordConstraintTests","ServicesUnitTests.ValidatorTests.PasswordConstraintTests.LengthPasswordTest(password: """", isValid: False)","ServicesUnitTests.ValidatorTests.PasswordConstraintTests.LengthPasswordTest(String password, Boolean isValid)",""
"passed","Sun Sep 21 12:38:21 GMT 2025","Sun Sep 21 12:38:22 GMT 2025","1490","","","","RepositoriesTests.RepositoriesTests.CompetitionRepositoryUnitTests","RepositoriesTests.RepositoriesTests.CompetitionRepositoryUnitTests.GetAllCompetitions_Basic(dt: DataLimiter { PartitionIndex = 0, Partition = 0, HasNoLimit = True, FirstIndex = 0, LastIndex = 0 })","RepositoriesTests.RepositoriesTests.CompetitionRepositoryUnitTests.GetAllCompetitions_Basic(DataLimiter dt)",""
"passed","Sun Sep 21 12:35:59 GMT 2025","Sun Sep 21 12:36:17 GMT 2025","18207","","","","RepositoriesTests.RepositoriesTests.PlayerParticipationRepositoryTests","RepositoriesTests.RepositoriesTests.PlayerParticipationRepositoryTests.UpdateParticipationTest","RepositoriesTests.RepositoriesTests.PlayerParticipationRepositoryTests.UpdateParticipationTest",""
"passed","Sun Sep 21 12:37:22 GMT 2025","Sun Sep 21 12:37:24 GMT 2025","2697","","","","RepositoriesTests.RepositoriesTests.PlayerParticipationRepositoryTests","RepositoriesTests.RepositoriesTests.PlayerParticipationRepositoryTests.GetPlayerParticipations(dt: DataLimiter { PartitionIndex = 0, Partition = 0, HasNoLimit = True, FirstIndex = 0, LastIndex = 0 }, bindPlayer: True, bindCompetition: True)","RepositoriesTests.RepositoriesTests.PlayerParticipationRepositoryTests.GetPlayerParticipations(DataLimiter dt, Boolean bindPlayer, Boolean bindCompetition)",""
"passed","Sun Sep 21 12:36:18 GMT 2025","Sun Sep 21 12:36:23 GMT 2025","5616","","","","RepositoriesTests.RepositoriesTests.AccountRepositoryUnitTests","RepositoriesTests.RepositoriesTests.AccountRepositoryUnitTests.GetAccount_Success_ID","RepositoriesTests.RepositoriesTests.AccountRepositoryUnitTests.GetAccount_Success_ID",""
"passed","Sun Sep 21 12:37:37 GMT 2025","Sun Sep 21 12:37:39 GMT 2025","2760","","","","RepositoriesTests.RepositoriesTests.PlayerProfileRepositoryUnitTests","RepositoriesTests.RepositoriesTests.PlayerProfileRepositoryUnitTests.UpdatePlayerProfile_Failure","RepositoriesTests.RepositoriesTests.PlayerProfileRepositoryUnitTests.UpdatePlayerProfile_Failure",""
"passed","Sun Sep 21 12:38:00 GMT 2025","Sun Sep 21 12:38:02 GMT 2025","2643","","","","RepositoriesTests.RepositoriesTests.PlayerRewardRepositoryBasicTests","RepositoriesTests.RepositoriesTests.PlayerRewardRepositoryBasicTests.GetPlayerRewards_Success(dt: DataLimiter { PartitionIndex = 0, Partition = 0, HasNoLimit = True, FirstIndex = 0, LastIndex = 0 })","RepositoriesTests.RepositoriesTests.PlayerRewardRepositoryBasicTests.GetPlayerRewards_Success(DataLimiter dt)",""
"passed","Sun Sep 21 12:36:18 GMT 2025","Sun Sep 21 12:36:22 GMT 2025","4543","","","","RepositoriesTests.RepositoriesTests.CompetitionRewardRepositoryTests","RepositoriesTests.RepositoriesTests.CompetitionRewardRepositoryTests.UpdateCompetitionReward(cond: RankGrantCondition { maxRank = 1, minRank = 0.5, Type = ""rank"" }, idx: 1)","RepositoriesTests.RepositoriesTests.CompetitionRewardRepositoryTests.UpdateCompetitionReward(GrantCondition cond, Int32 idx)",""
"passed","Sun Sep 21 12:35:21 GMT 2025","Sun Sep 21 12:35:21 GMT 2025","36","","","","ServicesUnitTests.ServiceTests.CompetitionRewardSchedulerTests","ServicesUnitTests.ServiceTests.CompetitionRewardSchedulerTests.CompetitionRewardSchedulerTests_OnRecievedMessage_Ok","ServicesUnitTests.ServiceTests.CompetitionRewardSchedulerTests.CompetitionRewardSchedulerTests_OnRecievedMessage_Ok",""
"passed","Sun Sep 21 12:37:47 GMT 2025","Sun Sep 21 12:37:49 GMT 2025","1542","","","","RepositoriesTests.RepositoriesTests.PlayerRewardRepositoryBasicTests","RepositoriesTests.RepositoriesTests.PlayerRewardRepositoryBasicTests.AddReward_Success","RepositoriesTests.RepositoriesTests.PlayerRewardRepositoryBasicTests.AddReward_Success",""
"passed","Sun Sep 21 12:37:19 GMT 2025","Sun Sep 21 12:37:21 GMT 2025","2649","","","","RepositoriesTests.RepositoriesTests.CompetitionRewardRepositoryTests","RepositoriesTests.RepositoriesTests.CompetitionRewardRepositoryTests.AddCompetitionReward_Alien","RepositoriesTests.RepositoriesTests.CompetitionRewardRepositoryTests.AddCompetitionReward_Alien",""
"passed","Sun Sep 21 12:35:21 GMT 2025","Sun Sep 21 12:35:21 GMT 2025","1","","","","ServicesUnitTests.ValidatorTests.PlayerProfileValidatorTests","ServicesUnitTests.ValidatorTests.PlayerProfileValidatorTests.CheckAccountCreation(comp: AccountCreationData { Account = CompetitiveBackend.Core.Objects.Account, Password = 12345678a }, expected: False)","ServicesUnitTests.ValidatorTests.PlayerProfileValidatorTests.CheckAccountCreation(AccountCreationData comp, Boolean expected)",""
"passed","Sun Sep 21 12:36:28 GMT 2025","Sun Sep 21 12:36:32 GMT 2025","4130","","","","RepositoriesTests.RepositoriesTests.SessionRepositoryUnitTests","RepositoriesTests.RepositoriesTests.SessionRepositoryUnitTests.CreateSessionToken_Unknown","RepositoriesTests.RepositoriesTests.SessionRepositoryUnitTests.CreateSessionToken_Unknown",""
"passed","Sun Sep 21 12:37:54 GMT 2025","Sun Sep 21 12:37:55 GMT 2025","1527","","","","RepositoriesTests.RepositoriesTests.PlayerRewardRepositoryBasicTests","RepositoriesTests.RepositoriesTests.PlayerRewardRepositoryBasicTests.GetPlayerRewards_Success(dt: DataLimiter { PartitionIndex = 0, Partition = 2, HasNoLimit = False, FirstIndex = 0, LastIndex = 2 })","RepositoriesTests.RepositoriesTests.PlayerRewardRepositoryBasicTests.GetPlayerRewards_Success(DataLimiter dt)",""
"passed","Sun Sep 21 12:35:22 GMT 2025","Sun Sep 21 12:35:22 GMT 2025","9","","","","ServicesUnitTests.ServiceTests.CompetitionRewardServiceTests","ServicesUnitTests.ServiceTests.CompetitionRewardServiceTests.CompetitionRewardServiceTests_UpdateCompetitionReward","ServicesUnitTests.ServiceTests.CompetitionRewardServiceTests.CompetitionRewardServiceTests_UpdateCompetitionReward",""
"passed","Sun Sep 21 12:35:21 GMT 2025","Sun Sep 21 12:35:21 GMT 2025","34","","","","ServicesUnitTests.ServiceTests.RewardDescriptionServiceTests","ServicesUnitTests.ServiceTests.RewardDescriptionServiceTests.RewardDescriptionServiceTests_GetAllRewardDescriptions","ServicesUnitTests.ServiceTests.RewardDescriptionServiceTests.RewardDescriptionServiceTests_GetAllRewardDescriptions",""
"passed","Sun Sep 21 12:35:21 GMT 2025","Sun Sep 21 12:35:21 GMT 2025","1","","","","ServicesUnitTests.ValidatorTests.PlayerProfileValidatorTests","ServicesUnitTests.ValidatorTests.PlayerProfileValidatorTests.CheckPlayerProfile(comp: PlayerProfile { Description = ""*"", Id = 0, Name = ""*****************"" }, expected: False)","ServicesUnitTests.ValidatorTests.PlayerProfileValidatorTests.CheckPlayerProfile(PlayerProfile comp, Boolean expected)",""
"passed","Sun Sep 21 12:35:21 GMT 2025","Sun Sep 21 12:35:21 GMT 2025","0","","","","ServicesUnitTests.ValidatorTests.PlayerProfileValidatorTests","ServicesUnitTests.ValidatorTests.PlayerProfileValidatorTests.CheckPlayerProfile(comp: PlayerProfile { Description = ""*****************"", Id = 0, Name = ""****************"" }, expected: False)","ServicesUnitTests.ValidatorTests.PlayerProfileValidatorTests.CheckPlayerProfile(PlayerProfile comp, Boolean expected)",""
"passed","Sun Sep 21 12:35:21 GMT 2025","Sun Sep 21 12:35:21 GMT 2025","1","","","","ServicesUnitTests.ValidatorTests.PasswordConstraintTests","ServicesUnitTests.ValidatorTests.PasswordConstraintTests.LengthPasswordTest(password: ""12345"", isValid: True)","ServicesUnitTests.ValidatorTests.PasswordConstraintTests.LengthPasswordTest(String password, Boolean isValid)",""
"passed","Sun Sep 21 12:35:21 GMT 2025","Sun Sep 21 12:35:21 GMT 2025","1","","","","ServicesUnitTests.ValidatorTests.PlayerProfileValidatorTests","ServicesUnitTests.ValidatorTests.PlayerProfileValidatorTests.CheckAccountCreation(comp: AccountCreationData { Account = CompetitiveBackend.Core.Objects.Account, Password = 1234 }, expected: False)","ServicesUnitTests.ValidatorTests.PlayerProfileValidatorTests.CheckAccountCreation(AccountCreationData comp, Boolean expected)",""
"passed","Sun Sep 21 12:37:37 GMT 2025","Sun Sep 21 12:37:40 GMT 2025","2841","","","","RepositoriesTests.RepositoriesTests.PlayerParticipationRepositoryTests","RepositoriesTests.RepositoriesTests.PlayerParticipationRepositoryTests.DeleteParticipation_Failure","RepositoriesTests.RepositoriesTests.PlayerParticipationRepositoryTests.DeleteParticipation_Failure",""
"passed","Sun Sep 21 12:35:22 GMT 2025","Sun Sep 21 12:35:22 GMT 2025","5","","","","ServicesUnitTests.ServiceTests.CompetitionRewardServiceTests","ServicesUnitTests.ServiceTests.CompetitionRewardServiceTests.CompetitionRewardServiceTests_CreateCompetitionReward","ServicesUnitTests.ServiceTests.CompetitionRewardServiceTests.CompetitionRewardServiceTests_CreateCompetitionReward",""
"passed","Sun Sep 21 12:38:04 GMT 2025","Sun Sep 21 12:38:06 GMT 2025","1391","","","","RepositoriesTests.RepositoriesTests.CompetitionRepositoryUnitTests","RepositoriesTests.RepositoriesTests.CompetitionRepositoryUnitTests.UpdateCompetition_Failure2","RepositoriesTests.RepositoriesTests.CompetitionRepositoryUnitTests.UpdateCompetition_Failure2",""
"passed","Sun Sep 21 12:35:21 GMT 2025","Sun Sep 21 12:35:21 GMT 2025","2","","","","ServicesUnitTests.ValidatorTests.PlayerProfileValidatorTests","ServicesUnitTests.ValidatorTests.PlayerProfileValidatorTests.CheckAccountCreation(comp: AccountCreationData { Account = CompetitiveBackend.Core.Objects.Account, Password = 12345678a }, expected: True)","ServicesUnitTests.ValidatorTests.PlayerProfileValidatorTests.CheckAccountCreation(AccountCreationData comp, Boolean expected)",""
"passed","Sun Sep 21 12:36:30 GMT 2025","Sun Sep 21 12:36:33 GMT 2025","3783","","","","RepositoriesTests.RepositoriesTests.PlayerParticipationRepositoryTests","RepositoriesTests.RepositoriesTests.PlayerParticipationRepositoryTests.GetParticipation(bindPlayer: False, bindCompetition: False)","RepositoriesTests.RepositoriesTests.PlayerParticipationRepositoryTests.GetParticipation(Boolean bindPlayer, Boolean bindCompetition)",""
"passed","Sun Sep 21 12:37:16 GMT 2025","Sun Sep 21 12:37:19 GMT 2025","2786","","","","RepositoriesTests.RepositoriesTests.CompetitionRewardRepositoryTests","RepositoriesTests.RepositoriesTests.CompetitionRewardRepositoryTests.UpdateCompetitionReward_Alien","RepositoriesTests.RepositoriesTests.CompetitionRewardRepositoryTests.UpdateCompetitionReward_Alien",""
"passed","Sun Sep 21 12:37:24 GMT 2025","Sun Sep 21 12:37:27 GMT 2025","2702","","","","RepositoriesTests.RepositoriesTests.PlayerParticipationRepositoryTests","RepositoriesTests.RepositoriesTests.PlayerParticipationRepositoryTests.GetPlayerParticipations(dt: DataLimiter { PartitionIndex = 1, Partition = 2, HasNoLimit = False, FirstIndex = 2, LastIndex = 4 }, bindPlayer: False, bindCompetition: False)","RepositoriesTests.RepositoriesTests.PlayerParticipationRepositoryTests.GetPlayerParticipations(DataLimiter dt, Boolean bindPlayer, Boolean bindCompetition)",""
"passed","Sun Sep 21 12:37:41 GMT 2025","Sun Sep 21 12:37:43 GMT 2025","1558","","","","RepositoriesTests.RepositoriesTests.PlayerProfileRepositoryUnitTests","RepositoriesTests.RepositoriesTests.PlayerProfileRepositoryUnitTests.GetPlayerProfile_Success","RepositoriesTests.RepositoriesTests.PlayerProfileRepositoryUnitTests.GetPlayerProfile_Success",""
"passed","Sun Sep 21 12:36:56 GMT 2025","Sun Sep 21 12:36:59 GMT 2025","2863","","","","RepositoriesTests.RepositoriesTests.CompetitionLevelRepositoryTests","RepositoriesTests.RepositoriesTests.CompetitionLevelRepositoryTests.GetLevelDataTests(platform: ""Missigno"", maxVersion: 10, data: null)","RepositoriesTests.RepositoriesTests.CompetitionLevelRepositoryTests.GetLevelDataTests(String platform, Nullable<Int32> maxVersion, Byte[] data)",""
"passed","Sun Sep 21 12:35:22 GMT 2025","Sun Sep 21 12:35:22 GMT 2025","3","","","","ServicesUnitTests.ServiceTests.PlayerProfileServiceTests","ServicesUnitTests.ServiceTests.PlayerProfileServiceTests.PlayerProfileService_GetPlayerProfile","ServicesUnitTests.ServiceTests.PlayerProfileServiceTests.PlayerProfileService_GetPlayerProfile",""
"passed","Sun Sep 21 12:36:53 GMT 2025","Sun Sep 21 12:36:56 GMT 2025","3049","","","","RepositoriesTests.RepositoriesTests.CompetitionLevelRepositoryTests","RepositoriesTests.RepositoriesTests.CompetitionLevelRepositoryTests.GetLevelDataTests(platform: ""Android"", maxVersion: 0, data: null)","RepositoriesTests.RepositoriesTests.CompetitionLevelRepositoryTests.GetLevelDataTests(String platform, Nullable<Int32> maxVersion, Byte[] data)",""
"passed","Sun Sep 21 12:38:09 GMT 2025","Sun Sep 21 12:38:10 GMT 2025","1402","","","","RepositoriesTests.RepositoriesTests.CompetitionRepositoryUnitTests","RepositoriesTests.RepositoriesTests.CompetitionRepositoryUnitTests.UpdateCompetition_Failure","RepositoriesTests.RepositoriesTests.CompetitionRepositoryUnitTests.UpdateCompetition_Failure",""
"passed","Sun Sep 21 12:37:34 GMT 2025","Sun Sep 21 12:37:37 GMT 2025","2757","","","","RepositoriesTests.RepositoriesTests.PlayerParticipationRepositoryTests","RepositoriesTests.RepositoriesTests.PlayerParticipationRepositoryTests.DeleteParticipation","RepositoriesTests.RepositoriesTests.PlayerParticipationRepositoryTests.DeleteParticipation",""
"passed","Sun Sep 21 12:37:57 GMT 2025","Sun Sep 21 12:37:58 GMT 2025","1535","","","","RepositoriesTests.RepositoriesTests.PlayerRewardRepositoryBasicTests","RepositoriesTests.RepositoriesTests.PlayerRewardRepositoryBasicTests.GetPlayerRewards_Success(dt: DataLimiter { PartitionIndex = 1, Partition = 1, HasNoLimit = False, FirstIndex = 1, LastIndex = 2 })","RepositoriesTests.RepositoriesTests.PlayerRewardRepositoryBasicTests.GetPlayerRewards_Success(DataLimiter dt)",""
"passed","Sun Sep 21 12:35:21 GMT 2025","Sun Sep 21 12:35:21 GMT 2025","0","","","","ServicesUnitTests.ValidatorTests.PlayerProfileValidatorTests","ServicesUnitTests.ValidatorTests.PlayerProfileValidatorTests.CheckAccountCreation(comp: AccountCreationData { Account = CompetitiveBackend.Core.Objects.Account, Password = 12345678 }, expected: False)","ServicesUnitTests.ValidatorTests.PlayerProfileValidatorTests.CheckAccountCreation(AccountCreationData comp, Boolean expected)",""
"passed","Sun Sep 21 12:35:22 GMT 2025","Sun Sep 21 12:35:22 GMT 2025","6","","","","ServicesUnitTests.ServiceTests.PlayerParticipationServiceTests","ServicesUnitTests.ServiceTests.PlayerParticipationServiceTests.PlayerParticipationServiceTests_GetLeaderboard","ServicesUnitTests.ServiceTests.PlayerParticipationServiceTests.PlayerParticipationServiceTests_GetLeaderboard",""
"passed","Sun Sep 21 12:38:12 GMT 2025","Sun Sep 21 12:38:13 GMT 2025","1461","","","","RepositoriesTests.RepositoriesTests.CompetitionRepositoryUnitTests","RepositoriesTests.RepositoriesTests.CompetitionRepositoryUnitTests.GetCompetition_Failure","RepositoriesTests.RepositoriesTests.CompetitionRepositoryUnitTests.GetCompetition_Failure",""
"passed","Sun Sep 21 12:36:46 GMT 2025","Sun Sep 21 12:36:49 GMT 2025","3225","","","","RepositoriesTests.RepositoriesTests.GranterTests.BasicRewardGranterTests","RepositoriesTests.RepositoriesTests.GranterTests.BasicRewardGranterTests.GrantRewardsByRank(minRank: 0.25, maxRank: 0.75)","RepositoriesTests.RepositoriesTests.GranterTests.BasicRewardGranterTests.GrantRewardsByRank(Single minRank, Single maxRank)",""
"passed","Sun Sep 21 12:36:40 GMT 2025","Sun Sep 21 12:36:43 GMT 2025","3920","","","","RepositoriesTests.RepositoriesTests.CompetitionRewardRepositoryTests","RepositoriesTests.RepositoriesTests.CompetitionRewardRepositoryTests.AddCompetitionReward_DifferentRanks(cond: RankGrantCondition { maxRank = 1, minRank = 0, Type = ""rank"" }, idx: 0)","RepositoriesTests.RepositoriesTests.CompetitionRewardRepositoryTests.AddCompetitionReward_DifferentRanks(GrantCondition cond, Int32 idx)",""
"passed","Sun Sep 21 12:35:21 GMT 2025","Sun Sep 21 12:35:22 GMT 2025","6","","","","ServicesUnitTests.ServiceTests.PlayerParticipationServiceTests","ServicesUnitTests.ServiceTests.PlayerParticipationServiceTests.PlayerParticipationServiceTests_GetParticipation","ServicesUnitTests.ServiceTests.PlayerParticipationServiceTests.PlayerParticipationServiceTests_GetParticipation",""
"passed","Sun Sep 21 12:35:21 GMT 2025","Sun Sep 21 12:35:21 GMT 2025","47","","","","ServicesUnitTests.ValidatorTests.PlayerProfileValidatorTests","ServicesUnitTests.ValidatorTests.PlayerProfileValidatorTests.CheckPlayerProfile(comp: PlayerProfile { Description = ""*"", Id = 0, Name = ""**********"" }, expected: True)","ServicesUnitTests.ValidatorTests.PlayerProfileValidatorTests.CheckPlayerProfile(PlayerProfile comp, Boolean expected)",""
"passed","Sun Sep 21 12:35:21 GMT 2025","Sun Sep 21 12:35:21 GMT 2025","12","","","","ServicesUnitTests.ServiceTests.CompetitionRewardSchedulerTests","ServicesUnitTests.ServiceTests.CompetitionRewardSchedulerTests.CompetitionRewardSchedulerTests_OnCompetitionUpdated","ServicesUnitTests.ServiceTests.CompetitionRewardSchedulerTests.CompetitionRewardSchedulerTests_OnCompetitionUpdated",""
"passed","Sun Sep 21 12:35:21 GMT 2025","Sun Sep 21 12:35:21 GMT 2025","0","","","","ServicesUnitTests.ValidatorTests.PlayerProfileValidatorTests","ServicesUnitTests.ValidatorTests.PlayerProfileValidatorTests.CheckAccountCreation(comp: AccountCreationData { Account = CompetitiveBackend.Core.Objects.Account, Password = 1234 }, expected: False)","ServicesUnitTests.ValidatorTests.PlayerProfileValidatorTests.CheckAccountCreation(AccountCreationData comp, Boolean expected)",""
"passed","Sun Sep 21 12:37:35 GMT 2025","Sun Sep 21 12:37:37 GMT 2025","2793","","","","RepositoriesTests.RepositoriesTests.CompetitionLevelRepositoryTests","RepositoriesTests.RepositoriesTests.CompetitionLevelRepositoryTests.GetSpecificLevelData(idx: 1)","RepositoriesTests.RepositoriesTests.CompetitionLevelRepositoryTests.GetSpecificLevelData(Int32 idx)",""
"passed","Sun Sep 21 12:35:21 GMT 2025","Sun Sep 21 12:35:21 GMT 2025","6","","","","ServicesUnitTests.ServiceTests.PlayerParticipationServiceTests","ServicesUnitTests.ServiceTests.PlayerParticipationServiceTests.PlayerParticipationServiceTests_GetPlayerParticipations","ServicesUnitTests.ServiceTests.PlayerParticipationServiceTests.PlayerParticipationServiceTests_GetPlayerParticipations",""
"passed","Sun Sep 21 12:37:00 GMT 2025","Sun Sep 21 12:37:04 GMT 2025","3188","","","","RepositoriesTests.RepositoriesTests.CompetitionRewardRepositoryTests","RepositoriesTests.RepositoriesTests.CompetitionRewardRepositoryTests.GetCompetitionRewards_Success(idx: 3)","RepositoriesTests.RepositoriesTests.CompetitionRewardRepositoryTests.GetCompetitionRewards_Success(Int32 idx)",""
"passed","Sun Sep 21 12:38:15 GMT 2025","Sun Sep 21 12:38:16 GMT 2025","1474","","","","RepositoriesTests.RepositoriesTests.CompetitionRepositoryUnitTests","RepositoriesTests.RepositoriesTests.CompetitionRepositoryUnitTests.GetAllCompetitions_Basic(dt: DataLimiter { PartitionIndex = 0, Partition = 2, HasNoLimit = False, FirstIndex = 0, LastIndex = 2 })","RepositoriesTests.RepositoriesTests.CompetitionRepositoryUnitTests.GetAllCompetitions_Basic(DataLimiter dt)",""
"passed","Sun Sep 21 12:36:18 GMT 2025","Sun Sep 21 12:36:23 GMT 2025","5214","","","","RepositoriesTests.RepositoriesTests.RewardDescriptionRepositoryTests","RepositoriesTests.RepositoriesTests.RewardDescriptionRepositoryTests.GetRewardIcon_Failure","RepositoriesTests.RepositoriesTests.RewardDescriptionRepositoryTests.GetRewardIcon_Failure",""
"passed","Sun Sep 21 12:35:21 GMT 2025","Sun Sep 21 12:35:21 GMT 2025","0","","","","ServicesUnitTests.ValidatorTests.PlayerProfileValidatorTests","ServicesUnitTests.ValidatorTests.PlayerProfileValidatorTests.CheckAccountCreation(comp: AccountCreationData { Account = CompetitiveBackend.Core.Objects.Account, Password = 12345678a }, expected: False)","ServicesUnitTests.ValidatorTests.PlayerProfileValidatorTests.CheckAccountCreation(AccountCreationData comp, Boolean expected)",""
"passed","Sun Sep 21 12:35:21 GMT 2025","Sun Sep 21 12:35:21 GMT 2025","6","","","","ServicesUnitTests.ServiceTests.PlayerRewardServiceTests","ServicesUnitTests.ServiceTests.PlayerRewardServiceTests.PlayerRewardServiceTest_GrantRewardToPlayer","ServicesUnitTests.ServiceTests.PlayerRewardServiceTests.PlayerRewardServiceTest_GrantRewardToPlayer",""
"passed","Sun Sep 21 12:36:34 GMT 2025","Sun Sep 21 12:36:38 GMT 2025","4046","","","","RepositoriesTests.RepositoriesTests.GranterTests.BasicRewardGranterTests","RepositoriesTests.RepositoriesTests.GranterTests.BasicRewardGranterTests.GrantRewardsByRank(minRank: 0, maxRank: 1)","RepositoriesTests.RepositoriesTests.GranterTests.BasicRewardGranterTests.GrantRewardsByRank(Single minRank, Single maxRank)",""
"passed","Sun Sep 21 12:36:51 GMT 2025","Sun Sep 21 12:36:54 GMT 2025","3054","","","","RepositoriesTests.RepositoriesTests.PlayerParticipationRepositoryTests","RepositoriesTests.RepositoriesTests.PlayerParticipationRepositoryTests.GetLeaderboard(dt: DataLimiter { PartitionIndex = 0, Partition = 0, HasNoLimit = True, FirstIndex = 0, LastIndex = 0 }, bindPlayer: True, bindCompetition: False)","RepositoriesTests.RepositoriesTests.PlayerParticipationRepositoryTests.GetLeaderboard(DataLimiter dt, Boolean bindPlayer, Boolean bindCompetition)",""
"passed","Sun Sep 21 12:35:21 GMT 2025","Sun Sep 21 12:35:21 GMT 2025","3","","","","ServicesUnitTests.ServiceTests.RewardDescriptionServiceTests","ServicesUnitTests.ServiceTests.RewardDescriptionServiceTests.RewardDescriptionServiceTests_UpdateRewardDescription_Ok","ServicesUnitTests.ServiceTests.RewardDescriptionServiceTests.RewardDescriptionServiceTests_UpdateRewardDescription_Ok",""
"passed","Sun Sep 21 12:37:07 GMT 2025","Sun Sep 21 12:37:10 GMT 2025","2974","","","","RepositoriesTests.RepositoriesTests.CompetitionRewardRepositoryTests","RepositoriesTests.RepositoriesTests.CompetitionRewardRepositoryTests.GetCompetitionRewards_Success(idx: 2)","RepositoriesTests.RepositoriesTests.CompetitionRewardRepositoryTests.GetCompetitionRewards_Success(Int32 idx)",""
"passed","Sun Sep 21 12:35:21 GMT 2025","Sun Sep 21 12:35:21 GMT 2025","0","","","","ServicesUnitTests.ValidatorTests.PlayerProfileValidatorTests","ServicesUnitTests.ValidatorTests.PlayerProfileValidatorTests.CheckAccountCreation(comp: AccountCreationData { Account = CompetitiveBackend.Core.Objects.Account, Password =  }, expected: False)","ServicesUnitTests.ValidatorTests.PlayerProfileValidatorTests.CheckAccountCreation(AccountCreationData comp, Boolean expected)",""
"passed","Sun Sep 21 12:36:40 GMT 2025","Sun Sep 21 12:36:44 GMT 2025","3405","","","","RepositoriesTests.RepositoriesTests.CompetitionLevelRepositoryTests","RepositoriesTests.RepositoriesTests.CompetitionLevelRepositoryTests.GetSpecificLevelDataInfo(idx: 2)","RepositoriesTests.RepositoriesTests.CompetitionLevelRepositoryTests.GetSpecificLevelDataInfo(Int32 idx)",""
"passed","Sun Sep 21 12:35:21 GMT 2025","Sun Sep 21 12:35:21 GMT 2025","6","","","","ServicesUnitTests.ServiceTests.RewardDescriptionServiceTests","ServicesUnitTests.ServiceTests.RewardDescriptionServiceTests.RewardDescriptionServiceTests_GetRewardDescription","ServicesUnitTests.ServiceTests.RewardDescriptionServiceTests.RewardDescriptionServiceTests_GetRewardDescription",""
"passed","Sun Sep 21 12:35:21 GMT 2025","Sun Sep 21 12:35:21 GMT 2025","0","","","","ServicesUnitTests.ValidatorTests.PlayerProfileValidatorTests","ServicesUnitTests.ValidatorTests.PlayerProfileValidatorTests.CheckAccountCreation(comp: AccountCreationData { Account = CompetitiveBackend.Core.Objects.Account, Password =  }, expected: False)","ServicesUnitTests.ValidatorTests.PlayerProfileValidatorTests.CheckAccountCreation(AccountCreationData comp, Boolean expected)",""
"passed","Sun Sep 21 12:35:21 GMT 2025","Sun Sep 21 12:35:21 GMT 2025","0","","","","ServicesUnitTests.ValidatorTests.PlayerProfileValidatorTests","ServicesUnitTests.ValidatorTests.PlayerProfileValidatorTests.CheckAccountCreation(comp: AccountCreationData { Account = CompetitiveBackend.Core.Objects.Account, Password = 12345678a }, expected: False)","ServicesUnitTests.ValidatorTests.PlayerProfileValidatorTests.CheckAccountCreation(AccountCreationData comp, Boolean expected)",""
"passed","Sun Sep 21 12:35:21 GMT 2025","Sun Sep 21 12:35:21 GMT 2025","3","","","","ServicesUnitTests.ServiceTests.CompetitionLevelServiceTests","ServicesUnitTests.ServiceTests.CompetitionLevelServiceTests.UpdateCompetitionLevelInfo_CallsRepositoryWithData","ServicesUnitTests.ServiceTests.CompetitionLevelServiceTests.UpdateCompetitionLevelInfo_CallsRepositoryWithData",""
"passed","Sun Sep 21 12:35:22 GMT 2025","Sun Sep 21 12:35:22 GMT 2025","3","","","","ServicesUnitTests.ServiceTests.CompetitionLevelServiceTests","ServicesUnitTests.ServiceTests.CompetitionLevelServiceTests.GetCompetitionLevelData_CallsRepositoryWithData","ServicesUnitTests.ServiceTests.CompetitionLevelServiceTests.GetCompetitionLevelData_CallsRepositoryWithData",""
"passed","Sun Sep 21 12:37:11 GMT 2025","Sun Sep 21 12:37:15 GMT 2025","3084","","","","RepositoriesTests.RepositoriesTests.CompetitionLevelRepositoryTests","RepositoriesTests.RepositoriesTests.CompetitionLevelRepositoryTests.UpdateCompetitionLevelData(idx: 1)","RepositoriesTests.RepositoriesTests.CompetitionLevelRepositoryTests.UpdateCompetitionLevelData(Int32 idx)",""
"passed","Sun Sep 21 12:36:54 GMT 2025","Sun Sep 21 12:36:57 GMT 2025","3325","","","","RepositoriesTests.RepositoriesTests.CompetitionRewardRepositoryTests","RepositoriesTests.RepositoriesTests.CompetitionRewardRepositoryTests.AddCompetitionReward_DifferentRanks(cond: PlaceGrantCondition { maxPlace = 2, minPlace = 2, Type = ""place"" }, idx: 4)","RepositoriesTests.RepositoriesTests.CompetitionRewardRepositoryTests.AddCompetitionReward_DifferentRanks(GrantCondition cond, Int32 idx)",""
"passed","Sun Sep 21 12:37:25 GMT 2025","Sun Sep 21 12:37:26 GMT 2025","1576","","","","RepositoriesTests.RepositoriesTests.CompetitionLevelRepositoryTests","RepositoriesTests.RepositoriesTests.CompetitionLevelRepositoryTests.DeleteCompetitionLevelData(idx: 2)","RepositoriesTests.RepositoriesTests.CompetitionLevelRepositoryTests.DeleteCompetitionLevelData(Int32 idx)",""
"passed","Sun Sep 21 12:35:21 GMT 2025","Sun Sep 21 12:35:21 GMT 2025","5","","","","ServicesUnitTests.ServiceTests.CompetitionServiceTests","ServicesUnitTests.ServiceTests.CompetitionServiceTests.CompetitionServiceTest_UpdateCompetition_Bad3","ServicesUnitTests.ServiceTests.CompetitionServiceTests.CompetitionServiceTest_UpdateCompetition_Bad3",""
"passed","Sun Sep 21 12:36:23 GMT 2025","Sun Sep 21 12:36:28 GMT 2025","4135","","","","RepositoriesTests.RepositoriesTests.AccountRepositoryUnitTests","RepositoriesTests.RepositoriesTests.AccountRepositoryUnitTests.GetAccount_Erroneous_Login","RepositoriesTests.RepositoriesTests.AccountRepositoryUnitTests.GetAccount_Erroneous_Login",""
"passed","Sun Sep 21 12:38:13 GMT 2025","Sun Sep 21 12:38:15 GMT 2025","1462","","","","RepositoriesTests.RepositoriesTests.CompetitionRepositoryUnitTests","RepositoriesTests.RepositoriesTests.CompetitionRepositoryUnitTests.GetAllCompetitions_Basic(dt: DataLimiter { PartitionIndex = 0, Partition = 3, HasNoLimit = False, FirstIndex = 0, LastIndex = 3 })","RepositoriesTests.RepositoriesTests.CompetitionRepositoryUnitTests.GetAllCompetitions_Basic(DataLimiter dt)",""
"passed","Sun Sep 21 12:37:07 GMT 2025","Sun Sep 21 12:37:10 GMT 2025","3091","","","","RepositoriesTests.RepositoriesTests.PlayerParticipationRepositoryTests","RepositoriesTests.RepositoriesTests.PlayerParticipationRepositoryTests.GetLeaderboard(dt: DataLimiter { PartitionIndex = 1, Partition = 2, HasNoLimit = False, FirstIndex = 2, LastIndex = 4 }, bindPlayer: False, bindCompetition: True)","RepositoriesTests.RepositoriesTests.PlayerParticipationRepositoryTests.GetLeaderboard(DataLimiter dt, Boolean bindPlayer, Boolean bindCompetition)",""
"passed","Sun Sep 21 12:35:21 GMT 2025","Sun Sep 21 12:35:21 GMT 2025","5","","","","ServicesUnitTests.ServiceTests.CompetitionRewardServiceTests","ServicesUnitTests.ServiceTests.CompetitionRewardServiceTests.CompetitionRewardServiceTests_RemoveCompetitionReward(etalon: 2)","ServicesUnitTests.ServiceTests.CompetitionRewardServiceTests.CompetitionRewardServiceTests_RemoveCompetitionReward(Int32 etalon)",""
"passed","Sun Sep 21 12:36:39 GMT 2025","Sun Sep 21 12:36:43 GMT 2025","3791","","","","RepositoriesTests.RepositoriesTests.GranterTests.StoredProcedureGranterTests","RepositoriesTests.RepositoriesTests.GranterTests.StoredProcedureGranterTests.GrantRewardsByPlace(minPlace: 1, maxPlace: 1)","RepositoriesTests.RepositoriesTests.GranterTests.StoredProcedureGranterTests.GrantRewardsByPlace(Int32 minPlace, Int32 maxPlace)",""
"passed","Sun Sep 21 12:35:21 GMT 2025","Sun Sep 21 12:35:21 GMT 2025","0","","","","ServicesUnitTests.ValidatorTests.PasswordConstraintTests","ServicesUnitTests.ValidatorTests.PasswordConstraintTests.LettersPasswordTest(password: """", isValid: False)","ServicesUnitTests.ValidatorTests.PasswordConstraintTests.LettersPasswordTest(String password, Boolean isValid)",""
"passed","Sun Sep 21 12:36:27 GMT 2025","Sun Sep 21 12:36:32 GMT 2025","4416","","","","RepositoriesTests.RepositoriesTests.CompetitionRewardRepositoryTests","RepositoriesTests.RepositoriesTests.CompetitionRewardRepositoryTests.UpdateCompetitionReward(cond: PlaceGrantCondition { maxPlace = 2, minPlace = 1, Type = ""place"" }, idx: 3)","RepositoriesTests.RepositoriesTests.CompetitionRewardRepositoryTests.UpdateCompetitionReward(GrantCondition cond, Int32 idx)",""
"passed","Sun Sep 21 12:37:49 GMT 2025","Sun Sep 21 12:37:51 GMT 2025","1537","","","","RepositoriesTests.RepositoriesTests.CompetitionLevelRepositoryTests","RepositoriesTests.RepositoriesTests.CompetitionLevelRepositoryTests.GetSpecificLevelDataInfo_Failure","RepositoriesTests.RepositoriesTests.CompetitionLevelRepositoryTests.GetSpecificLevelDataInfo_Failure",""
"passed","Sun Sep 21 12:35:22 GMT 2025","Sun Sep 21 12:35:22 GMT 2025","6","","","","ServicesUnitTests.ServiceTests.CompetitionLevelServiceTests","ServicesUnitTests.ServiceTests.CompetitionLevelServiceTests.CreateLevelData_CallsRepositoryWithCorrectParameters","ServicesUnitTests.ServiceTests.CompetitionLevelServiceTests.CreateLevelData_CallsRepositoryWithCorrectParameters",""
"passed","Sun Sep 21 12:36:57 GMT 2025","Sun Sep 21 12:37:00 GMT 2025","3096","","","","RepositoriesTests.RepositoriesTests.PlayerParticipationRepositoryTests","RepositoriesTests.RepositoriesTests.PlayerParticipationRepositoryTests.GetLeaderboard(dt: DataLimiter { PartitionIndex = 0, Partition = 0, HasNoLimit = True, FirstIndex = 0, LastIndex = 0 }, bindPlayer: True, bindCompetition: True)","RepositoriesTests.RepositoriesTests.PlayerParticipationRepositoryTests.GetLeaderboard(DataLimiter dt, Boolean bindPlayer, Boolean bindCompetition)",""
"passed","Sun Sep 21 12:35:21 GMT 2025","Sun Sep 21 12:35:21 GMT 2025","7","","","","ServicesUnitTests.ServiceTests.PlayerRewardServiceTests","ServicesUnitTests.ServiceTests.PlayerRewardServiceTests.PlayerRewardServiceTest_GetAllRewardsOf","ServicesUnitTests.ServiceTests.PlayerRewardServiceTests.PlayerRewardServiceTest_GetAllRewardsOf",""
"passed","Sun Sep 21 12:37:49 GMT 2025","Sun Sep 21 12:37:50 GMT 2025","1579","","","","RepositoriesTests.RepositoriesTests.PlayerRewardRepositoryBasicTests","RepositoriesTests.RepositoriesTests.PlayerRewardRepositoryBasicTests.DeleteReward_Failure","RepositoriesTests.RepositoriesTests.PlayerRewardRepositoryBasicTests.DeleteReward_Failure",""
"passed","Sun Sep 21 12:35:59 GMT 2025","Sun Sep 21 12:36:18 GMT 2025","18513","","","","RepositoriesTests.RepositoriesTests.RewardDescriptionRepositoryTests","RepositoriesTests.RepositoriesTests.RewardDescriptionRepositoryTests.SetRewardIcon_Success","RepositoriesTests.RepositoriesTests.RewardDescriptionRepositoryTests.SetRewardIcon_Success",""
"passed","Sun Sep 21 12:36:48 GMT 2025","Sun Sep 21 12:36:51 GMT 2025","3146","","","","RepositoriesTests.RepositoriesTests.PlayerParticipationRepositoryTests","RepositoriesTests.RepositoriesTests.PlayerParticipationRepositoryTests.GetLeaderboard(dt: DataLimiter { PartitionIndex = 0, Partition = 0, HasNoLimit = True, FirstIndex = 0, LastIndex = 0 }, bindPlayer: False, bindCompetition: False)","RepositoriesTests.RepositoriesTests.PlayerParticipationRepositoryTests.GetLeaderboard(DataLimiter dt, Boolean bindPlayer, Boolean bindCompetition)",""
"passed","Sun Sep 21 12:37:13 GMT 2025","Sun Sep 21 12:37:16 GMT 2025","3207","","","","RepositoriesTests.RepositoriesTests.CompetitionRewardRepositoryTests","RepositoriesTests.RepositoriesTests.CompetitionRewardRepositoryTests.DeleteCompetitionReward_Success(idx: 1)","RepositoriesTests.RepositoriesTests.CompetitionRewardRepositoryTests.DeleteCompetitionReward_Success(Int32 idx)",""
"passed","Sun Sep 21 12:35:21 GMT 2025","Sun Sep 21 12:35:22 GMT 2025","4","","","","ServicesUnitTests.ServiceTests.CompetitionRewardServiceTests","ServicesUnitTests.ServiceTests.CompetitionRewardServiceTests.CompetitionRewardServiceTests_GetCompetitionRewards(etalon: 5)","ServicesUnitTests.ServiceTests.CompetitionRewardServiceTests.CompetitionRewardServiceTests_GetCompetitionRewards(Int32 etalon)",""
"passed","Sun Sep 21 12:35:21 GMT 2025","Sun Sep 21 12:35:21 GMT 2025","1","","","","ServicesUnitTests.ValidatorTests.PlayerProfileValidatorTests","ServicesUnitTests.ValidatorTests.PlayerProfileValidatorTests.CheckAccount(comp: Account { Email = """", Id = null, Login = """" }, expected: False)","ServicesUnitTests.ValidatorTests.PlayerProfileValidatorTests.CheckAccount(Account comp, Boolean expected)",""
"passed","Sun Sep 21 12:36:47 GMT 2025","Sun Sep 21 12:36:50 GMT 2025","3162","","","","RepositoriesTests.RepositoriesTests.CompetitionLevelRepositoryTests","RepositoriesTests.RepositoriesTests.CompetitionLevelRepositoryTests.GetLevelDataTests(platform: ""Android"", maxVersion: 5, data: [1, 2, 3])","RepositoriesTests.RepositoriesTests.CompetitionLevelRepositoryTests.GetLevelDataTests(String platform, Nullable<Int32> maxVersion, Byte[] data)",""
"passed","Sun Sep 21 12:37:04 GMT 2025","Sun Sep 21 12:37:07 GMT 2025","2925","","","","RepositoriesTests.RepositoriesTests.GranterTests.BasicRewardGranterTests","RepositoriesTests.RepositoriesTests.GranterTests.BasicRewardGranterTests.GetMultipleRewardData(conditions: [PlaceGrantCondition { maxPlace = 1, minPlace = 1, Type = ""place"" }, RankGrantCondition { maxRank = 1, minRank = 0.5, Type = ""rank"" }])","RepositoriesTests.RepositoriesTests.GranterTests.BasicRewardGranterTests.GetMultipleRewardData(GrantCondition[] conditions)",""
"passed","Sun Sep 21 12:36:59 GMT 2025","Sun Sep 21 12:37:02 GMT 2025","3012","","","","RepositoriesTests.RepositoriesTests.CompetitionLevelRepositoryTests","RepositoriesTests.RepositoriesTests.CompetitionLevelRepositoryTests.GetLevelDataTests(platform: ""Windows"", maxVersion: null, data: [7, 8, 9])","RepositoriesTests.RepositoriesTests.CompetitionLevelRepositoryTests.GetLevelDataTests(String platform, Nullable<Int32> maxVersion, Byte[] data)",""
"passed","Sun Sep 21 12:37:29 GMT 2025","Sun Sep 21 12:37:31 GMT 2025","2665","","","","RepositoriesTests.RepositoriesTests.PlayerParticipationRepositoryTests","RepositoriesTests.RepositoriesTests.PlayerParticipationRepositoryTests.GetPlayerParticipations(dt: DataLimiter { PartitionIndex = 1, Partition = 2, HasNoLimit = False, FirstIndex = 2, LastIndex = 4 }, bindPlayer: False, bindCompetition: True)","RepositoriesTests.RepositoriesTests.PlayerParticipationRepositoryTests.GetPlayerParticipations(DataLimiter dt, Boolean bindPlayer, Boolean bindCompetition)",""
"passed","Sun Sep 21 12:37:54 GMT 2025","Sun Sep 21 12:37:56 GMT 2025","1555","","","","RepositoriesTests.RepositoriesTests.CompetitionRepositoryUnitTests","RepositoriesTests.RepositoriesTests.CompetitionRepositoryUnitTests.GetCompetition_Success","RepositoriesTests.RepositoriesTests.CompetitionRepositoryUnitTests.GetCompetition_Success",""
"passed","Sun Sep 21 12:42:58 GMT 2025","Sun Sep 21 12:43:01 GMT 2025","3044","","","","E2ETests.CreateAccountThenParticipateE2ETest","E2ETests.CreateAccountThenParticipateE2ETest.CompetitionFetchOne","E2ETests.CreateAccountThenParticipateE2ETest.CompetitionFetchOne",""
"passed","Sun Sep 21 12:37:27 GMT 2025","Sun Sep 21 12:37:29 GMT 2025","2822","","","","RepositoriesTests.RepositoriesTests.CompetitionRewardRepositoryTests","RepositoriesTests.RepositoriesTests.CompetitionRewardRepositoryTests.GetCompetitionReward_Success(idx: 2)","RepositoriesTests.RepositoriesTests.CompetitionRewardRepositoryTests.GetCompetitionReward_Success(Int32 idx)",""
"passed","Sun Sep 21 12:35:22 GMT 2025","Sun Sep 21 12:35:22 GMT 2025","2","","","","ServicesUnitTests.ServiceTests.AuthServiceTests","ServicesUnitTests.ServiceTests.AuthServiceTests.AuthService_CreateAccount_Success","ServicesUnitTests.ServiceTests.AuthServiceTests.AuthService_CreateAccount_Success",""
"passed","Sun Sep 21 12:37:15 GMT 2025","Sun Sep 21 12:37:16 GMT 2025","1799","","","","RepositoriesTests.RepositoriesTests.CompetitionLevelRepositoryTests","RepositoriesTests.RepositoriesTests.CompetitionLevelRepositoryTests.UpdateCompetitionLevelInfo(idx: 3)","RepositoriesTests.RepositoriesTests.CompetitionLevelRepositoryTests.UpdateCompetitionLevelInfo(Int32 idx)",""
"passed","Sun Sep 21 12:35:21 GMT 2025","Sun Sep 21 12:35:21 GMT 2025","112","","","","ServicesUnitTests.ServiceTests.CompetitionServiceTests","ServicesUnitTests.ServiceTests.CompetitionServiceTests.CompetitionServiceTests_CreateCompetition_OK","ServicesUnitTests.ServiceTests.CompetitionServiceTests.CompetitionServiceTests_CreateCompetition_OK",""
"passed","Sun Sep 21 12:35:21 GMT 2025","Sun Sep 21 12:35:21 GMT 2025","0","","","","ServicesUnitTests.ValidatorTests.PlayerProfileValidatorTests","ServicesUnitTests.ValidatorTests.PlayerProfileValidatorTests.CheckAccount(comp: Account { Email = ""modus ponens"", Id = null, Login = ""amo"" }, expected: False)","ServicesUnitTests.ValidatorTests.PlayerProfileValidatorTests.CheckAccount(Account comp, Boolean expected)",""
"passed","Sun Sep 21 12:35:21 GMT 2025","Sun Sep 21 12:35:21 GMT 2025","1","","","","ServicesUnitTests.ValidatorTests.PlayerProfileValidatorTests","ServicesUnitTests.ValidatorTests.PlayerProfileValidatorTests.CheckAccount(comp: Account { Email = null, Id = null, Login = null }, expected: False)","ServicesUnitTests.ValidatorTests.PlayerProfileValidatorTests.CheckAccount(Account comp, Boolean expected)",""
"passed","Sun Sep 21 12:35:21 GMT 2025","Sun Sep 21 12:35:21 GMT 2025","0","","","","ServicesUnitTests.ValidatorTests.PlayerProfileValidatorTests","ServicesUnitTests.ValidatorTests.PlayerProfileValidatorTests.CheckAccountCreation(comp: AccountCreationData { Account = CompetitiveBackend.Core.Objects.Account, Password = 12345678 }, expected: False)","ServicesUnitTests.ValidatorTests.PlayerProfileValidatorTests.CheckAccountCreation(AccountCreationData comp, Boolean expected)",""
"passed","Sun Sep 21 12:35:21 GMT 2025","Sun Sep 21 12:35:21 GMT 2025","5","","","","ServicesUnitTests.ServiceTests.PlayerParticipationServiceTests","ServicesUnitTests.ServiceTests.PlayerParticipationServiceTests.PlayerParticipationServiceTests_SubmitParticipation_DISCARD","ServicesUnitTests.ServiceTests.PlayerParticipationServiceTests.PlayerParticipationServiceTests_SubmitParticipation_DISCARD",""
"passed","Sun Sep 21 12:37:16 GMT 2025","Sun Sep 21 12:37:19 GMT 2025","2820","","","","RepositoriesTests.RepositoriesTests.CompetitionLevelRepositoryTests","RepositoriesTests.RepositoriesTests.CompetitionLevelRepositoryTests.UpdateCompetitionLevelInfo(idx: 1)","RepositoriesTests.RepositoriesTests.CompetitionLevelRepositoryTests.UpdateCompetitionLevelInfo(Int32 idx)",""
"passed","Sun Sep 21 12:35:21 GMT 2025","Sun Sep 21 12:35:21 GMT 2025","0","","","","ServicesUnitTests.ValidatorTests.PasswordConstraintTests","ServicesUnitTests.ValidatorTests.PasswordConstraintTests.LettersPasswordTest(password: ""12345A"", isValid: True)","ServicesUnitTests.ValidatorTests.PasswordConstraintTests.LettersPasswordTest(String password, Boolean isValid)",""
"passed","Sun Sep 21 12:35:21 GMT 2025","Sun Sep 21 12:35:21 GMT 2025","1","","","","ServicesUnitTests.ValidatorTests.PasswordConstraintTests","ServicesUnitTests.ValidatorTests.PasswordConstraintTests.LettersPasswordTest(password: ""___A___"", isValid: True)","ServicesUnitTests.ValidatorTests.PasswordConstraintTests.LettersPasswordTest(String password, Boolean isValid)",""
"passed","Sun Sep 21 12:37:52 GMT 2025","Sun Sep 21 12:37:54 GMT 2025","1610","","","","RepositoriesTests.RepositoriesTests.CompetitionRepositoryUnitTests","RepositoriesTests.RepositoriesTests.CompetitionRepositoryUnitTests.CreateCompetition_UtcSuccess","RepositoriesTests.RepositoriesTests.CompetitionRepositoryUnitTests.CreateCompetition_UtcSuccess",""
"passed","Sun Sep 21 12:38:10 GMT 2025","Sun Sep 21 12:38:12 GMT 2025","1422","","","","RepositoriesTests.RepositoriesTests.CompetitionRepositoryUnitTests","RepositoriesTests.RepositoriesTests.CompetitionRepositoryUnitTests.GetActualCompetitions_Basic","RepositoriesTests.RepositoriesTests.CompetitionRepositoryUnitTests.GetActualCompetitions_Basic",""
"passed","Sun Sep 21 12:36:36 GMT 2025","Sun Sep 21 12:36:40 GMT 2025","3974","","","","RepositoriesTests.RepositoriesTests.CompetitionRewardRepositoryTests","RepositoriesTests.RepositoriesTests.CompetitionRewardRepositoryTests.UpdateCompetitionReward(cond: PlaceGrantCondition { maxPlace = 50, minPlace = 4, Type = ""place"" }, idx: 5)","RepositoriesTests.RepositoriesTests.CompetitionRewardRepositoryTests.UpdateCompetitionReward(GrantCondition cond, Int32 idx)",""
"passed","Sun Sep 21 12:35:21 GMT 2025","Sun Sep 21 12:35:21 GMT 2025","0","","","","ServicesUnitTests.ValidatorTests.CompetitionValidatorTests","ServicesUnitTests.ValidatorTests.CompetitionValidatorTests.CheckOK(comp: Competition { Description = ""*********"", EndDate = 2025-01-01T01:10:01.0000000, Id = null, Name = ""Colon"", StartDate = 2025-01-01T01:01:01.0000000 }, expected: False)","ServicesUnitTests.ValidatorTests.CompetitionValidatorTests.CheckOK(Competition comp, Boolean expected)",""
"passed","Sun Sep 21 12:35:21 GMT 2025","Sun Sep 21 12:35:21 GMT 2025","1","","","","ServicesUnitTests.ValidatorTests.PlayerProfileValidatorTests","ServicesUnitTests.ValidatorTests.PlayerProfileValidatorTests.CheckAccountCreation(comp: AccountCreationData { Account = CompetitiveBackend.Core.Objects.Account, Password = 12345678a }, expected: False)","ServicesUnitTests.ValidatorTests.PlayerProfileValidatorTests.CheckAccountCreation(AccountCreationData comp, Boolean expected)",""
"passed","Sun Sep 21 12:35:22 GMT 2025","Sun Sep 21 12:35:22 GMT 2025","2","","","","ServicesUnitTests.ServiceTests.CompetitionLevelServiceTests","ServicesUnitTests.ServiceTests.CompetitionLevelServiceTests.GetAllLevelData_CallsRepositoryWithCorrectId","ServicesUnitTests.ServiceTests.CompetitionLevelServiceTests.GetAllLevelData_CallsRepositoryWithCorrectId",""
"passed","Sun Sep 21 12:35:21 GMT 2025","Sun Sep 21 12:35:21 GMT 2025","11","","","","ServicesUnitTests.ValidatorTests.PlayerProfileValidatorTests","ServicesUnitTests.ValidatorTests.PlayerProfileValidatorTests.CheckAccountCreation(comp: AccountCreationData { Account = CompetitiveBackend.Core.Objects.Account, Password = 1234 }, expected: False)","ServicesUnitTests.ValidatorTests.PlayerProfileValidatorTests.CheckAccountCreation(AccountCreationData comp, Boolean expected)",""
"passed","Sun Sep 21 12:37:10 GMT 2025","Sun Sep 21 12:37:13 GMT 2025","2992","","","","RepositoriesTests.RepositoriesTests.CompetitionRewardRepositoryTests","RepositoriesTests.RepositoriesTests.CompetitionRewardRepositoryTests.DeleteCompetitionReward_Success(idx: 2)","RepositoriesTests.RepositoriesTests.CompetitionRewardRepositoryTests.DeleteCompetitionReward_Success(Int32 idx)",""
"passed","Sun Sep 21 12:37:31 GMT 2025","Sun Sep 21 12:37:34 GMT 2025","2748","","","","RepositoriesTests.RepositoriesTests.PlayerProfileRepositoryUnitTests","RepositoriesTests.RepositoriesTests.PlayerProfileRepositoryUnitTests.UpdatePlayerProfileImage_Failure","RepositoriesTests.RepositoriesTests.PlayerProfileRepositoryUnitTests.UpdatePlayerProfileImage_Failure",""
"passed","Sun Sep 21 12:36:35 GMT 2025","Sun Sep 21 12:36:39 GMT 2025","4035","","","","RepositoriesTests.RepositoriesTests.GranterTests.StoredProcedureGranterTests","RepositoriesTests.RepositoriesTests.GranterTests.StoredProcedureGranterTests.GrantRewardsByPlace(minPlace: 1, maxPlace: 5)","RepositoriesTests.RepositoriesTests.GranterTests.StoredProcedureGranterTests.GrantRewardsByPlace(Int32 minPlace, Int32 maxPlace)",""
"passed","Sun Sep 21 12:35:22 GMT 2025","Sun Sep 21 12:35:22 GMT 2025","11","","","","ServicesUnitTests.ServiceTests.PlayerProfileServiceTests","ServicesUnitTests.ServiceTests.PlayerProfileServiceTests.PlayerProfileService_GetPlayerProfileImage","ServicesUnitTests.ServiceTests.PlayerProfileServiceTests.PlayerProfileService_GetPlayerProfileImage",""
"passed","Sun Sep 21 12:36:47 GMT 2025","Sun Sep 21 12:36:51 GMT 2025","3317","","","","RepositoriesTests.RepositoriesTests.CompetitionRewardRepositoryTests","RepositoriesTests.RepositoriesTests.CompetitionRewardRepositoryTests.AddCompetitionReward_DifferentRanks(cond: RankGrantCondition { maxRank = 0.5, minRank = 0, Type = ""rank"" }, idx: 2)","RepositoriesTests.RepositoriesTests.CompetitionRewardRepositoryTests.AddCompetitionReward_DifferentRanks(GrantCondition cond, Int32 idx)",""
"passed","Sun Sep 21 12:35:59 GMT 2025","Sun Sep 21 12:36:18 GMT 2025","18606","","","","RepositoriesTests.RepositoriesTests.AccountRepositoryUnitTests","RepositoriesTests.RepositoriesTests.AccountRepositoryUnitTests.CreateAccountTest","RepositoriesTests.RepositoriesTests.AccountRepositoryUnitTests.CreateAccountTest",""
"passed","Sun Sep 21 12:35:21 GMT 2025","Sun Sep 21 12:35:21 GMT 2025","8","","","","ServicesUnitTests.ServiceTests.CompetitionRewardServiceTests","ServicesUnitTests.ServiceTests.CompetitionRewardServiceTests.CompetitionRewardServiceTests_RemoveCompetitionReward(etalon: 1)","ServicesUnitTests.ServiceTests.CompetitionRewardServiceTests.CompetitionRewardServiceTests_RemoveCompetitionReward(Int32 etalon)",""
"passed","Sun Sep 21 12:37:39 GMT 2025","Sun Sep 21 12:37:41 GMT 2025","1540","","","","RepositoriesTests.RepositoriesTests.PlayerProfileRepositoryUnitTests","RepositoriesTests.RepositoriesTests.PlayerProfileRepositoryUnitTests.GetPlayerProfileImage_Empty","RepositoriesTests.RepositoriesTests.PlayerProfileRepositoryUnitTests.GetPlayerProfileImage_Empty",""
"passed","Sun Sep 21 12:37:45 GMT 2025","Sun Sep 21 12:37:46 GMT 2025","1561","","","","RepositoriesTests.RepositoriesTests.CompetitionLevelRepositoryTests","RepositoriesTests.RepositoriesTests.CompetitionLevelRepositoryTests.GetSpecificLevelData_Failure","RepositoriesTests.RepositoriesTests.CompetitionLevelRepositoryTests.GetSpecificLevelData_Failure",""
"passed","Sun Sep 21 12:35:21 GMT 2025","Sun Sep 21 12:35:21 GMT 2025","11","","","","ServicesUnitTests.ServiceTests.CompetitionServiceTests","ServicesUnitTests.ServiceTests.CompetitionServiceTests.CompetitionServiceTest_GetActiveCompetitions","ServicesUnitTests.ServiceTests.CompetitionServiceTests.CompetitionServiceTest_GetActiveCompetitions",""
"passed","Sun Sep 21 12:35:21 GMT 2025","Sun Sep 21 12:35:21 GMT 2025","0","","","","ServicesUnitTests.ValidatorTests.PlayerProfileValidatorTests","ServicesUnitTests.ValidatorTests.PlayerProfileValidatorTests.CheckAccountCreation(comp: AccountCreationData { Account = CompetitiveBackend.Core.Objects.Account, Password = 12345678 }, expected: False)","ServicesUnitTests.ValidatorTests.PlayerProfileValidatorTests.CheckAccountCreation(AccountCreationData comp, Boolean expected)",""
"passed","Sun Sep 21 12:37:02 GMT 2025","Sun Sep 21 12:37:05 GMT 2025","3012","","","","RepositoriesTests.RepositoriesTests.CompetitionLevelRepositoryTests","RepositoriesTests.RepositoriesTests.CompetitionLevelRepositoryTests.GetLevelDataTests(platform: ""Android"", maxVersion: null, data: [4, 5, 6])","RepositoriesTests.RepositoriesTests.CompetitionLevelRepositoryTests.GetLevelDataTests(String platform, Nullable<Int32> maxVersion, Byte[] data)",""
"passed","Sun Sep 21 12:36:41 GMT 2025","Sun Sep 21 12:36:45 GMT 2025","3744","","","","RepositoriesTests.RepositoriesTests.PlayerParticipationRepositoryTests","RepositoriesTests.RepositoriesTests.PlayerParticipationRepositoryTests.UpdateParticipationTest_Failure","RepositoriesTests.RepositoriesTests.PlayerParticipationRepositoryTests.UpdateParticipationTest_Failure",""
"passed","Sun Sep 21 12:35:21 GMT 2025","Sun Sep 21 12:35:21 GMT 2025","11","","","","ServicesUnitTests.ServiceTests.PlayerProfileServiceTests","ServicesUnitTests.ServiceTests.PlayerProfileServiceTests.PlayerProfileService_UpdatePlayerProfile","ServicesUnitTests.ServiceTests.PlayerProfileServiceTests.PlayerProfileService_UpdatePlayerProfile",""
"passed","Sun Sep 21 12:37:22 GMT 2025","Sun Sep 21 12:37:25 GMT 2025","2761","","","","RepositoriesTests.RepositoriesTests.CompetitionLevelRepositoryTests","RepositoriesTests.RepositoriesTests.CompetitionLevelRepositoryTests.GetAllLevelData","RepositoriesTests.RepositoriesTests.CompetitionLevelRepositoryTests.GetAllLevelData",""
"passed","Sun Sep 21 12:37:31 GMT 2025","Sun Sep 21 12:37:34 GMT 2025","2749","","","","RepositoriesTests.RepositoriesTests.PlayerParticipationRepositoryTests","RepositoriesTests.RepositoriesTests.PlayerParticipationRepositoryTests.GetPlayerParticipations(dt: DataLimiter { PartitionIndex = 1, Partition = 2, HasNoLimit = False, FirstIndex = 2, LastIndex = 4 }, bindPlayer: True, bindCompetition: True)","RepositoriesTests.RepositoriesTests.PlayerParticipationRepositoryTests.GetPlayerParticipations(DataLimiter dt, Boolean bindPlayer, Boolean bindCompetition)",""
"passed","Sun Sep 21 12:35:21 GMT 2025","Sun Sep 21 12:35:21 GMT 2025","0","","","","ServicesUnitTests.ValidatorTests.PasswordConstraintTests","ServicesUnitTests.ValidatorTests.PasswordConstraintTests.LettersPasswordTest(password: ""12344919293921391293"", isValid: False)","ServicesUnitTests.ValidatorTests.PasswordConstraintTests.LettersPasswordTest(String password, Boolean isValid)",""
"passed","Sun Sep 21 12:35:22 GMT 2025","Sun Sep 21 12:35:22 GMT 2025","3","","","","ServicesUnitTests.ServiceTests.PlayerParticipationServiceTests","ServicesUnitTests.ServiceTests.PlayerParticipationServiceTests.PlayerParticipationServiceTests_SubmitParticipation_TOO_LATE","ServicesUnitTests.ServiceTests.PlayerParticipationServiceTests.PlayerParticipationServiceTests_SubmitParticipation_TOO_LATE",""
"passed","Sun Sep 21 12:37:37 GMT 2025","Sun Sep 21 12:37:39 GMT 2025","1586","","","","RepositoriesTests.RepositoriesTests.CompetitionLevelRepositoryTests","RepositoriesTests.RepositoriesTests.CompetitionLevelRepositoryTests.GetSpecificLevelData(idx: 3)","RepositoriesTests.RepositoriesTests.CompetitionLevelRepositoryTests.GetSpecificLevelData(Int32 idx)",""
"passed","Sun Sep 21 12:38:19 GMT 2025","Sun Sep 21 12:38:21 GMT 2025","1508","","","","RepositoriesTests.RepositoriesTests.CompetitionRepositoryUnitTests","RepositoriesTests.RepositoriesTests.CompetitionRepositoryUnitTests.GetAllCompetitions_Basic(dt: DataLimiter { PartitionIndex = 2, Partition = 1, HasNoLimit = False, FirstIndex = 2, LastIndex = 3 })","RepositoriesTests.RepositoriesTests.CompetitionRepositoryUnitTests.GetAllCompetitions_Basic(DataLimiter dt)",""
"passed","Sun Sep 21 12:35:21 GMT 2025","Sun Sep 21 12:35:21 GMT 2025","2","","","","ServicesUnitTests.ServiceTests.PlayerRewardServiceTests","ServicesUnitTests.ServiceTests.PlayerRewardServiceTests.PlayerRewardServiceTest_DeleteReward","ServicesUnitTests.ServiceTests.PlayerRewardServiceTests.PlayerRewardServiceTest_DeleteReward",""
"passed","Sun Sep 21 12:37:05 GMT 2025","Sun Sep 21 12:37:08 GMT 2025","3048","","","","RepositoriesTests.RepositoriesTests.CompetitionLevelRepositoryTests","RepositoriesTests.RepositoriesTests.CompetitionLevelRepositoryTests.UpdateCompetitionLevelData(idx: 3)","RepositoriesTests.RepositoriesTests.CompetitionLevelRepositoryTests.UpdateCompetitionLevelData(Int32 idx)",""
"passed","Sun Sep 21 12:36:37 GMT 2025","Sun Sep 21 12:36:40 GMT 2025","3683","","","","RepositoriesTests.RepositoriesTests.CompetitionLevelRepositoryTests","RepositoriesTests.RepositoriesTests.CompetitionLevelRepositoryTests.GetSpecificLevelDataInfo(idx: 1)","RepositoriesTests.RepositoriesTests.CompetitionLevelRepositoryTests.GetSpecificLevelDataInfo(Int32 idx)",""
"passed","Sun Sep 21 12:35:21 GMT 2025","Sun Sep 21 12:35:21 GMT 2025","2","","","","ServicesUnitTests.ServiceTests.RewardDescriptionServiceTests","ServicesUnitTests.ServiceTests.RewardDescriptionServiceTests.RewardDescriptionServiceTests_UpdateRewardDescription_Failure","ServicesUnitTests.ServiceTests.RewardDescriptionServiceTests.RewardDescriptionServiceTests_UpdateRewardDescription_Failure",""
"passed","Sun Sep 21 12:35:21 GMT 2025","Sun Sep 21 12:35:21 GMT 2025","4","","","","ServicesUnitTests.ServiceTests.CompetitionRewardSchedulerTests","ServicesUnitTests.ServiceTests.CompetitionRewardSchedulerTests.CompetitionRewardSchedulerTests_OnCompetitionCreated","ServicesUnitTests.ServiceTests.CompetitionRewardSchedulerTests.CompetitionRewardSchedulerTests_OnCompetitionCreated",""
"passed","Sun Sep 21 12:37:04 GMT 2025","Sun Sep 21 12:37:07 GMT 2025","3007","","","","RepositoriesTests.RepositoriesTests.PlayerParticipationRepositoryTests","RepositoriesTests.RepositoriesTests.PlayerParticipationRepositoryTests.GetLeaderboard(dt: DataLimiter { PartitionIndex = 1, Partition = 2, HasNoLimit = False, FirstIndex = 2, LastIndex = 4 }, bindPlayer: True, bindCompetition: False)","RepositoriesTests.RepositoriesTests.PlayerParticipationRepositoryTests.GetLeaderboard(DataLimiter dt, Boolean bindPlayer, Boolean bindCompetition)",""
"passed","Sun Sep 21 12:38:02 GMT 2025","Sun Sep 21 12:38:03 GMT 2025","1453","","","","RepositoriesTests.RepositoriesTests.CompetitionRepositoryUnitTests","RepositoriesTests.RepositoriesTests.CompetitionRepositoryUnitTests.GetAllCompetitions_Empty(dt: DataLimiter { PartitionIndex = 2, Partition = 1, HasNoLimit = False, FirstIndex = 2, LastIndex = 3 })","RepositoriesTests.RepositoriesTests.CompetitionRepositoryUnitTests.GetAllCompetitions_Empty(DataLimiter dt)",""
"passed","Sun Sep 21 12:35:21 GMT 2025","Sun Sep 21 12:35:21 GMT 2025","1","","","","ServicesUnitTests.ValidatorTests.PlayerProfileValidatorTests","ServicesUnitTests.ValidatorTests.PlayerProfileValidatorTests.CheckAccountCreation(comp: AccountCreationData { Account = CompetitiveBackend.Core.Objects.Account, Password = 123a5678 }, expected: False)","ServicesUnitTests.ValidatorTests.PlayerProfileValidatorTests.CheckAccountCreation(AccountCreationData comp, Boolean expected)",""
"passed","Sun Sep 21 12:37:43 GMT 2025","Sun Sep 21 12:37:44 GMT 2025","1548","","","","RepositoriesTests.RepositoriesTests.PlayerProfileRepositoryUnitTests","RepositoriesTests.RepositoriesTests.PlayerProfileRepositoryUnitTests.GetPlayerProfileImage_Success","RepositoriesTests.RepositoriesTests.PlayerProfileRepositoryUnitTests.GetPlayerProfileImage_Success",""
"passed","Sun Sep 21 12:35:21 GMT 2025","Sun Sep 21 12:35:22 GMT 2025","7","","","","ServicesUnitTests.ServiceTests.CompetitionLevelServiceTests","ServicesUnitTests.ServiceTests.CompetitionLevelServiceTests.GetCompetitionLevelInfo_CallsRepositoryWithData","ServicesUnitTests.ServiceTests.CompetitionLevelServiceTests.GetCompetitionLevelInfo_CallsRepositoryWithData",""
"passed","Sun Sep 21 12:35:21 GMT 2025","Sun Sep 21 12:35:22 GMT 2025","6","","","","ServicesUnitTests.ServiceTests.PlayerProfileServiceTests","ServicesUnitTests.ServiceTests.PlayerProfileServiceTests.PlayerProfileService_UpdatePlayerProfile_Failure","ServicesUnitTests.ServiceTests.PlayerProfileServiceTests.PlayerProfileService_UpdatePlayerProfile_Failure",""
"passed","Sun Sep 21 12:35:21 GMT 2025","Sun Sep 21 12:35:21 GMT 2025","1","","","","ServicesUnitTests.ValidatorTests.PlayerProfileValidatorTests","ServicesUnitTests.ValidatorTests.PlayerProfileValidatorTests.CheckAccountCreation(comp: AccountCreationData { Account = CompetitiveBackend.Core.Objects.Account, Password = 1234 }, expected: False)","ServicesUnitTests.ValidatorTests.PlayerProfileValidatorTests.CheckAccountCreation(AccountCreationData comp, Boolean expected)",""
"passed","Sun Sep 21 12:35:22 GMT 2025","Sun Sep 21 12:35:22 GMT 2025","2","","","","ServicesUnitTests.ServiceTests.AuthServiceTests","ServicesUnitTests.ServiceTests.AuthServiceTests.AuthService_GetSessionToken","ServicesUnitTests.ServiceTests.AuthServiceTests.AuthService_GetSessionToken",""
"passed","Sun Sep 21 12:36:43 GMT 2025","Sun Sep 21 12:36:47 GMT 2025","3698","","","","RepositoriesTests.RepositoriesTests.RewardDescriptionRepositoryTests","RepositoriesTests.RepositoriesTests.RewardDescriptionRepositoryTests.UpdateRewardDescription_Success","RepositoriesTests.RepositoriesTests.RewardDescriptionRepositoryTests.UpdateRewardDescription_Success",""
"passed","Sun Sep 21 12:36:17 GMT 2025","Sun Sep 21 12:36:23 GMT 2025","5209","","","","RepositoriesTests.RepositoriesTests.SessionRepositoryUnitTests","RepositoriesTests.RepositoriesTests.SessionRepositoryUnitTests.CreateSessionTokenFor_AdminSuccess","RepositoriesTests.RepositoriesTests.SessionRepositoryUnitTests.CreateSessionTokenFor_AdminSuccess",""
"passed","Sun Sep 21 12:36:00 GMT 2025","Sun Sep 21 12:36:18 GMT 2025","18275","","","","RepositoriesTests.RepositoriesTests.CompetitionRewardRepositoryTests","RepositoriesTests.RepositoriesTests.CompetitionRewardRepositoryTests.UpdateCompetitionReward(cond: RankGrantCondition { maxRank = 1, minRank = 0, Type = ""rank"" }, idx: 0)","RepositoriesTests.RepositoriesTests.CompetitionRewardRepositoryTests.UpdateCompetitionReward(GrantCondition cond, Int32 idx)",""
"passed","Sun Sep 21 12:36:44 GMT 2025","Sun Sep 21 12:36:47 GMT 2025","3563","","","","RepositoriesTests.RepositoriesTests.CompetitionLevelRepositoryTests","RepositoriesTests.RepositoriesTests.CompetitionLevelRepositoryTests.GetSpecificLevelDataInfo(idx: 3)","RepositoriesTests.RepositoriesTests.CompetitionLevelRepositoryTests.GetSpecificLevelDataInfo(Int32 idx)",""
"passed","Sun Sep 21 12:37:10 GMT 2025","Sun Sep 21 12:37:13 GMT 2025","3046","","","","RepositoriesTests.RepositoriesTests.PlayerParticipationRepositoryTests","RepositoriesTests.RepositoriesTests.PlayerParticipationRepositoryTests.GetLeaderboard(dt: DataLimiter { PartitionIndex = 1, Partition = 2, HasNoLimit = False, FirstIndex = 2, LastIndex = 4 }, bindPlayer: True, bindCompetition: True)","RepositoriesTests.RepositoriesTests.PlayerParticipationRepositoryTests.GetLeaderboard(DataLimiter dt, Boolean bindPlayer, Boolean bindCompetition)",""
"passed","Sun Sep 21 12:37:00 GMT 2025","Sun Sep 21 12:37:04 GMT 2025","3192","","","","RepositoriesTests.RepositoriesTests.PlayerParticipationRepositoryTests","RepositoriesTests.RepositoriesTests.PlayerParticipationRepositoryTests.GetLeaderboard(dt: DataLimiter { PartitionIndex = 1, Partition = 2, HasNoLimit = False, FirstIndex = 2, LastIndex = 4 }, bindPlayer: False, bindCompetition: False)","RepositoriesTests.RepositoriesTests.PlayerParticipationRepositoryTests.GetLeaderboard(DataLimiter dt, Boolean bindPlayer, Boolean bindCompetition)",""
"passed","Sun Sep 21 12:38:16 GMT 2025","Sun Sep 21 12:38:18 GMT 2025","1487","","","","RepositoriesTests.RepositoriesTests.CompetitionRepositoryUnitTests","RepositoriesTests.RepositoriesTests.CompetitionRepositoryUnitTests.GetAllCompetitions_Basic(dt: DataLimiter { PartitionIndex = 0, Partition = 1, HasNoLimit = False, FirstIndex = 0, LastIndex = 1 })","RepositoriesTests.RepositoriesTests.CompetitionRepositoryUnitTests.GetAllCompetitions_Basic(DataLimiter dt)",""
"passed","Sun Sep 21 12:36:50 GMT 2025","Sun Sep 21 12:36:53 GMT 2025","3032","","","","RepositoriesTests.RepositoriesTests.CompetitionLevelRepositoryTests","RepositoriesTests.RepositoriesTests.CompetitionLevelRepositoryTests.GetLevelDataTests(platform: null, maxVersion: null, data: [4, 5, 6])","RepositoriesTests.RepositoriesTests.CompetitionLevelRepositoryTests.GetLevelDataTests(String platform, Nullable<Int32> maxVersion, Byte[] data)",""
"passed","Sun Sep 21 12:35:21 GMT 2025","Sun Sep 21 12:35:21 GMT 2025","0","","","","ServicesUnitTests.ValidatorTests.PlayerProfileValidatorTests","ServicesUnitTests.ValidatorTests.PlayerProfileValidatorTests.CheckAccountCreation(comp: AccountCreationData { Account = CompetitiveBackend.Core.Objects.Account, Password = 123a5678 }, expected: False)","ServicesUnitTests.ValidatorTests.PlayerProfileValidatorTests.CheckAccountCreation(AccountCreationData comp, Boolean expected)",""
"passed","Sun Sep 21 12:35:22 GMT 2025","Sun Sep 21 12:35:22 GMT 2025","4","","","","ServicesUnitTests.ServiceTests.AuthServiceTests","ServicesUnitTests.ServiceTests.AuthServiceTests.AuthService_LogIn_Success","ServicesUnitTests.ServiceTests.AuthServiceTests.AuthService_LogIn_Success",""
"passed","Sun Sep 21 12:35:21 GMT 2025","Sun Sep 21 12:35:21 GMT 2025","7","","","","ServicesUnitTests.ServiceTests.CompetitionServiceTests","ServicesUnitTests.ServiceTests.CompetitionServiceTests.CompetitionServiceTest_GetAllCompetitions","ServicesUnitTests.ServiceTests.CompetitionServiceTests.CompetitionServiceTest_GetAllCompetitions",""
"passed","Sun Sep 21 12:38:02 GMT 2025","Sun Sep 21 12:38:04 GMT 2025","1576","","","","RepositoriesTests.RepositoriesTests.PlayerRewardRepositoryBasicTests","RepositoriesTests.RepositoriesTests.PlayerRewardRepositoryBasicTests.DeleteReward_Success","RepositoriesTests.RepositoriesTests.PlayerRewardRepositoryBasicTests.DeleteReward_Success",""
"passed","Sun Sep 21 12:37:32 GMT 2025","Sun Sep 21 12:37:35 GMT 2025","2764","","","","RepositoriesTests.RepositoriesTests.CompetitionLevelRepositoryTests","RepositoriesTests.RepositoriesTests.CompetitionLevelRepositoryTests.GetSpecificLevelData(idx: 2)","RepositoriesTests.RepositoriesTests.CompetitionLevelRepositoryTests.GetSpecificLevelData(Int32 idx)",""
"passed","Sun Sep 21 12:36:51 GMT 2025","Sun Sep 21 12:36:54 GMT 2025","3401","","","","RepositoriesTests.RepositoriesTests.CompetitionRewardRepositoryTests","RepositoriesTests.RepositoriesTests.CompetitionRewardRepositoryTests.AddCompetitionReward_DifferentRanks(cond: PlaceGrantCondition { maxPlace = 2, minPlace = 1, Type = ""place"" }, idx: 3)","RepositoriesTests.RepositoriesTests.CompetitionRewardRepositoryTests.AddCompetitionReward_DifferentRanks(GrantCondition cond, Int32 idx)",""
"passed","Sun Sep 21 12:36:23 GMT 2025","Sun Sep 21 12:36:28 GMT 2025","5205","","","","RepositoriesTests.RepositoriesTests.SessionRepositoryUnitTests","RepositoriesTests.RepositoriesTests.SessionRepositoryUnitTests.CreateSessionTokenFor_PlayerSuccess","RepositoriesTests.RepositoriesTests.SessionRepositoryUnitTests.CreateSessionTokenFor_PlayerSuccess",""
"passed","Sun Sep 21 12:35:21 GMT 2025","Sun Sep 21 12:35:21 GMT 2025","0","","","","ServicesUnitTests.ValidatorTests.PlayerProfileValidatorTests","ServicesUnitTests.ValidatorTests.PlayerProfileValidatorTests.CheckAccountCreation(comp: AccountCreationData { Account = CompetitiveBackend.Core.Objects.Account, Password = 12345678 }, expected: False)","ServicesUnitTests.ValidatorTests.PlayerProfileValidatorTests.CheckAccountCreation(AccountCreationData comp, Boolean expected)",""
"passed","Sun Sep 21 12:36:43 GMT 2025","Sun Sep 21 12:36:46 GMT 2025","3736","","","","RepositoriesTests.RepositoriesTests.GranterTests.StoredProcedureGranterTests","RepositoriesTests.RepositoriesTests.GranterTests.StoredProcedureGranterTests.GrantRewardsByPlace(minPlace: 5, maxPlace: 6)","RepositoriesTests.RepositoriesTests.GranterTests.StoredProcedureGranterTests.GrantRewardsByPlace(Int32 minPlace, Int32 maxPlace)",""
"passed","Sun Sep 21 12:35:22 GMT 2025","Sun Sep 21 12:35:22 GMT 2025","2","","","","ServicesUnitTests.ServiceTests.AuthServiceTests","ServicesUnitTests.ServiceTests.AuthServiceTests.AuthService_LogIn_BadPassword","ServicesUnitTests.ServiceTests.AuthServiceTests.AuthService_LogIn_BadPassword",""
"passed","Sun Sep 21 12:35:22 GMT 2025","Sun Sep 21 12:35:22 GMT 2025","2","","","","ServicesUnitTests.ServiceTests.CompetitionRewardServiceTests","ServicesUnitTests.ServiceTests.CompetitionRewardServiceTests.CompetitionRewardServiceTests_GetCompetitionRewards(etalon: 2)","ServicesUnitTests.ServiceTests.CompetitionRewardServiceTests.CompetitionRewardServiceTests_GetCompetitionRewards(Int32 etalon)",""
"passed","Sun Sep 21 12:37:19 GMT 2025","Sun Sep 21 12:37:22 GMT 2025","2751","","","","RepositoriesTests.RepositoriesTests.CompetitionLevelRepositoryTests","RepositoriesTests.RepositoriesTests.CompetitionLevelRepositoryTests.UpdateCompetitionLevelInfo(idx: 2)","RepositoriesTests.RepositoriesTests.CompetitionLevelRepositoryTests.UpdateCompetitionLevelInfo(Int32 idx)",""
"passed","Sun Sep 21 12:36:54 GMT 2025","Sun Sep 21 12:36:57 GMT 2025","3111","","","","RepositoriesTests.RepositoriesTests.PlayerParticipationRepositoryTests","RepositoriesTests.RepositoriesTests.PlayerParticipationRepositoryTests.GetLeaderboard(dt: DataLimiter { PartitionIndex = 0, Partition = 0, HasNoLimit = True, FirstIndex = 0, LastIndex = 0 }, bindPlayer: False, bindCompetition: True)","RepositoriesTests.RepositoriesTests.PlayerParticipationRepositoryTests.GetLeaderboard(DataLimiter dt, Boolean bindPlayer, Boolean bindCompetition)",""
"passed","Sun Sep 21 12:37:16 GMT 2025","Sun Sep 21 12:37:19 GMT 2025","2850","","","","RepositoriesTests.RepositoriesTests.PlayerParticipationRepositoryTests","RepositoriesTests.RepositoriesTests.PlayerParticipationRepositoryTests.GetPlayerParticipations(dt: DataLimiter { PartitionIndex = 0, Partition = 0, HasNoLimit = True, FirstIndex = 0, LastIndex = 0 }, bindPlayer: True, bindCompetition: False)","RepositoriesTests.RepositoriesTests.PlayerParticipationRepositoryTests.GetPlayerParticipations(DataLimiter dt, Boolean bindPlayer, Boolean bindCompetition)",""
"passed","Sun Sep 21 12:35:21 GMT 2025","Sun Sep 21 12:35:21 GMT 2025","0","","","","ServicesUnitTests.ValidatorTests.PasswordConstraintTests","ServicesUnitTests.ValidatorTests.PasswordConstraintTests.LettersPasswordTest(password: ""123"", isValid: False)","ServicesUnitTests.ValidatorTests.PasswordConstraintTests.LettersPasswordTest(String password, Boolean isValid)",""
"passed","Sun Sep 21 12:35:21 GMT 2025","Sun Sep 21 12:35:21 GMT 2025","4","","","","ServicesUnitTests.ValidatorTests.CompetitionValidatorTests","ServicesUnitTests.ValidatorTests.CompetitionValidatorTests.CheckOK(comp: Competition { Description = ""**********"", EndDate = 2025-01-01T01:10:01.0000000, Id = null, Name = ""Abob"", StartDate = 2025-01-01T01:01:01.0000000 }, expected: True)","ServicesUnitTests.ValidatorTests.CompetitionValidatorTests.CheckOK(Competition comp, Boolean expected)",""
"passed","Sun Sep 21 12:35:21 GMT 2025","Sun Sep 21 12:35:21 GMT 2025","0","","","","ServicesUnitTests.ValidatorTests.PlayerProfileValidatorTests","ServicesUnitTests.ValidatorTests.PlayerProfileValidatorTests.CheckAccountCreation(comp: AccountCreationData { Account = CompetitiveBackend.Core.Objects.Account, Password = 123456a }, expected: False)","ServicesUnitTests.ValidatorTests.PlayerProfileValidatorTests.CheckAccountCreation(AccountCreationData comp, Boolean expected)",""
"passed","Sun Sep 21 12:37:27 GMT 2025","Sun Sep 21 12:37:29 GMT 2025","1595","","","","RepositoriesTests.RepositoriesTests.PlayerParticipationRepositoryTests","RepositoriesTests.RepositoriesTests.PlayerParticipationRepositoryTests.GetPlayerParticipations(dt: DataLimiter { PartitionIndex = 1, Partition = 2, HasNoLimit = False, FirstIndex = 2, LastIndex = 4 }, bindPlayer: True, bindCompetition: False)","RepositoriesTests.RepositoriesTests.PlayerParticipationRepositoryTests.GetPlayerParticipations(DataLimiter dt, Boolean bindPlayer, Boolean bindCompetition)",""
"passed","Sun Sep 21 12:35:21 GMT 2025","Sun Sep 21 12:35:21 GMT 2025","0","","","","ServicesUnitTests.ValidatorTests.PlayerProfileValidatorTests","ServicesUnitTests.ValidatorTests.PlayerProfileValidatorTests.CheckPlayerProfile(comp: PlayerProfile { Description = ""*"", Id = 0, Name = ""****************"" }, expected: True)","ServicesUnitTests.ValidatorTests.PlayerProfileValidatorTests.CheckPlayerProfile(PlayerProfile comp, Boolean expected)",""
"passed","Sun Sep 21 12:36:17 GMT 2025","Sun Sep 21 12:36:21 GMT 2025","3893","","","","RepositoriesTests.RepositoriesTests.PlayerParticipationRepositoryTests","RepositoriesTests.RepositoriesTests.PlayerParticipationRepositoryTests.GetParticipation_Missing","RepositoriesTests.RepositoriesTests.PlayerParticipationRepositoryTests.GetParticipation_Missing",""
"passed","Sun Sep 21 12:35:22 GMT 2025","Sun Sep 21 12:35:22 GMT 2025","6","","","","ServicesUnitTests.ServiceTests.PlayerParticipationServiceTests","ServicesUnitTests.ServiceTests.PlayerParticipationServiceTests.PlayerParticipationServiceTests_SubmitParticipation_UPDATE","ServicesUnitTests.ServiceTests.PlayerParticipationServiceTests.PlayerParticipationServiceTests_SubmitParticipation_UPDATE",""
"passed","Sun Sep 21 12:35:21 GMT 2025","Sun Sep 21 12:35:21 GMT 2025","0","","","","ServicesUnitTests.ValidatorTests.CompetitionValidatorTests","ServicesUnitTests.ValidatorTests.CompetitionValidatorTests.CheckOK(comp: Competition { Description = ""************"", EndDate = 2025-01-01T01:10:01.0000000, Id = null, Name = ""Colon"", StartDate = 2025-01-01T01:01:01.0000000 }, expected: False)","ServicesUnitTests.ValidatorTests.CompetitionValidatorTests.CheckOK(Competition comp, Boolean expected)",""
"passed","Sun Sep 21 12:37:48 GMT 2025","Sun Sep 21 12:37:49 GMT 2025","1552","","","","RepositoriesTests.RepositoriesTests.CompetitionLevelRepositoryTests","RepositoriesTests.RepositoriesTests.CompetitionLevelRepositoryTests.UpdateCompetitionLevelData_Failure","RepositoriesTests.RepositoriesTests.CompetitionLevelRepositoryTests.UpdateCompetitionLevelData_Failure",""
"passed","Sun Sep 21 12:35:22 GMT 2025","Sun Sep 21 12:35:22 GMT 2025","3","","","","ServicesUnitTests.ServiceTests.PlayerParticipationServiceTests","ServicesUnitTests.ServiceTests.PlayerParticipationServiceTests.PlayerParticipationServiceTests_SubmitParticipation_TOO_EARLY","ServicesUnitTests.ServiceTests.PlayerParticipationServiceTests.PlayerParticipationServiceTests_SubmitParticipation_TOO_EARLY",""
"passed","Sun Sep 21 12:36:46 GMT 2025","Sun Sep 21 12:36:50 GMT 2025","3426","","","","RepositoriesTests.RepositoriesTests.GranterTests.StoredProcedureGranterTests","RepositoriesTests.RepositoriesTests.GranterTests.StoredProcedureGranterTests.GrantRewardsByPlace(minPlace: 2, maxPlace: 4)","RepositoriesTests.RepositoriesTests.GranterTests.StoredProcedureGranterTests.GrantRewardsByPlace(Int32 minPlace, Int32 maxPlace)",""
"passed","Sun Sep 21 12:36:32 GMT 2025","Sun Sep 21 12:36:36 GMT 2025","3729","","","","RepositoriesTests.RepositoriesTests.CompetitionRewardRepositoryTests","RepositoriesTests.RepositoriesTests.CompetitionRewardRepositoryTests.UpdateCompetitionReward(cond: PlaceGrantCondition { maxPlace = 2, minPlace = 2, Type = ""place"" }, idx: 4)","RepositoriesTests.RepositoriesTests.CompetitionRewardRepositoryTests.UpdateCompetitionReward(GrantCondition cond, Int32 idx)",""
"passed","Sun Sep 21 12:37:02 GMT 2025","Sun Sep 21 12:37:04 GMT 2025","2964","","","","RepositoriesTests.RepositoriesTests.GranterTests.BasicRewardGranterTests","RepositoriesTests.RepositoriesTests.GranterTests.BasicRewardGranterTests.GetMultipleRewardData(conditions: [PlaceGrantCondition { maxPlace = 1, minPlace = 1, Type = ""place"" }, PlaceGrantCondition { maxPlace = 2, minPlace = 2, Type = ""place"" }])","RepositoriesTests.RepositoriesTests.GranterTests.BasicRewardGranterTests.GetMultipleRewardData(GrantCondition[] conditions)",""
"passed","Sun Sep 21 12:35:21 GMT 2025","Sun Sep 21 12:35:21 GMT 2025","0","","","","ServicesUnitTests.ValidatorTests.PlayerProfileValidatorTests","ServicesUnitTests.ValidatorTests.PlayerProfileValidatorTests.CheckAccountCreation(comp: AccountCreationData { Account = CompetitiveBackend.Core.Objects.Account, Password = 123a5678 }, expected: False)","ServicesUnitTests.ValidatorTests.PlayerProfileValidatorTests.CheckAccountCreation(AccountCreationData comp, Boolean expected)",""
"passed","Sun Sep 21 12:35:21 GMT 2025","Sun Sep 21 12:35:21 GMT 2025","4","","","","ServicesUnitTests.ServiceTests.PlayerParticipationServiceTests","ServicesUnitTests.ServiceTests.PlayerParticipationServiceTests.PlayerParticipationServiceTests_DeleteParticipation","ServicesUnitTests.ServiceTests.PlayerParticipationServiceTests.PlayerParticipationServiceTests_DeleteParticipation",""
"passed","Sun Sep 21 12:35:21 GMT 2025","Sun Sep 21 12:35:21 GMT 2025","0","","","","ServicesUnitTests.ValidatorTests.PlayerProfileValidatorTests","ServicesUnitTests.ValidatorTests.PlayerProfileValidatorTests.CheckAccountCreation(comp: AccountCreationData { Account = CompetitiveBackend.Core.Objects.Account, Password = 12345678 }, expected: False)","ServicesUnitTests.ValidatorTests.PlayerProfileValidatorTests.CheckAccountCreation(AccountCreationData comp, Boolean expected)",""
"passed","Sun Sep 21 12:38:03 GMT 2025","Sun Sep 21 12:38:04 GMT 2025","1437","","","","RepositoriesTests.RepositoriesTests.CompetitionRepositoryUnitTests","RepositoriesTests.RepositoriesTests.CompetitionRepositoryUnitTests.GetAllCompetitions_Empty(dt: DataLimiter { PartitionIndex = 0, Partition = 0, HasNoLimit = True, FirstIndex = 0, LastIndex = 0 })","RepositoriesTests.RepositoriesTests.CompetitionRepositoryUnitTests.GetAllCompetitions_Empty(DataLimiter dt)",""
"passed","Sun Sep 21 12:36:43 GMT 2025","Sun Sep 21 12:36:47 GMT 2025","3729","","","","RepositoriesTests.RepositoriesTests.CompetitionRewardRepositoryTests","RepositoriesTests.RepositoriesTests.CompetitionRewardRepositoryTests.AddCompetitionReward_DifferentRanks(cond: RankGrantCondition { maxRank = 1, minRank = 0.5, Type = ""rank"" }, idx: 1)","RepositoriesTests.RepositoriesTests.CompetitionRewardRepositoryTests.AddCompetitionReward_DifferentRanks(GrantCondition cond, Int32 idx)",""
"passed","Sun Sep 21 12:36:23 GMT 2025","Sun Sep 21 12:36:28 GMT 2025","5499","","","","RepositoriesTests.RepositoriesTests.RewardDescriptionRepositoryTests","RepositoriesTests.RepositoriesTests.RewardDescriptionRepositoryTests.GetRewardIcon_Success","RepositoriesTests.RepositoriesTests.RewardDescriptionRepositoryTests.GetRewardIcon_Success",""
"passed","Sun Sep 21 12:36:25 GMT 2025","Sun Sep 21 12:36:30 GMT 2025","4190","","","","RepositoriesTests.RepositoriesTests.PlayerParticipationRepositoryTests","RepositoriesTests.RepositoriesTests.PlayerParticipationRepositoryTests.GetParticipation(bindPlayer: False, bindCompetition: True)","RepositoriesTests.RepositoriesTests.PlayerParticipationRepositoryTests.GetParticipation(Boolean bindPlayer, Boolean bindCompetition)",""
"passed","Sun Sep 21 12:37:39 GMT 2025","Sun Sep 21 12:37:42 GMT 2025","2771","","","","RepositoriesTests.RepositoriesTests.CompetitionLevelRepositoryTests","RepositoriesTests.RepositoriesTests.CompetitionLevelRepositoryTests.AddCompetitionLevel","RepositoriesTests.RepositoriesTests.CompetitionLevelRepositoryTests.AddCompetitionLevel",""
"passed","Sun Sep 21 12:35:22 GMT 2025","Sun Sep 21 12:35:22 GMT 2025","6","","","","ServicesUnitTests.ServiceTests.PlayerProfileServiceTests","ServicesUnitTests.ServiceTests.PlayerProfileServiceTests.PlayerProfileService_UpdatePlayerProfileImage","ServicesUnitTests.ServiceTests.PlayerProfileServiceTests.PlayerProfileService_UpdatePlayerProfileImage",""
"passed","Sun Sep 21 12:37:59 GMT 2025","Sun Sep 21 12:38:00 GMT 2025","1468","","","","RepositoriesTests.RepositoriesTests.CompetitionRepositoryUnitTests","RepositoriesTests.RepositoriesTests.CompetitionRepositoryUnitTests.GetAllCompetitions_Empty(dt: DataLimiter { PartitionIndex = 0, Partition = 1, HasNoLimit = False, FirstIndex = 0, LastIndex = 1 })","RepositoriesTests.RepositoriesTests.CompetitionRepositoryUnitTests.GetAllCompetitions_Empty(DataLimiter dt)",""
"passed","Sun Sep 21 12:37:07 GMT 2025","Sun Sep 21 12:37:10 GMT 2025","2912","","","","RepositoriesTests.RepositoriesTests.GranterTests.BasicRewardGranterTests","RepositoriesTests.RepositoriesTests.GranterTests.BasicRewardGranterTests.GetMultipleRewardData(conditions: [RankGrantCondition { maxRank = 0.75, minRank = 0.25, Type = ""rank"" }, RankGrantCondition { maxRank = 1, minRank = 0.5, Type = ""rank"" }])","RepositoriesTests.RepositoriesTests.GranterTests.BasicRewardGranterTests.GetMultipleRewardData(GrantCondition[] conditions)",""
"passed","Sun Sep 21 12:37:46 GMT 2025","Sun Sep 21 12:37:47 GMT 2025","1545","","","","RepositoriesTests.RepositoriesTests.PlayerProfileRepositoryUnitTests","RepositoriesTests.RepositoriesTests.PlayerProfileRepositoryUnitTests.GetPlayerProfileImage_Failure","RepositoriesTests.RepositoriesTests.PlayerProfileRepositoryUnitTests.GetPlayerProfileImage_Failure",""
"passed","Sun Sep 21 12:37:24 GMT 2025","Sun Sep 21 12:37:27 GMT 2025","2687","","","","RepositoriesTests.RepositoriesTests.CompetitionRewardRepositoryTests","RepositoriesTests.RepositoriesTests.CompetitionRewardRepositoryTests.GetCompetitionReward_Success(idx: 1)","RepositoriesTests.RepositoriesTests.CompetitionRewardRepositoryTests.GetCompetitionReward_Success(Int32 idx)",""
"passed","Sun Sep 21 12:35:21 GMT 2025","Sun Sep 21 12:35:21 GMT 2025","6","","","","ServicesUnitTests.ServiceTests.CompetitionServiceTests","ServicesUnitTests.ServiceTests.CompetitionServiceTests.CompetitionServiceTest_UpdateCompetition_OK","ServicesUnitTests.ServiceTests.CompetitionServiceTests.CompetitionServiceTest_UpdateCompetition_OK",""
"passed","Sun Sep 21 12:35:21 GMT 2025","Sun Sep 21 12:35:21 GMT 2025","2","","","","ServicesUnitTests.ValidatorTests.CompetitionValidatorTests","ServicesUnitTests.ValidatorTests.CompetitionValidatorTests.CheckOK(comp: Competition { Description = ""**********"", EndDate = 2025-01-01T01:10:01.0000000, Id = null, Name = ""Abo"", StartDate = 2025-01-01T01:01:01.0000000 }, expected: False)","ServicesUnitTests.ValidatorTests.CompetitionValidatorTests.CheckOK(Competition comp, Boolean expected)",""
"passed","Sun Sep 21 12:35:21 GMT 2025","Sun Sep 21 12:35:21 GMT 2025","1","","","","ServicesUnitTests.ValidatorTests.PlayerProfileValidatorTests","ServicesUnitTests.ValidatorTests.PlayerProfileValidatorTests.CheckAccountCreation(comp: AccountCreationData { Account = CompetitiveBackend.Core.Objects.Account, Password = 1234 }, expected: False)","ServicesUnitTests.ValidatorTests.PlayerProfileValidatorTests.CheckAccountCreation(AccountCreationData comp, Boolean expected)",""
"passed","Sun Sep 21 12:35:21 GMT 2025","Sun Sep 21 12:35:21 GMT 2025","0","","","","ServicesUnitTests.ValidatorTests.PlayerProfileValidatorTests","ServicesUnitTests.ValidatorTests.PlayerProfileValidatorTests.CheckAccount(comp: Account { Email = null, Id = null, Login = ""amog"" }, expected: True)","ServicesUnitTests.ValidatorTests.PlayerProfileValidatorTests.CheckAccount(Account comp, Boolean expected)",""
"passed","Sun Sep 21 12:37:52 GMT 2025","Sun Sep 21 12:37:54 GMT 2025","1556","","","","RepositoriesTests.RepositoriesTests.PlayerRewardRepositoryBasicTests","RepositoriesTests.RepositoriesTests.PlayerRewardRepositoryBasicTests.GetPlayerRewards_Success(dt: DataLimiter { PartitionIndex = 0, Partition = 3, HasNoLimit = False, FirstIndex = 0, LastIndex = 3 })","RepositoriesTests.RepositoriesTests.PlayerRewardRepositoryBasicTests.GetPlayerRewards_Success(DataLimiter dt)",""
"passed","Sun Sep 21 12:35:21 GMT 2025","Sun Sep 21 12:35:21 GMT 2025","0","","","","ServicesUnitTests.ValidatorTests.PlayerProfileValidatorTests","ServicesUnitTests.ValidatorTests.PlayerProfileValidatorTests.CheckAccountCreation(comp: AccountCreationData { Account = CompetitiveBackend.Core.Objects.Account, Password = 1234 }, expected: False)","ServicesUnitTests.ValidatorTests.PlayerProfileValidatorTests.CheckAccountCreation(AccountCreationData comp, Boolean expected)",""
"passed","Sun Sep 21 12:35:21 GMT 2025","Sun Sep 21 12:35:21 GMT 2025","31","","","","ServicesUnitTests.ServiceTests.CompetitionServiceTests","ServicesUnitTests.ServiceTests.CompetitionServiceTests.CompetitionServiceTest_UpdateCompetition_Bad1","ServicesUnitTests.ServiceTests.CompetitionServiceTests.CompetitionServiceTest_UpdateCompetition_Bad1",""
"passed","Sun Sep 21 12:35:21 GMT 2025","Sun Sep 21 12:35:21 GMT 2025","5","","","","ServicesUnitTests.ServiceTests.CompetitionLevelServiceTests","ServicesUnitTests.ServiceTests.CompetitionLevelServiceTests.DeleteLevelData_CallsRepositoryWithCorrectId","ServicesUnitTests.ServiceTests.CompetitionLevelServiceTests.DeleteLevelData_CallsRepositoryWithCorrectId",""
"passed","Sun Sep 21 12:37:43 GMT 2025","Sun Sep 21 12:37:45 GMT 2025","1537","","","","RepositoriesTests.RepositoriesTests.CompetitionLevelRepositoryTests","RepositoriesTests.RepositoriesTests.CompetitionLevelRepositoryTests.AddCompetitionLevel_Failure","RepositoriesTests.RepositoriesTests.CompetitionLevelRepositoryTests.AddCompetitionLevel_Failure",""
"passed","Sun Sep 21 12:35:21 GMT 2025","Sun Sep 21 12:35:21 GMT 2025","4","","","","ServicesUnitTests.ServiceTests.CompetitionLevelServiceTests","ServicesUnitTests.ServiceTests.CompetitionLevelServiceTests.GetCompetitionLevel_CallsRepositoryWithParameters","ServicesUnitTests.ServiceTests.CompetitionLevelServiceTests.GetCompetitionLevel_CallsRepositoryWithParameters",""
"passed","Sun Sep 21 12:35:21 GMT 2025","Sun Sep 21 12:35:21 GMT 2025","2","","","","ServicesUnitTests.ValidatorTests.PasswordConstraintTests","ServicesUnitTests.ValidatorTests.PasswordConstraintTests.LettersPasswordTest(password: ""______"", isValid: False)","ServicesUnitTests.ValidatorTests.PasswordConstraintTests.LettersPasswordTest(String password, Boolean isValid)",""
"passed","Sun Sep 21 12:35:21 GMT 2025","Sun Sep 21 12:35:21 GMT 2025","6","","","","ServicesUnitTests.ServiceTests.RewardDescriptionServiceTests","ServicesUnitTests.ServiceTests.RewardDescriptionServiceTests.RewardDescriptionServiceTests_CreateRewardDescription_Failure","ServicesUnitTests.ServiceTests.RewardDescriptionServiceTests.RewardDescriptionServiceTests_CreateRewardDescription_Failure",""
"passed","Sun Sep 21 12:35:21 GMT 2025","Sun Sep 21 12:35:21 GMT 2025","1","","","","ServicesUnitTests.ValidatorTests.PlayerProfileValidatorTests","ServicesUnitTests.ValidatorTests.PlayerProfileValidatorTests.CheckAccountCreation(comp: AccountCreationData { Account = CompetitiveBackend.Core.Objects.Account, Password = 123456a }, expected: False)","ServicesUnitTests.ValidatorTests.PlayerProfileValidatorTests.CheckAccountCreation(AccountCreationData comp, Boolean expected)",""
"passed","Sun Sep 21 12:35:21 GMT 2025","Sun Sep 21 12:35:21 GMT 2025","4","","","","ServicesUnitTests.ServiceTests.CompetitionServiceTests","ServicesUnitTests.ServiceTests.CompetitionServiceTests.CompetitionServiceTests_CreateCompetition_Bad1","ServicesUnitTests.ServiceTests.CompetitionServiceTests.CompetitionServiceTests_CreateCompetition_Bad1",""
"passed","Sun Sep 21 12:35:21 GMT 2025","Sun Sep 21 12:35:21 GMT 2025","2","","","","ServicesUnitTests.ServiceTests.CompetitionRewardServiceTests","ServicesUnitTests.ServiceTests.CompetitionRewardServiceTests.CompetitionRewardServiceTests_RemoveCompetitionReward(etalon: 5)","ServicesUnitTests.ServiceTests.CompetitionRewardServiceTests.CompetitionRewardServiceTests_RemoveCompetitionReward(Int32 etalon)",""
"passed","Sun Sep 21 12:37:10 GMT 2025","Sun Sep 21 12:37:13 GMT 2025","2996","","","","RepositoriesTests.RepositoriesTests.GranterTests.BasicRewardGranterTests","RepositoriesTests.RepositoriesTests.GranterTests.BasicRewardGranterTests.GetMultipleRewardData(conditions: [RankGrantCondition { maxRank = 0, minRank = 0, Type = ""rank"" }, PlaceGrantCondition { maxPlace = 1, minPlace = 1, Type = ""place"" }])","RepositoriesTests.RepositoriesTests.GranterTests.BasicRewardGranterTests.GetMultipleRewardData(GrantCondition[] conditions)",""
"passed","Sun Sep 21 12:37:34 GMT 2025","Sun Sep 21 12:37:37 GMT 2025","2744","","","","RepositoriesTests.RepositoriesTests.PlayerProfileRepositoryUnitTests","RepositoriesTests.RepositoriesTests.PlayerProfileRepositoryUnitTests.GetPlayerProfile_Failure","RepositoriesTests.RepositoriesTests.PlayerProfileRepositoryUnitTests.GetPlayerProfile_Failure",""
"passed","Sun Sep 21 12:37:46 GMT 2025","Sun Sep 21 12:37:48 GMT 2025","1541","","","","RepositoriesTests.RepositoriesTests.CompetitionLevelRepositoryTests","RepositoriesTests.RepositoriesTests.CompetitionLevelRepositoryTests.DeleteCompetitionLevelData_Failure","RepositoriesTests.RepositoriesTests.CompetitionLevelRepositoryTests.DeleteCompetitionLevelData_Failure",""
"passed","Sun Sep 21 12:37:57 GMT 2025","Sun Sep 21 12:37:59 GMT 2025","1482","","","","RepositoriesTests.RepositoriesTests.CompetitionRepositoryUnitTests","RepositoriesTests.RepositoriesTests.CompetitionRepositoryUnitTests.GetAllCompetitions_Empty(dt: DataLimiter { PartitionIndex = 0, Partition = 2, HasNoLimit = False, FirstIndex = 0, LastIndex = 2 })","RepositoriesTests.RepositoriesTests.CompetitionRepositoryUnitTests.GetAllCompetitions_Empty(DataLimiter dt)",""
"passed","Sun Sep 21 12:40:31 GMT 2025","Sun Sep 21 12:40:31 GMT 2025","69","","","","IntegrationalTests.CompetitionIntegrationTests","IntegrationalTests.CompetitionIntegrationTests.CompetitionFetchAll","IntegrationalTests.CompetitionIntegrationTests.CompetitionFetchAll",""
"passed","Sun Sep 21 12:36:37 GMT 2025","Sun Sep 21 12:36:41 GMT 2025","3715","","","","RepositoriesTests.RepositoriesTests.PlayerParticipationRepositoryTests","RepositoriesTests.RepositoriesTests.PlayerParticipationRepositoryTests.CreateParticipationTest_AlreadyExist","RepositoriesTests.RepositoriesTests.PlayerParticipationRepositoryTests.CreateParticipationTest_AlreadyExist",""
"passed","Sun Sep 21 12:36:38 GMT 2025","Sun Sep 21 12:36:42 GMT 2025","4097","","","","RepositoriesTests.RepositoriesTests.GranterTests.BasicRewardGranterTests","RepositoriesTests.RepositoriesTests.GranterTests.BasicRewardGranterTests.GrantRewardsByRank(minRank: 1, maxRank: 1)","RepositoriesTests.RepositoriesTests.GranterTests.BasicRewardGranterTests.GrantRewardsByRank(Single minRank, Single maxRank)",""
"passed","Sun Sep 21 12:35:22 GMT 2025","Sun Sep 21 12:35:22 GMT 2025","13","","","","ServicesUnitTests.ServiceTests.AuthServiceTests","ServicesUnitTests.ServiceTests.AuthServiceTests.AuthService_CreateAccount_Failure","ServicesUnitTests.ServiceTests.AuthServiceTests.AuthService_CreateAccount_Failure",""
"passed","Sun Sep 21 12:35:22 GMT 2025","Sun Sep 21 12:35:22 GMT 2025","2","","","","ServicesUnitTests.ServiceTests.CompetitionRewardServiceTests","ServicesUnitTests.ServiceTests.CompetitionRewardServiceTests.CompetitionRewardServiceTests_GetCompetitionRewards(etalon: 1)","ServicesUnitTests.ServiceTests.CompetitionRewardServiceTests.CompetitionRewardServiceTests_GetCompetitionRewards(Int32 etalon)",""
"passed","Sun Sep 21 12:37:56 GMT 2025","Sun Sep 21 12:37:57 GMT 2025","1469","","","","RepositoriesTests.RepositoriesTests.CompetitionRepositoryUnitTests","RepositoriesTests.RepositoriesTests.CompetitionRepositoryUnitTests.GetAllCompetitions_Empty(dt: DataLimiter { PartitionIndex = 0, Partition = 3, HasNoLimit = False, FirstIndex = 0, LastIndex = 3 })","RepositoriesTests.RepositoriesTests.CompetitionRepositoryUnitTests.GetAllCompetitions_Empty(DataLimiter dt)",""
"passed","Sun Sep 21 12:37:13 GMT 2025","Sun Sep 21 12:37:16 GMT 2025","2865","","","","RepositoriesTests.RepositoriesTests.GranterTests.BasicRewardGranterTests","RepositoriesTests.RepositoriesTests.GranterTests.BasicRewardGranterTests.GrantRewardsTwoParticipantsWithSameScore","RepositoriesTests.RepositoriesTests.GranterTests.BasicRewardGranterTests.GrantRewardsTwoParticipantsWithSameScore",""
"passed","Sun Sep 21 12:35:21 GMT 2025","Sun Sep 21 12:35:21 GMT 2025","1","","","","ServicesUnitTests.ValidatorTests.PlayerProfileValidatorTests","ServicesUnitTests.ValidatorTests.PlayerProfileValidatorTests.CheckAccountCreation(comp: AccountCreationData { Account = CompetitiveBackend.Core.Objects.Account, Password = 12345678a }, expected: True)","ServicesUnitTests.ValidatorTests.PlayerProfileValidatorTests.CheckAccountCreation(AccountCreationData comp, Boolean expected)",""
"passed","Sun Sep 21 12:36:53 GMT 2025","Sun Sep 21 12:36:56 GMT 2025","3014","","","","RepositoriesTests.RepositoriesTests.GranterTests.StoredProcedureGranterTests","RepositoriesTests.RepositoriesTests.GranterTests.StoredProcedureGranterTests.MissingCompetition","RepositoriesTests.RepositoriesTests.GranterTests.StoredProcedureGranterTests.MissingCompetition",""
"passed","Sun Sep 21 12:35:21 GMT 2025","Sun Sep 21 12:35:21 GMT 2025","2","","","","ServicesUnitTests.ValidatorTests.PlayerProfileValidatorTests","ServicesUnitTests.ValidatorTests.PlayerProfileValidatorTests.CheckAccountCreation(comp: AccountCreationData { Account = CompetitiveBackend.Core.Objects.Account, Password =  }, expected: False)","ServicesUnitTests.ValidatorTests.PlayerProfileValidatorTests.CheckAccountCreation(AccountCreationData comp, Boolean expected)",""
"passed","Sun Sep 21 12:38:07 GMT 2025","Sun Sep 21 12:38:09 GMT 2025","1520","","","","RepositoriesTests.RepositoriesTests.CompetitionRepositoryUnitTests","RepositoriesTests.RepositoriesTests.CompetitionRepositoryUnitTests.CreateCompetition_Success","RepositoriesTests.RepositoriesTests.CompetitionRepositoryUnitTests.CreateCompetition_Success",""
"passed","Sun Sep 21 12:38:06 GMT 2025","Sun Sep 21 12:38:07 GMT 2025","1608","","","","RepositoriesTests.RepositoriesTests.CompetitionRepositoryUnitTests","RepositoriesTests.RepositoriesTests.CompetitionRepositoryUnitTests.UpdateCompetition_Success","RepositoriesTests.RepositoriesTests.CompetitionRepositoryUnitTests.UpdateCompetition_Success",""
"passed","Sun Sep 21 12:36:55 GMT 2025","Sun Sep 21 12:36:58 GMT 2025","3210","","","","RepositoriesTests.RepositoriesTests.GranterTests.BasicRewardGranterTests","RepositoriesTests.RepositoriesTests.GranterTests.BasicRewardGranterTests.CannotGrantTwice","RepositoriesTests.RepositoriesTests.GranterTests.BasicRewardGranterTests.CannotGrantTwice",""
"passed","Sun Sep 21 12:35:21 GMT 2025","Sun Sep 21 12:35:21 GMT 2025","1","","","","ServicesUnitTests.ValidatorTests.PlayerProfileValidatorTests","ServicesUnitTests.ValidatorTests.PlayerProfileValidatorTests.CheckAccountCreation(comp: AccountCreationData { Account = CompetitiveBackend.Core.Objects.Account, Password = 123a5678 }, expected: True)","ServicesUnitTests.ValidatorTests.PlayerProfileValidatorTests.CheckAccountCreation(AccountCreationData comp, Boolean expected)",""
