"Status","Start Time","Stop Time","Duration in ms","Parent Suite","Suite","Sub Suite","Test Class","Test Method","Name","Description"
"passed","Fri Sep 19 17:30:29 GMT 2025","Fri Sep 19 17:30:29 GMT 2025","0","","","","ServicesUnitTests.ValidatorTests.CompetitionValidatorTests","ServicesUnitTests.ValidatorTests.CompetitionValidatorTests.CheckOK(comp: Competition { Description = ""************"", EndDate = 2025-01-01T01:10:01.0000000, Id = null, Name = ""Colon"", StartDate = 2025-01-01T01:01:01.0000000 }, expected: False)","ServicesUnitTests.ValidatorTests.CompetitionValidatorTests.CheckOK(Competition comp, Boolean expected)",""
"passed","Fri Sep 19 17:33:16 GMT 2025","Fri Sep 19 17:33:17 GMT 2025","1497","","","","RepositoriesTests.RepositoriesTests.CompetitionRepositoryUnitTests","RepositoriesTests.RepositoriesTests.CompetitionRepositoryUnitTests.GetAllCompetitions_Basic(dt: DataLimiter { PartitionIndex = 0, Partition = 3, HasNoLimit = False, FirstIndex = 0, LastIndex = 3 })","RepositoriesTests.RepositoriesTests.CompetitionRepositoryUnitTests.GetAllCompetitions_Basic(DataLimiter dt)",""
"passed","Fri Sep 19 17:32:22 GMT 2025","Fri Sep 19 17:32:25 GMT 2025","2725","","","","RepositoriesTests.RepositoriesTests.CompetitionRewardRepositoryTests","RepositoriesTests.RepositoriesTests.CompetitionRewardRepositoryTests.DeleteCompetitionReward_Failure","RepositoriesTests.RepositoriesTests.CompetitionRewardRepositoryTests.DeleteCompetitionReward_Failure",""
"passed","Fri Sep 19 17:30:29 GMT 2025","Fri Sep 19 17:30:29 GMT 2025","4","","","","ServicesUnitTests.ServiceTests.RewardDescriptionServiceTests","ServicesUnitTests.ServiceTests.RewardDescriptionServiceTests.RewardDescriptionServiceTests_GetRewardIcon","ServicesUnitTests.ServiceTests.RewardDescriptionServiceTests.RewardDescriptionServiceTests_GetRewardIcon",""
"passed","Fri Sep 19 17:30:29 GMT 2025","Fri Sep 19 17:30:29 GMT 2025","0","","","","ServicesUnitTests.ValidatorTests.PlayerProfileValidatorTests","ServicesUnitTests.ValidatorTests.PlayerProfileValidatorTests.CheckAccountCreation(comp: AccountCreationData { Account = CompetitiveBackend.Core.Objects.Account, Password = 123456a }, expected: False)","ServicesUnitTests.ValidatorTests.PlayerProfileValidatorTests.CheckAccountCreation(AccountCreationData comp, Boolean expected)",""
"passed","Fri Sep 19 17:30:29 GMT 2025","Fri Sep 19 17:30:29 GMT 2025","7","","","","ServicesUnitTests.ServiceTests.RewardDescriptionServiceTests","ServicesUnitTests.ServiceTests.RewardDescriptionServiceTests.RewardDescriptionServiceTests_SetRewardIcon","ServicesUnitTests.ServiceTests.RewardDescriptionServiceTests.RewardDescriptionServiceTests_SetRewardIcon",""
"passed","Fri Sep 19 17:30:29 GMT 2025","Fri Sep 19 17:30:29 GMT 2025","2","","","","ServicesUnitTests.ValidatorTests.PlayerProfileValidatorTests","ServicesUnitTests.ValidatorTests.PlayerProfileValidatorTests.CheckAccount(comp: Account { Email = """", Id = null, Login = """" }, expected: False)","ServicesUnitTests.ValidatorTests.PlayerProfileValidatorTests.CheckAccount(Account comp, Boolean expected)",""
"passed","Fri Sep 19 17:31:31 GMT 2025","Fri Sep 19 17:31:35 GMT 2025","3888","","","","RepositoriesTests.RepositoriesTests.SessionRepositoryUnitTests","RepositoriesTests.RepositoriesTests.SessionRepositoryUnitTests.CreateSessionToken_Unknown","RepositoriesTests.RepositoriesTests.SessionRepositoryUnitTests.CreateSessionToken_Unknown",""
"passed","Fri Sep 19 17:32:32 GMT 2025","Fri Sep 19 17:32:35 GMT 2025","2630","","","","RepositoriesTests.RepositoriesTests.PlayerProfileRepositoryUnitTests","RepositoriesTests.RepositoriesTests.PlayerProfileRepositoryUnitTests.GetPlayerProfile_Failure","RepositoriesTests.RepositoriesTests.PlayerProfileRepositoryUnitTests.GetPlayerProfile_Failure",""
"passed","Fri Sep 19 17:33:14 GMT 2025","Fri Sep 19 17:33:16 GMT 2025","1478","","","","RepositoriesTests.RepositoriesTests.CompetitionRepositoryUnitTests","RepositoriesTests.RepositoriesTests.CompetitionRepositoryUnitTests.GetCompetition_Failure","RepositoriesTests.RepositoriesTests.CompetitionRepositoryUnitTests.GetCompetition_Failure",""
"passed","Fri Sep 19 17:30:29 GMT 2025","Fri Sep 19 17:30:29 GMT 2025","3","","","","ServicesUnitTests.ServiceTests.CompetitionServiceTests","ServicesUnitTests.ServiceTests.CompetitionServiceTests.CompetitionServiceTest_UpdateCompetition_Bad2","ServicesUnitTests.ServiceTests.CompetitionServiceTests.CompetitionServiceTest_UpdateCompetition_Bad2",""
"passed","Fri Sep 19 17:32:14 GMT 2025","Fri Sep 19 17:32:17 GMT 2025","3049","","","","RepositoriesTests.RepositoriesTests.GranterTests.BasicRewardGranterTests","RepositoriesTests.RepositoriesTests.GranterTests.BasicRewardGranterTests.GetMultipleRewardData(conditions: [RankGrantCondition { maxRank = 0, minRank = 0, Type = ""rank"" }, PlaceGrantCondition { maxPlace = 1, minPlace = 1, Type = ""place"" }])","RepositoriesTests.RepositoriesTests.GranterTests.BasicRewardGranterTests.GetMultipleRewardData(GrantCondition[] conditions)",""
"passed","Fri Sep 19 17:30:29 GMT 2025","Fri Sep 19 17:30:29 GMT 2025","0","","","","ServicesUnitTests.ValidatorTests.PlayerProfileValidatorTests","ServicesUnitTests.ValidatorTests.PlayerProfileValidatorTests.CheckAccountCreation(comp: AccountCreationData { Account = CompetitiveBackend.Core.Objects.Account, Password =  }, expected: False)","ServicesUnitTests.ValidatorTests.PlayerProfileValidatorTests.CheckAccountCreation(AccountCreationData comp, Boolean expected)",""
"passed","Fri Sep 19 17:30:29 GMT 2025","Fri Sep 19 17:30:29 GMT 2025","27","","","","ServicesUnitTests.ValidatorTests.PlayerProfileValidatorTests","ServicesUnitTests.ValidatorTests.PlayerProfileValidatorTests.CheckPlayerProfile(comp: PlayerProfile { Description = ""****************"", Id = 0, Name = ""****"" }, expected: True)","ServicesUnitTests.ValidatorTests.PlayerProfileValidatorTests.CheckPlayerProfile(PlayerProfile comp, Boolean expected)",""
"passed","Fri Sep 19 17:32:44 GMT 2025","Fri Sep 19 17:32:46 GMT 2025","1548","","","","RepositoriesTests.RepositoriesTests.CompetitionLevelRepositoryTests","RepositoriesTests.RepositoriesTests.CompetitionLevelRepositoryTests.GetAllLevelData_Empty","RepositoriesTests.RepositoriesTests.CompetitionLevelRepositoryTests.GetAllLevelData_Empty",""
"passed","Fri Sep 19 17:30:29 GMT 2025","Fri Sep 19 17:30:29 GMT 2025","5","","","","ServicesUnitTests.ServiceTests.RewardDescriptionServiceTests","ServicesUnitTests.ServiceTests.RewardDescriptionServiceTests.RewardDescriptionServiceTests_CreateRewardDescription","ServicesUnitTests.ServiceTests.RewardDescriptionServiceTests.RewardDescriptionServiceTests_CreateRewardDescription",""
"passed","Fri Sep 19 17:31:27 GMT 2025","Fri Sep 19 17:31:31 GMT 2025","4427","","","","RepositoriesTests.RepositoriesTests.PlayerParticipationRepositoryTests","RepositoriesTests.RepositoriesTests.PlayerParticipationRepositoryTests.GetParticipation(bindPlayer: True, bindCompetition: False)","RepositoriesTests.RepositoriesTests.PlayerParticipationRepositoryTests.GetParticipation(Boolean bindPlayer, Boolean bindCompetition)",""
"passed","Fri Sep 19 17:32:30 GMT 2025","Fri Sep 19 17:32:32 GMT 2025","2666","","","","RepositoriesTests.RepositoriesTests.PlayerProfileRepositoryUnitTests","RepositoriesTests.RepositoriesTests.PlayerProfileRepositoryUnitTests.UpdatePlayerProfileImage_Failure","RepositoriesTests.RepositoriesTests.PlayerProfileRepositoryUnitTests.UpdatePlayerProfileImage_Failure",""
"passed","Fri Sep 19 17:30:29 GMT 2025","Fri Sep 19 17:30:29 GMT 2025","0","","","","ServicesUnitTests.ValidatorTests.PlayerProfileValidatorTests","ServicesUnitTests.ValidatorTests.PlayerProfileValidatorTests.CheckAccountCreation(comp: AccountCreationData { Account = CompetitiveBackend.Core.Objects.Account, Password = 1234 }, expected: False)","ServicesUnitTests.ValidatorTests.PlayerProfileValidatorTests.CheckAccountCreation(AccountCreationData comp, Boolean expected)",""
"passed","Fri Sep 19 17:30:29 GMT 2025","Fri Sep 19 17:30:29 GMT 2025","4","","","","ServicesUnitTests.ServiceTests.PlayerParticipationServiceTests","ServicesUnitTests.ServiceTests.PlayerParticipationServiceTests.PlayerParticipationServiceTests_SubmitParticipation_UPDATE","ServicesUnitTests.ServiceTests.PlayerParticipationServiceTests.PlayerParticipationServiceTests_SubmitParticipation_UPDATE",""
"passed","Fri Sep 19 17:30:29 GMT 2025","Fri Sep 19 17:30:29 GMT 2025","10","","","","ServicesUnitTests.ServiceTests.PlayerProfileServiceTests","ServicesUnitTests.ServiceTests.PlayerProfileServiceTests.PlayerProfileService_UpdatePlayerProfile","ServicesUnitTests.ServiceTests.PlayerProfileServiceTests.PlayerProfileService_UpdatePlayerProfile",""
"passed","Fri Sep 19 17:31:52 GMT 2025","Fri Sep 19 17:31:55 GMT 2025","3102","","","","RepositoriesTests.RepositoriesTests.CompetitionRewardRepositoryTests","RepositoriesTests.RepositoriesTests.CompetitionRewardRepositoryTests.AddCompetitionReward_DifferentRanks(cond: RankGrantCondition { maxRank = 0.5, minRank = 0, Type = ""rank"" }, idx: 2)","RepositoriesTests.RepositoriesTests.CompetitionRewardRepositoryTests.AddCompetitionReward_DifferentRanks(GrantCondition cond, Int32 idx)",""
"passed","Fri Sep 19 17:31:42 GMT 2025","Fri Sep 19 17:31:45 GMT 2025","3891","","","","RepositoriesTests.RepositoriesTests.GranterTests.BasicRewardGranterTests","RepositoriesTests.RepositoriesTests.GranterTests.BasicRewardGranterTests.GrantRewardsByRank(minRank: 1, maxRank: 1)","RepositoriesTests.RepositoriesTests.GranterTests.BasicRewardGranterTests.GrantRewardsByRank(Single minRank, Single maxRank)",""
"passed","Fri Sep 19 17:32:43 GMT 2025","Fri Sep 19 17:32:44 GMT 2025","1692","","","","RepositoriesTests.RepositoriesTests.CompetitionLevelRepositoryTests","RepositoriesTests.RepositoriesTests.CompetitionLevelRepositoryTests.AddCompetitionLevel","RepositoriesTests.RepositoriesTests.CompetitionLevelRepositoryTests.AddCompetitionLevel",""
"passed","Fri Sep 19 17:32:30 GMT 2025","Fri Sep 19 17:32:33 GMT 2025","2761","","","","RepositoriesTests.RepositoriesTests.PlayerParticipationRepositoryTests","RepositoriesTests.RepositoriesTests.PlayerParticipationRepositoryTests.GetPlayerParticipations(dt: DataLimiter { PartitionIndex = 1, Partition = 2, HasNoLimit = False, FirstIndex = 2, LastIndex = 4 }, bindPlayer: True, bindCompetition: False)","RepositoriesTests.RepositoriesTests.PlayerParticipationRepositoryTests.GetPlayerParticipations(DataLimiter dt, Boolean bindPlayer, Boolean bindCompetition)",""
"passed","Fri Sep 19 17:30:29 GMT 2025","Fri Sep 19 17:30:29 GMT 2025","0","","","","ServicesUnitTests.ValidatorTests.PlayerProfileValidatorTests","ServicesUnitTests.ValidatorTests.PlayerProfileValidatorTests.CheckPlayerProfile(comp: PlayerProfile { Description = ""*"", Id = 0, Name = ""****************"" }, expected: True)","ServicesUnitTests.ValidatorTests.PlayerProfileValidatorTests.CheckPlayerProfile(PlayerProfile comp, Boolean expected)",""
"passed","Fri Sep 19 17:30:29 GMT 2025","Fri Sep 19 17:30:29 GMT 2025","6","","","","ServicesUnitTests.ServiceTests.AuthServiceTests","ServicesUnitTests.ServiceTests.AuthServiceTests.AuthService_LogIn_BadPassword","ServicesUnitTests.ServiceTests.AuthServiceTests.AuthService_LogIn_BadPassword",""
"passed","Fri Sep 19 17:31:05 GMT 2025","Fri Sep 19 17:31:22 GMT 2025","17285","","","","RepositoriesTests.RepositoriesTests.AccountRepositoryUnitTests","RepositoriesTests.RepositoriesTests.AccountRepositoryUnitTests.CreateAccountTest","RepositoriesTests.RepositoriesTests.AccountRepositoryUnitTests.CreateAccountTest",""
"passed","Fri Sep 19 17:31:36 GMT 2025","Fri Sep 19 17:31:40 GMT 2025","3419","","","","RepositoriesTests.RepositoriesTests.RewardDescriptionRepositoryTests","RepositoriesTests.RepositoriesTests.RewardDescriptionRepositoryTests.UpdateRewardDescription_Failure","RepositoriesTests.RepositoriesTests.RewardDescriptionRepositoryTests.UpdateRewardDescription_Failure",""
"passed","Fri Sep 19 17:30:29 GMT 2025","Fri Sep 19 17:30:29 GMT 2025","2","","","","ServicesUnitTests.ServiceTests.CompetitionLevelServiceTests","ServicesUnitTests.ServiceTests.CompetitionLevelServiceTests.GetAllLevelData_CallsRepositoryWithCorrectId","ServicesUnitTests.ServiceTests.CompetitionLevelServiceTests.GetAllLevelData_CallsRepositoryWithCorrectId",""
"passed","Fri Sep 19 17:30:29 GMT 2025","Fri Sep 19 17:30:29 GMT 2025","6","","","","ServicesUnitTests.ServiceTests.CompetitionRewardSchedulerTests","ServicesUnitTests.ServiceTests.CompetitionRewardSchedulerTests.CompetitionRewardSchedulerTests_OnRecievedMessage_Skip","ServicesUnitTests.ServiceTests.CompetitionRewardSchedulerTests.CompetitionRewardSchedulerTests_OnRecievedMessage_Skip",""
"passed","Fri Sep 19 17:32:01 GMT 2025","Fri Sep 19 17:32:04 GMT 2025","3068","","","","RepositoriesTests.RepositoriesTests.CompetitionRewardRepositoryTests","RepositoriesTests.RepositoriesTests.CompetitionRewardRepositoryTests.AddCompetitionReward_DifferentRanks(cond: PlaceGrantCondition { maxPlace = 50, minPlace = 4, Type = ""place"" }, idx: 5)","RepositoriesTests.RepositoriesTests.CompetitionRewardRepositoryTests.AddCompetitionReward_DifferentRanks(GrantCondition cond, Int32 idx)",""
"passed","Fri Sep 19 17:30:29 GMT 2025","Fri Sep 19 17:30:29 GMT 2025","1","","","","ServicesUnitTests.ValidatorTests.PlayerProfileValidatorTests","ServicesUnitTests.ValidatorTests.PlayerProfileValidatorTests.CheckAccountCreation(comp: AccountCreationData { Account = CompetitiveBackend.Core.Objects.Account, Password =  }, expected: False)","ServicesUnitTests.ValidatorTests.PlayerProfileValidatorTests.CheckAccountCreation(AccountCreationData comp, Boolean expected)",""
"passed","Fri Sep 19 17:32:11 GMT 2025","Fri Sep 19 17:32:14 GMT 2025","2919","","","","RepositoriesTests.RepositoriesTests.PlayerParticipationRepositoryTests","RepositoriesTests.RepositoriesTests.PlayerParticipationRepositoryTests.GetLeaderboard(dt: DataLimiter { PartitionIndex = 1, Partition = 2, HasNoLimit = False, FirstIndex = 2, LastIndex = 4 }, bindPlayer: False, bindCompetition: True)","RepositoriesTests.RepositoriesTests.PlayerParticipationRepositoryTests.GetLeaderboard(DataLimiter dt, Boolean bindPlayer, Boolean bindCompetition)",""
"passed","Fri Sep 19 17:32:27 GMT 2025","Fri Sep 19 17:32:30 GMT 2025","2687","","","","RepositoriesTests.RepositoriesTests.PlayerParticipationRepositoryTests","RepositoriesTests.RepositoriesTests.PlayerParticipationRepositoryTests.GetPlayerParticipations(dt: DataLimiter { PartitionIndex = 1, Partition = 2, HasNoLimit = False, FirstIndex = 2, LastIndex = 4 }, bindPlayer: False, bindCompetition: False)","RepositoriesTests.RepositoriesTests.PlayerParticipationRepositoryTests.GetPlayerParticipations(DataLimiter dt, Boolean bindPlayer, Boolean bindCompetition)",""
"passed","Fri Sep 19 17:31:05 GMT 2025","Fri Sep 19 17:31:22 GMT 2025","16945","","","","RepositoriesTests.RepositoriesTests.PlayerParticipationRepositoryTests","RepositoriesTests.RepositoriesTests.PlayerParticipationRepositoryTests.UpdateParticipationTest","RepositoriesTests.RepositoriesTests.PlayerParticipationRepositoryTests.UpdateParticipationTest",""
"passed","Fri Sep 19 17:30:29 GMT 2025","Fri Sep 19 17:30:29 GMT 2025","4","","","","ServicesUnitTests.ServiceTests.CompetitionServiceTests","ServicesUnitTests.ServiceTests.CompetitionServiceTests.CompetitionServiceTest_UpdateCompetition_OK2","ServicesUnitTests.ServiceTests.CompetitionServiceTests.CompetitionServiceTest_UpdateCompetition_OK2",""
"passed","Fri Sep 19 17:33:17 GMT 2025","Fri Sep 19 17:33:19 GMT 2025","1465","","","","RepositoriesTests.RepositoriesTests.CompetitionRepositoryUnitTests","RepositoriesTests.RepositoriesTests.CompetitionRepositoryUnitTests.GetAllCompetitions_Basic(dt: DataLimiter { PartitionIndex = 0, Partition = 2, HasNoLimit = False, FirstIndex = 0, LastIndex = 2 })","RepositoriesTests.RepositoriesTests.CompetitionRepositoryUnitTests.GetAllCompetitions_Basic(DataLimiter dt)",""
"passed","Fri Sep 19 17:30:29 GMT 2025","Fri Sep 19 17:30:29 GMT 2025","4","","","","ServicesUnitTests.ServiceTests.RewardDescriptionServiceTests","ServicesUnitTests.ServiceTests.RewardDescriptionServiceTests.RewardDescriptionServiceTests_UpdateRewardDescription_Ok","ServicesUnitTests.ServiceTests.RewardDescriptionServiceTests.RewardDescriptionServiceTests_UpdateRewardDescription_Ok",""
"passed","Fri Sep 19 17:31:45 GMT 2025","Fri Sep 19 17:31:49 GMT 2025","3764","","","","RepositoriesTests.RepositoriesTests.CompetitionRewardRepositoryTests","RepositoriesTests.RepositoriesTests.CompetitionRewardRepositoryTests.AddCompetitionReward_DifferentRanks(cond: RankGrantCondition { maxRank = 1, minRank = 0, Type = ""rank"" }, idx: 0)","RepositoriesTests.RepositoriesTests.CompetitionRewardRepositoryTests.AddCompetitionReward_DifferentRanks(GrantCondition cond, Int32 idx)",""
"passed","Fri Sep 19 17:31:58 GMT 2025","Fri Sep 19 17:32:01 GMT 2025","3097","","","","RepositoriesTests.RepositoriesTests.CompetitionRewardRepositoryTests","RepositoriesTests.RepositoriesTests.CompetitionRewardRepositoryTests.AddCompetitionReward_DifferentRanks(cond: PlaceGrantCondition { maxPlace = 2, minPlace = 2, Type = ""place"" }, idx: 4)","RepositoriesTests.RepositoriesTests.CompetitionRewardRepositoryTests.AddCompetitionReward_DifferentRanks(GrantCondition cond, Int32 idx)",""
"passed","Fri Sep 19 17:30:29 GMT 2025","Fri Sep 19 17:30:29 GMT 2025","36","","","","ServicesUnitTests.ServiceTests.PlayerRewardServiceTests","ServicesUnitTests.ServiceTests.PlayerRewardServiceTests.PlayerRewardServiceTest_GetAllRewardsOf","ServicesUnitTests.ServiceTests.PlayerRewardServiceTests.PlayerRewardServiceTest_GetAllRewardsOf",""
"passed","Fri Sep 19 17:32:40 GMT 2025","Fri Sep 19 17:32:42 GMT 2025","2669","","","","RepositoriesTests.RepositoriesTests.PlayerParticipationRepositoryTests","RepositoriesTests.RepositoriesTests.PlayerParticipationRepositoryTests.DeleteParticipation_Failure","RepositoriesTests.RepositoriesTests.PlayerParticipationRepositoryTests.DeleteParticipation_Failure",""
"passed","Fri Sep 19 17:31:05 GMT 2025","Fri Sep 19 17:31:22 GMT 2025","16776","","","","RepositoriesTests.RepositoriesTests.SessionRepositoryUnitTests","RepositoriesTests.RepositoriesTests.SessionRepositoryUnitTests.CreateSessionTokenFor_Failure","RepositoriesTests.RepositoriesTests.SessionRepositoryUnitTests.CreateSessionTokenFor_Failure",""
"passed","Fri Sep 19 17:30:29 GMT 2025","Fri Sep 19 17:30:29 GMT 2025","0","","","","ServicesUnitTests.ValidatorTests.PasswordConstraintTests","ServicesUnitTests.ValidatorTests.PasswordConstraintTests.LettersPasswordTest(password: ""123"", isValid: False)","ServicesUnitTests.ValidatorTests.PasswordConstraintTests.LettersPasswordTest(String password, Boolean isValid)",""
"passed","Fri Sep 19 17:30:29 GMT 2025","Fri Sep 19 17:30:29 GMT 2025","2","","","","ServicesUnitTests.ServiceTests.CompetitionRewardServiceTests","ServicesUnitTests.ServiceTests.CompetitionRewardServiceTests.CompetitionRewardServiceTests_RemoveCompetitionReward(etalon: 1)","ServicesUnitTests.ServiceTests.CompetitionRewardServiceTests.CompetitionRewardServiceTests_RemoveCompetitionReward(Int32 etalon)",""
"passed","Fri Sep 19 17:30:29 GMT 2025","Fri Sep 19 17:30:29 GMT 2025","19","","","","ServicesUnitTests.ValidatorTests.PlayerProfileValidatorTests","ServicesUnitTests.ValidatorTests.PlayerProfileValidatorTests.CheckAccountCreation(comp: AccountCreationData { Account = CompetitiveBackend.Core.Objects.Account, Password = 1234 }, expected: False)","ServicesUnitTests.ValidatorTests.PlayerProfileValidatorTests.CheckAccountCreation(AccountCreationData comp, Boolean expected)",""
"passed","Fri Sep 19 17:33:07 GMT 2025","Fri Sep 19 17:33:08 GMT 2025","1414","","","","RepositoriesTests.RepositoriesTests.CompetitionRepositoryUnitTests","RepositoriesTests.RepositoriesTests.CompetitionRepositoryUnitTests.UpdateCompetition_Failure2","RepositoriesTests.RepositoriesTests.CompetitionRepositoryUnitTests.UpdateCompetition_Failure2",""
"passed","Fri Sep 19 17:33:13 GMT 2025","Fri Sep 19 17:33:14 GMT 2025","1418","","","","RepositoriesTests.RepositoriesTests.CompetitionRepositoryUnitTests","RepositoriesTests.RepositoriesTests.CompetitionRepositoryUnitTests.GetActualCompetitions_Basic","RepositoriesTests.RepositoriesTests.CompetitionRepositoryUnitTests.GetActualCompetitions_Basic",""
"passed","Fri Sep 19 17:30:29 GMT 2025","Fri Sep 19 17:30:29 GMT 2025","0","","","","ServicesUnitTests.ValidatorTests.CompetitionValidatorTests","ServicesUnitTests.ValidatorTests.CompetitionValidatorTests.CheckOK(comp: Competition { Description = ""*********"", EndDate = 2025-01-01T01:10:01.0000000, Id = null, Name = ""Colon"", StartDate = 2025-01-01T01:01:01.0000000 }, expected: False)","ServicesUnitTests.ValidatorTests.CompetitionValidatorTests.CheckOK(Competition comp, Boolean expected)",""
"passed","Fri Sep 19 17:30:29 GMT 2025","Fri Sep 19 17:30:29 GMT 2025","3","","","","ServicesUnitTests.ServiceTests.PlayerProfileServiceTests","ServicesUnitTests.ServiceTests.PlayerProfileServiceTests.PlayerProfileService_UpdatePlayerProfileImage","ServicesUnitTests.ServiceTests.PlayerProfileServiceTests.PlayerProfileService_UpdatePlayerProfileImage",""
"passed","Fri Sep 19 17:32:52 GMT 2025","Fri Sep 19 17:32:54 GMT 2025","1532","","","","RepositoriesTests.RepositoriesTests.CompetitionLevelRepositoryTests","RepositoriesTests.RepositoriesTests.CompetitionLevelRepositoryTests.GetSpecificLevelDataInfo_Failure","RepositoriesTests.RepositoriesTests.CompetitionLevelRepositoryTests.GetSpecificLevelDataInfo_Failure",""
"passed","Fri Sep 19 17:30:29 GMT 2025","Fri Sep 19 17:30:29 GMT 2025","5","","","","ServicesUnitTests.ServiceTests.RewardDescriptionServiceTests","ServicesUnitTests.ServiceTests.RewardDescriptionServiceTests.RewardDescriptionServiceTests_GetAllRewardDescriptions","ServicesUnitTests.ServiceTests.RewardDescriptionServiceTests.RewardDescriptionServiceTests_GetAllRewardDescriptions",""
"passed","Fri Sep 19 17:30:29 GMT 2025","Fri Sep 19 17:30:29 GMT 2025","1","","","","ServicesUnitTests.ValidatorTests.PlayerProfileValidatorTests","ServicesUnitTests.ValidatorTests.PlayerProfileValidatorTests.CheckAccount(comp: Account { Email = null, Id = null, Login = null }, expected: False)","ServicesUnitTests.ValidatorTests.PlayerProfileValidatorTests.CheckAccount(Account comp, Boolean expected)",""
"passed","Fri Sep 19 17:30:29 GMT 2025","Fri Sep 19 17:30:29 GMT 2025","1","","","","ServicesUnitTests.ValidatorTests.PlayerProfileValidatorTests","ServicesUnitTests.ValidatorTests.PlayerProfileValidatorTests.CheckAccountCreation(comp: AccountCreationData { Account = CompetitiveBackend.Core.Objects.Account, Password = 12345678a }, expected: False)","ServicesUnitTests.ValidatorTests.PlayerProfileValidatorTests.CheckAccountCreation(AccountCreationData comp, Boolean expected)",""
"passed","Fri Sep 19 17:31:46 GMT 2025","Fri Sep 19 17:31:50 GMT 2025","3703","","","","RepositoriesTests.RepositoriesTests.GranterTests.StoredProcedureGranterTests","RepositoriesTests.RepositoriesTests.GranterTests.StoredProcedureGranterTests.GrantRewardsByPlace(minPlace: 5, maxPlace: 6)","RepositoriesTests.RepositoriesTests.GranterTests.StoredProcedureGranterTests.GrantRewardsByPlace(Int32 minPlace, Int32 maxPlace)",""
"passed","Fri Sep 19 17:32:54 GMT 2025","Fri Sep 19 17:32:55 GMT 2025","1517","","","","RepositoriesTests.RepositoriesTests.CompetitionLevelRepositoryTests","RepositoriesTests.RepositoriesTests.CompetitionLevelRepositoryTests.UpdateCompetitionLevel_Failure","RepositoriesTests.RepositoriesTests.CompetitionLevelRepositoryTests.UpdateCompetitionLevel_Failure",""
"passed","Fri Sep 19 17:32:40 GMT 2025","Fri Sep 19 17:32:42 GMT 2025","1577","","","","RepositoriesTests.RepositoriesTests.PlayerProfileRepositoryUnitTests","RepositoriesTests.RepositoriesTests.PlayerProfileRepositoryUnitTests.GetPlayerProfile_Success","RepositoriesTests.RepositoriesTests.PlayerProfileRepositoryUnitTests.GetPlayerProfile_Success",""
"passed","Fri Sep 19 17:32:03 GMT 2025","Fri Sep 19 17:32:06 GMT 2025","3001","","","","RepositoriesTests.RepositoriesTests.CompetitionLevelRepositoryTests","RepositoriesTests.RepositoriesTests.CompetitionLevelRepositoryTests.GetLevelDataTests(platform: ""Windows"", maxVersion: null, data: [7, 8, 9])","RepositoriesTests.RepositoriesTests.CompetitionLevelRepositoryTests.GetLevelDataTests(String platform, Nullable<Int32> maxVersion, Byte[] data)",""
"passed","Fri Sep 19 17:31:22 GMT 2025","Fri Sep 19 17:31:27 GMT 2025","5010","","","","RepositoriesTests.RepositoriesTests.PlayerParticipationRepositoryTests","RepositoriesTests.RepositoriesTests.PlayerParticipationRepositoryTests.GetParticipation_Missing","RepositoriesTests.RepositoriesTests.PlayerParticipationRepositoryTests.GetParticipation_Missing",""
"passed","Fri Sep 19 17:31:40 GMT 2025","Fri Sep 19 17:31:44 GMT 2025","3574","","","","RepositoriesTests.RepositoriesTests.CompetitionLevelRepositoryTests","RepositoriesTests.RepositoriesTests.CompetitionLevelRepositoryTests.GetSpecificLevelDataInfo(idx: 1)","RepositoriesTests.RepositoriesTests.CompetitionLevelRepositoryTests.GetSpecificLevelDataInfo(Int32 idx)",""
"passed","Fri Sep 19 17:32:47 GMT 2025","Fri Sep 19 17:32:48 GMT 2025","1568","","","","RepositoriesTests.RepositoriesTests.PlayerRewardRepositoryBasicTests","RepositoriesTests.RepositoriesTests.PlayerRewardRepositoryBasicTests.AddReward_Success","RepositoriesTests.RepositoriesTests.PlayerRewardRepositoryBasicTests.AddReward_Success",""
"passed","Fri Sep 19 17:31:31 GMT 2025","Fri Sep 19 17:31:35 GMT 2025","4097","","","","RepositoriesTests.RepositoriesTests.PlayerParticipationRepositoryTests","RepositoriesTests.RepositoriesTests.PlayerParticipationRepositoryTests.GetParticipation(bindPlayer: False, bindCompetition: True)","RepositoriesTests.RepositoriesTests.PlayerParticipationRepositoryTests.GetParticipation(Boolean bindPlayer, Boolean bindCompetition)",""
"passed","Fri Sep 19 17:30:29 GMT 2025","Fri Sep 19 17:30:29 GMT 2025","0","","","","ServicesUnitTests.ValidatorTests.PasswordConstraintTests","ServicesUnitTests.ValidatorTests.PasswordConstraintTests.LettersPasswordTest(password: ""___A___"", isValid: True)","ServicesUnitTests.ValidatorTests.PasswordConstraintTests.LettersPasswordTest(String password, Boolean isValid)",""
"passed","Fri Sep 19 17:32:30 GMT 2025","Fri Sep 19 17:32:33 GMT 2025","2777","","","","RepositoriesTests.RepositoriesTests.CompetitionLevelRepositoryTests","RepositoriesTests.RepositoriesTests.CompetitionLevelRepositoryTests.DeleteCompetitionLevelData(idx: 1)","RepositoriesTests.RepositoriesTests.CompetitionLevelRepositoryTests.DeleteCompetitionLevelData(Int32 idx)",""
"passed","Fri Sep 19 17:31:22 GMT 2025","Fri Sep 19 17:31:27 GMT 2025","5059","","","","RepositoriesTests.RepositoriesTests.AccountRepositoryUnitTests","RepositoriesTests.RepositoriesTests.AccountRepositoryUnitTests.GetAccount_Success_ID","RepositoriesTests.RepositoriesTests.AccountRepositoryUnitTests.GetAccount_Success_ID",""
"passed","Fri Sep 19 17:32:47 GMT 2025","Fri Sep 19 17:32:49 GMT 2025","1534","","","","RepositoriesTests.RepositoriesTests.CompetitionLevelRepositoryTests","RepositoriesTests.RepositoriesTests.CompetitionLevelRepositoryTests.GetSpecificLevelData_Failure","RepositoriesTests.RepositoriesTests.CompetitionLevelRepositoryTests.GetSpecificLevelData_Failure",""
"passed","Fri Sep 19 17:31:45 GMT 2025","Fri Sep 19 17:31:49 GMT 2025","3925","","","","RepositoriesTests.RepositoriesTests.GranterTests.BasicRewardGranterTests","RepositoriesTests.RepositoriesTests.GranterTests.BasicRewardGranterTests.GrantRewardsByRank(minRank: 0.5, maxRank: 1)","RepositoriesTests.RepositoriesTests.GranterTests.BasicRewardGranterTests.GrantRewardsByRank(Single minRank, Single maxRank)",""
"passed","Fri Sep 19 17:30:29 GMT 2025","Fri Sep 19 17:30:29 GMT 2025","5","","","","ServicesUnitTests.ServiceTests.PlayerParticipationServiceTests","ServicesUnitTests.ServiceTests.PlayerParticipationServiceTests.PlayerParticipationServiceTests_SubmitParticipation_CREATE","ServicesUnitTests.ServiceTests.PlayerParticipationServiceTests.PlayerParticipationServiceTests_SubmitParticipation_CREATE",""
"passed","Fri Sep 19 17:31:44 GMT 2025","Fri Sep 19 17:31:48 GMT 2025","3584","","","","RepositoriesTests.RepositoriesTests.CompetitionLevelRepositoryTests","RepositoriesTests.RepositoriesTests.CompetitionLevelRepositoryTests.GetSpecificLevelDataInfo(idx: 2)","RepositoriesTests.RepositoriesTests.CompetitionLevelRepositoryTests.GetSpecificLevelDataInfo(Int32 idx)",""
"passed","Fri Sep 19 17:31:39 GMT 2025","Fri Sep 19 17:31:43 GMT 2025","3501","","","","RepositoriesTests.RepositoriesTests.PlayerParticipationRepositoryTests","RepositoriesTests.RepositoriesTests.PlayerParticipationRepositoryTests.GetParticipation(bindPlayer: True, bindCompetition: True)","RepositoriesTests.RepositoriesTests.PlayerParticipationRepositoryTests.GetParticipation(Boolean bindPlayer, Boolean bindCompetition)",""
"passed","Fri Sep 19 17:32:17 GMT 2025","Fri Sep 19 17:32:20 GMT 2025","2909","","","","RepositoriesTests.RepositoriesTests.GranterTests.BasicRewardGranterTests","RepositoriesTests.RepositoriesTests.GranterTests.BasicRewardGranterTests.GrantRewardsTwoParticipantsWithSameScore","RepositoriesTests.RepositoriesTests.GranterTests.BasicRewardGranterTests.GrantRewardsTwoParticipantsWithSameScore",""
"passed","Fri Sep 19 17:30:29 GMT 2025","Fri Sep 19 17:30:29 GMT 2025","4","","","","ServicesUnitTests.ServiceTests.CompetitionServiceTests","ServicesUnitTests.ServiceTests.CompetitionServiceTests.CompetitionServiceTest_GetAllCompetitions","ServicesUnitTests.ServiceTests.CompetitionServiceTests.CompetitionServiceTest_GetAllCompetitions",""
"passed","Fri Sep 19 17:30:29 GMT 2025","Fri Sep 19 17:30:29 GMT 2025","0","","","","ServicesUnitTests.ValidatorTests.PlayerProfileValidatorTests","ServicesUnitTests.ValidatorTests.PlayerProfileValidatorTests.CheckAccount(comp: Account { Email = ""modus ponens"", Id = null, Login = ""amo"" }, expected: False)","ServicesUnitTests.ValidatorTests.PlayerProfileValidatorTests.CheckAccount(Account comp, Boolean expected)",""
"passed","Fri Sep 19 17:30:29 GMT 2025","Fri Sep 19 17:30:29 GMT 2025","1","","","","ServicesUnitTests.ValidatorTests.CompetitionValidatorTests","ServicesUnitTests.ValidatorTests.CompetitionValidatorTests.CheckOK(comp: Competition { Description = ""**********"", EndDate = 2025-01-01T01:10:01.0000000, Id = null, Name = ""Abo"", StartDate = 2025-01-01T01:01:01.0000000 }, expected: False)","ServicesUnitTests.ValidatorTests.CompetitionValidatorTests.CheckOK(Competition comp, Boolean expected)",""
"passed","Fri Sep 19 17:30:29 GMT 2025","Fri Sep 19 17:30:29 GMT 2025","8","","","","ServicesUnitTests.ServiceTests.CompetitionRewardServiceTests","ServicesUnitTests.ServiceTests.CompetitionRewardServiceTests.CompetitionRewardServiceTests_UpdateCompetitionReward","ServicesUnitTests.ServiceTests.CompetitionRewardServiceTests.CompetitionRewardServiceTests_UpdateCompetitionReward",""
"passed","Fri Sep 19 17:31:48 GMT 2025","Fri Sep 19 17:31:51 GMT 2025","3528","","","","RepositoriesTests.RepositoriesTests.CompetitionLevelRepositoryTests","RepositoriesTests.RepositoriesTests.CompetitionLevelRepositoryTests.GetSpecificLevelDataInfo(idx: 3)","RepositoriesTests.RepositoriesTests.CompetitionLevelRepositoryTests.GetSpecificLevelDataInfo(Int32 idx)",""
"passed","Fri Sep 19 17:30:29 GMT 2025","Fri Sep 19 17:30:29 GMT 2025","0","","","","ServicesUnitTests.ValidatorTests.PasswordConstraintTests","ServicesUnitTests.ValidatorTests.PasswordConstraintTests.LettersPasswordTest(password: ""12344919293921391293"", isValid: False)","ServicesUnitTests.ValidatorTests.PasswordConstraintTests.LettersPasswordTest(String password, Boolean isValid)",""
"passed","Fri Sep 19 17:32:18 GMT 2025","Fri Sep 19 17:32:21 GMT 2025","2844","","","","RepositoriesTests.RepositoriesTests.CompetitionLevelRepositoryTests","RepositoriesTests.RepositoriesTests.CompetitionLevelRepositoryTests.UpdateCompetitionLevelInfo(idx: 3)","RepositoriesTests.RepositoriesTests.CompetitionLevelRepositoryTests.UpdateCompetitionLevelInfo(Int32 idx)",""
"passed","Fri Sep 19 17:30:29 GMT 2025","Fri Sep 19 17:30:29 GMT 2025","2","","","","ServicesUnitTests.ServiceTests.CompetitionLevelServiceTests","ServicesUnitTests.ServiceTests.CompetitionLevelServiceTests.GetCompetitionLevelInfo_CallsRepositoryWithData","ServicesUnitTests.ServiceTests.CompetitionLevelServiceTests.GetCompetitionLevelInfo_CallsRepositoryWithData",""
"passed","Fri Sep 19 17:32:43 GMT 2025","Fri Sep 19 17:32:45 GMT 2025","1706","","","","RepositoriesTests.RepositoriesTests.PlayerProfileRepositoryUnitTests","RepositoriesTests.RepositoriesTests.PlayerProfileRepositoryUnitTests.UpdatePlayerProfile_Success","RepositoriesTests.RepositoriesTests.PlayerProfileRepositoryUnitTests.UpdatePlayerProfile_Success",""
"passed","Fri Sep 19 17:31:53 GMT 2025","Fri Sep 19 17:31:56 GMT 2025","3163","","","","RepositoriesTests.RepositoriesTests.PlayerParticipationRepositoryTests","RepositoriesTests.RepositoriesTests.PlayerParticipationRepositoryTests.GetLeaderboard(dt: DataLimiter { PartitionIndex = 0, Partition = 0, HasNoLimit = True, FirstIndex = 0, LastIndex = 0 }, bindPlayer: False, bindCompetition: False)","RepositoriesTests.RepositoriesTests.PlayerParticipationRepositoryTests.GetLeaderboard(DataLimiter dt, Boolean bindPlayer, Boolean bindCompetition)",""
"passed","Fri Sep 19 17:30:29 GMT 2025","Fri Sep 19 17:30:29 GMT 2025","1","","","","ServicesUnitTests.ValidatorTests.PasswordConstraintTests","ServicesUnitTests.ValidatorTests.PasswordConstraintTests.LettersPasswordTest(password: ""12345A"", isValid: True)","ServicesUnitTests.ValidatorTests.PasswordConstraintTests.LettersPasswordTest(String password, Boolean isValid)",""
"passed","Fri Sep 19 17:33:05 GMT 2025","Fri Sep 19 17:33:07 GMT 2025","1413","","","","RepositoriesTests.RepositoriesTests.CompetitionRepositoryUnitTests","RepositoriesTests.RepositoriesTests.CompetitionRepositoryUnitTests.GetAllCompetitions_Empty(dt: DataLimiter { PartitionIndex = 0, Partition = 0, HasNoLimit = True, FirstIndex = 0, LastIndex = 0 })","RepositoriesTests.RepositoriesTests.CompetitionRepositoryUnitTests.GetAllCompetitions_Empty(DataLimiter dt)",""
"passed","Fri Sep 19 17:32:38 GMT 2025","Fri Sep 19 17:32:40 GMT 2025","1572","","","","RepositoriesTests.RepositoriesTests.PlayerParticipationRepositoryTests","RepositoriesTests.RepositoriesTests.PlayerParticipationRepositoryTests.DeleteParticipation","RepositoriesTests.RepositoriesTests.PlayerParticipationRepositoryTests.DeleteParticipation",""
"passed","Fri Sep 19 17:30:29 GMT 2025","Fri Sep 19 17:30:29 GMT 2025","2","","","","ServicesUnitTests.ServiceTests.CompetitionServiceTests","ServicesUnitTests.ServiceTests.CompetitionServiceTests.CompetitionServiceTest_GetCompetition","ServicesUnitTests.ServiceTests.CompetitionServiceTests.CompetitionServiceTest_GetCompetition",""
"passed","Fri Sep 19 17:32:05 GMT 2025","Fri Sep 19 17:32:08 GMT 2025","3015","","","","RepositoriesTests.RepositoriesTests.PlayerParticipationRepositoryTests","RepositoriesTests.RepositoriesTests.PlayerParticipationRepositoryTests.GetLeaderboard(dt: DataLimiter { PartitionIndex = 1, Partition = 2, HasNoLimit = False, FirstIndex = 2, LastIndex = 4 }, bindPlayer: False, bindCompetition: False)","RepositoriesTests.RepositoriesTests.PlayerParticipationRepositoryTests.GetLeaderboard(DataLimiter dt, Boolean bindPlayer, Boolean bindCompetition)",""
"passed","Fri Sep 19 17:32:35 GMT 2025","Fri Sep 19 17:32:38 GMT 2025","2679","","","","RepositoriesTests.RepositoriesTests.PlayerProfileRepositoryUnitTests","RepositoriesTests.RepositoriesTests.PlayerProfileRepositoryUnitTests.UpdatePlayerProfile_Failure","RepositoriesTests.RepositoriesTests.PlayerProfileRepositoryUnitTests.UpdatePlayerProfile_Failure",""
"passed","Fri Sep 19 17:31:43 GMT 2025","Fri Sep 19 17:31:46 GMT 2025","3743","","","","RepositoriesTests.RepositoriesTests.PlayerParticipationRepositoryTests","RepositoriesTests.RepositoriesTests.PlayerParticipationRepositoryTests.CreateParticipationTest_AlreadyExist","RepositoriesTests.RepositoriesTests.PlayerParticipationRepositoryTests.CreateParticipationTest_AlreadyExist",""
"passed","Fri Sep 19 17:30:29 GMT 2025","Fri Sep 19 17:30:29 GMT 2025","0","","","","ServicesUnitTests.ValidatorTests.PlayerProfileValidatorTests","ServicesUnitTests.ValidatorTests.PlayerProfileValidatorTests.CheckAccountCreation(comp: AccountCreationData { Account = CompetitiveBackend.Core.Objects.Account, Password = 12345678 }, expected: False)","ServicesUnitTests.ValidatorTests.PlayerProfileValidatorTests.CheckAccountCreation(AccountCreationData comp, Boolean expected)",""
"passed","Fri Sep 19 17:30:29 GMT 2025","Fri Sep 19 17:30:29 GMT 2025","0","","","","ServicesUnitTests.ValidatorTests.PasswordConstraintTests","ServicesUnitTests.ValidatorTests.PasswordConstraintTests.LengthPasswordTest(password: ""1234"", isValid: True)","ServicesUnitTests.ValidatorTests.PasswordConstraintTests.LengthPasswordTest(String password, Boolean isValid)",""
"passed","Fri Sep 19 17:30:29 GMT 2025","Fri Sep 19 17:30:29 GMT 2025","0","","","","ServicesUnitTests.ValidatorTests.PlayerProfileValidatorTests","ServicesUnitTests.ValidatorTests.PlayerProfileValidatorTests.CheckAccountCreation(comp: AccountCreationData { Account = CompetitiveBackend.Core.Objects.Account, Password = 12345678a }, expected: True)","ServicesUnitTests.ValidatorTests.PlayerProfileValidatorTests.CheckAccountCreation(AccountCreationData comp, Boolean expected)",""
"passed","Fri Sep 19 17:30:29 GMT 2025","Fri Sep 19 17:30:29 GMT 2025","2","","","","ServicesUnitTests.ServiceTests.CompetitionServiceTests","ServicesUnitTests.ServiceTests.CompetitionServiceTests.CompetitionServiceTests_CreateCompetition_Bad2","ServicesUnitTests.ServiceTests.CompetitionServiceTests.CompetitionServiceTests_CreateCompetition_Bad2",""
"passed","Fri Sep 19 17:30:29 GMT 2025","Fri Sep 19 17:30:29 GMT 2025","5","","","","ServicesUnitTests.ServiceTests.PlayerParticipationServiceTests","ServicesUnitTests.ServiceTests.PlayerParticipationServiceTests.PlayerParticipationServiceTests_SubmitParticipation_TOO_EARLY","ServicesUnitTests.ServiceTests.PlayerParticipationServiceTests.PlayerParticipationServiceTests_SubmitParticipation_TOO_EARLY",""
"passed","Fri Sep 19 17:30:29 GMT 2025","Fri Sep 19 17:30:29 GMT 2025","11","","","","ServicesUnitTests.ServiceTests.PlayerParticipationServiceTests","ServicesUnitTests.ServiceTests.PlayerParticipationServiceTests.PlayerParticipationServiceTests_GetPlayerParticipations","ServicesUnitTests.ServiceTests.PlayerParticipationServiceTests.PlayerParticipationServiceTests_GetPlayerParticipations",""
"passed","Fri Sep 19 17:30:29 GMT 2025","Fri Sep 19 17:30:29 GMT 2025","9","","","","ServicesUnitTests.ServiceTests.RewardDescriptionServiceTests","ServicesUnitTests.ServiceTests.RewardDescriptionServiceTests.RewardDescriptionServiceTests_GetRewardDescription","ServicesUnitTests.ServiceTests.RewardDescriptionServiceTests.RewardDescriptionServiceTests_GetRewardDescription",""
"passed","Fri Sep 19 17:31:27 GMT 2025","Fri Sep 19 17:31:33 GMT 2025","5584","","","","RepositoriesTests.RepositoriesTests.AccountRepositoryUnitTests","RepositoriesTests.RepositoriesTests.AccountRepositoryUnitTests.GetAccount_Erroneous_Login","RepositoriesTests.RepositoriesTests.AccountRepositoryUnitTests.GetAccount_Erroneous_Login",""
"passed","Fri Sep 19 17:30:29 GMT 2025","Fri Sep 19 17:30:29 GMT 2025","6","","","","ServicesUnitTests.ServiceTests.PlayerParticipationServiceTests","ServicesUnitTests.ServiceTests.PlayerParticipationServiceTests.PlayerParticipationServiceTests_GetLeaderboard","ServicesUnitTests.ServiceTests.PlayerParticipationServiceTests.PlayerParticipationServiceTests_GetLeaderboard",""
"passed","Fri Sep 19 17:31:46 GMT 2025","Fri Sep 19 17:31:50 GMT 2025","3526","","","","RepositoriesTests.RepositoriesTests.PlayerParticipationRepositoryTests","RepositoriesTests.RepositoriesTests.PlayerParticipationRepositoryTests.UpdateParticipationTest_Failure","RepositoriesTests.RepositoriesTests.PlayerParticipationRepositoryTests.UpdateParticipationTest_Failure",""
"passed","Fri Sep 19 17:30:29 GMT 2025","Fri Sep 19 17:30:29 GMT 2025","2","","","","ServicesUnitTests.ValidatorTests.PasswordConstraintTests","ServicesUnitTests.ValidatorTests.PasswordConstraintTests.LettersPasswordTest(password: ""1234__"", isValid: False)","ServicesUnitTests.ValidatorTests.PasswordConstraintTests.LettersPasswordTest(String password, Boolean isValid)",""
"passed","Fri Sep 19 17:31:59 GMT 2025","Fri Sep 19 17:32:02 GMT 2025","2969","","","","RepositoriesTests.RepositoriesTests.GranterTests.BasicRewardGranterTests","RepositoriesTests.RepositoriesTests.GranterTests.BasicRewardGranterTests.CannotGrantTwice","RepositoriesTests.RepositoriesTests.GranterTests.BasicRewardGranterTests.CannotGrantTwice",""
"passed","Fri Sep 19 17:31:55 GMT 2025","Fri Sep 19 17:31:58 GMT 2025","3080","","","","RepositoriesTests.RepositoriesTests.CompetitionRewardRepositoryTests","RepositoriesTests.RepositoriesTests.CompetitionRewardRepositoryTests.AddCompetitionReward_DifferentRanks(cond: PlaceGrantCondition { maxPlace = 2, minPlace = 1, Type = ""place"" }, idx: 3)","RepositoriesTests.RepositoriesTests.CompetitionRewardRepositoryTests.AddCompetitionReward_DifferentRanks(GrantCondition cond, Int32 idx)",""
"passed","Fri Sep 19 17:30:29 GMT 2025","Fri Sep 19 17:30:29 GMT 2025","3","","","","ServicesUnitTests.ServiceTests.CompetitionLevelServiceTests","ServicesUnitTests.ServiceTests.CompetitionLevelServiceTests.GetCompetitionLevel_CallsRepositoryWithParameters","ServicesUnitTests.ServiceTests.CompetitionLevelServiceTests.GetCompetitionLevel_CallsRepositoryWithParameters",""
"passed","Fri Sep 19 17:32:16 GMT 2025","Fri Sep 19 17:32:18 GMT 2025","2846","","","","RepositoriesTests.RepositoriesTests.CompetitionLevelRepositoryTests","RepositoriesTests.RepositoriesTests.CompetitionLevelRepositoryTests.UpdateCompetitionLevelData(idx: 1)","RepositoriesTests.RepositoriesTests.CompetitionLevelRepositoryTests.UpdateCompetitionLevelData(Int32 idx)",""
"passed","Fri Sep 19 17:31:05 GMT 2025","Fri Sep 19 17:31:22 GMT 2025","17045","","","","RepositoriesTests.RepositoriesTests.CompetitionRewardRepositoryTests","RepositoriesTests.RepositoriesTests.CompetitionRewardRepositoryTests.UpdateCompetitionReward(cond: RankGrantCondition { maxRank = 1, minRank = 0, Type = ""rank"" }, idx: 0)","RepositoriesTests.RepositoriesTests.CompetitionRewardRepositoryTests.UpdateCompetitionReward(GrantCondition cond, Int32 idx)",""
"passed","Fri Sep 19 17:31:35 GMT 2025","Fri Sep 19 17:31:39 GMT 2025","3578","","","","RepositoriesTests.RepositoriesTests.PlayerParticipationRepositoryTests","RepositoriesTests.RepositoriesTests.PlayerParticipationRepositoryTests.GetParticipation(bindPlayer: False, bindCompetition: False)","RepositoriesTests.RepositoriesTests.PlayerParticipationRepositoryTests.GetParticipation(Boolean bindPlayer, Boolean bindCompetition)",""
"passed","Fri Sep 19 17:33:22 GMT 2025","Fri Sep 19 17:33:23 GMT 2025","1462","","","","RepositoriesTests.RepositoriesTests.CompetitionRepositoryUnitTests","RepositoriesTests.RepositoriesTests.CompetitionRepositoryUnitTests.GetAllCompetitions_Basic(dt: DataLimiter { PartitionIndex = 2, Partition = 1, HasNoLimit = False, FirstIndex = 2, LastIndex = 3 })","RepositoriesTests.RepositoriesTests.CompetitionRepositoryUnitTests.GetAllCompetitions_Basic(DataLimiter dt)",""
"passed","Fri Sep 19 17:30:29 GMT 2025","Fri Sep 19 17:30:29 GMT 2025","10","","","","ServicesUnitTests.ServiceTests.RewardDescriptionServiceTests","ServicesUnitTests.ServiceTests.RewardDescriptionServiceTests.RewardDescriptionServiceTests_UpdateRewardDescription_Ok2","ServicesUnitTests.ServiceTests.RewardDescriptionServiceTests.RewardDescriptionServiceTests_UpdateRewardDescription_Ok2",""
"passed","Fri Sep 19 17:30:29 GMT 2025","Fri Sep 19 17:30:29 GMT 2025","14","","","","ServicesUnitTests.ServiceTests.CompetitionServiceTests","ServicesUnitTests.ServiceTests.CompetitionServiceTests.CompetitionServiceTests_CreateCompetition_OK","ServicesUnitTests.ServiceTests.CompetitionServiceTests.CompetitionServiceTests_CreateCompetition_OK",""
"passed","Fri Sep 19 17:32:58 GMT 2025","Fri Sep 19 17:32:59 GMT 2025","1547","","","","RepositoriesTests.RepositoriesTests.PlayerRewardRepositoryBasicTests","RepositoriesTests.RepositoriesTests.PlayerRewardRepositoryBasicTests.GetPlayerRewards_Success(dt: DataLimiter { PartitionIndex = 2, Partition = 1, HasNoLimit = False, FirstIndex = 2, LastIndex = 3 })","RepositoriesTests.RepositoriesTests.PlayerRewardRepositoryBasicTests.GetPlayerRewards_Success(DataLimiter dt)",""
"passed","Fri Sep 19 17:30:29 GMT 2025","Fri Sep 19 17:30:29 GMT 2025","1","","","","ServicesUnitTests.ValidatorTests.PlayerProfileValidatorTests","ServicesUnitTests.ValidatorTests.PlayerProfileValidatorTests.CheckAccountCreation(comp: AccountCreationData { Account = CompetitiveBackend.Core.Objects.Account, Password = 123a5678 }, expected: False)","ServicesUnitTests.ValidatorTests.PlayerProfileValidatorTests.CheckAccountCreation(AccountCreationData comp, Boolean expected)",""
"passed","Fri Sep 19 17:30:29 GMT 2025","Fri Sep 19 17:30:29 GMT 2025","0","","","","ServicesUnitTests.ValidatorTests.PlayerProfileValidatorTests","ServicesUnitTests.ValidatorTests.PlayerProfileValidatorTests.CheckAccountCreation(comp: AccountCreationData { Account = CompetitiveBackend.Core.Objects.Account, Password =  }, expected: False)","ServicesUnitTests.ValidatorTests.PlayerProfileValidatorTests.CheckAccountCreation(AccountCreationData comp, Boolean expected)",""
"passed","Fri Sep 19 17:30:29 GMT 2025","Fri Sep 19 17:30:29 GMT 2025","0","","","","ServicesUnitTests.ValidatorTests.PlayerProfileValidatorTests","ServicesUnitTests.ValidatorTests.PlayerProfileValidatorTests.CheckAccountCreation(comp: AccountCreationData { Account = CompetitiveBackend.Core.Objects.Account, Password = 1234 }, expected: False)","ServicesUnitTests.ValidatorTests.PlayerProfileValidatorTests.CheckAccountCreation(AccountCreationData comp, Boolean expected)",""
"passed","Fri Sep 19 17:32:37 GMT 2025","Fri Sep 19 17:32:40 GMT 2025","2714","","","","RepositoriesTests.RepositoriesTests.CompetitionLevelRepositoryTests","RepositoriesTests.RepositoriesTests.CompetitionLevelRepositoryTests.GetSpecificLevelData(idx: 1)","RepositoriesTests.RepositoriesTests.CompetitionLevelRepositoryTests.GetSpecificLevelData(Int32 idx)",""
"passed","Fri Sep 19 17:30:29 GMT 2025","Fri Sep 19 17:30:29 GMT 2025","1","","","","ServicesUnitTests.ServiceTests.CompetitionRewardServiceTests","ServicesUnitTests.ServiceTests.CompetitionRewardServiceTests.CompetitionRewardServiceTests_GetCompetitionRewards(etalon: 1)","ServicesUnitTests.ServiceTests.CompetitionRewardServiceTests.CompetitionRewardServiceTests_GetCompetitionRewards(Int32 etalon)",""
"passed","Fri Sep 19 17:30:29 GMT 2025","Fri Sep 19 17:30:29 GMT 2025","3","","","","ServicesUnitTests.ServiceTests.CompetitionLevelServiceTests","ServicesUnitTests.ServiceTests.CompetitionLevelServiceTests.GetCompetitionLevel_WithoutOptionalParameters_UsesNulls","ServicesUnitTests.ServiceTests.CompetitionLevelServiceTests.GetCompetitionLevel_WithoutOptionalParameters_UsesNulls",""
"passed","Fri Sep 19 17:33:11 GMT 2025","Fri Sep 19 17:33:13 GMT 2025","1404","","","","RepositoriesTests.RepositoriesTests.CompetitionRepositoryUnitTests","RepositoriesTests.RepositoriesTests.CompetitionRepositoryUnitTests.UpdateCompetition_Failure","RepositoriesTests.RepositoriesTests.CompetitionRepositoryUnitTests.UpdateCompetition_Failure",""
"passed","Fri Sep 19 17:32:24 GMT 2025","Fri Sep 19 17:32:27 GMT 2025","2751","","","","RepositoriesTests.RepositoriesTests.PlayerParticipationRepositoryTests","RepositoriesTests.RepositoriesTests.PlayerParticipationRepositoryTests.GetPlayerParticipations(dt: DataLimiter { PartitionIndex = 0, Partition = 0, HasNoLimit = True, FirstIndex = 0, LastIndex = 0 }, bindPlayer: True, bindCompetition: True)","RepositoriesTests.RepositoriesTests.PlayerParticipationRepositoryTests.GetPlayerParticipations(DataLimiter dt, Boolean bindPlayer, Boolean bindCompetition)",""
"passed","Fri Sep 19 17:30:29 GMT 2025","Fri Sep 19 17:30:29 GMT 2025","4","","","","ServicesUnitTests.ValidatorTests.PlayerProfileValidatorTests","ServicesUnitTests.ValidatorTests.PlayerProfileValidatorTests.CheckAccountCreation(comp: AccountCreationData { Account = CompetitiveBackend.Core.Objects.Account, Password = 12345678 }, expected: False)","ServicesUnitTests.ValidatorTests.PlayerProfileValidatorTests.CheckAccountCreation(AccountCreationData comp, Boolean expected)",""
"passed","Fri Sep 19 17:30:29 GMT 2025","Fri Sep 19 17:30:29 GMT 2025","38","","","","ServicesUnitTests.ServiceTests.CompetitionRewardSchedulerTests","ServicesUnitTests.ServiceTests.CompetitionRewardSchedulerTests.CompetitionRewardSchedulerTests_OnRecievedMessage_Ok","ServicesUnitTests.ServiceTests.CompetitionRewardSchedulerTests.CompetitionRewardSchedulerTests_OnRecievedMessage_Ok",""
"passed","Fri Sep 19 17:31:50 GMT 2025","Fri Sep 19 17:31:53 GMT 2025","3161","","","","RepositoriesTests.RepositoriesTests.PlayerParticipationRepositoryTests","RepositoriesTests.RepositoriesTests.PlayerParticipationRepositoryTests.CreateParticipationTest","RepositoriesTests.RepositoriesTests.PlayerParticipationRepositoryTests.CreateParticipationTest",""
"passed","Fri Sep 19 17:31:41 GMT 2025","Fri Sep 19 17:31:45 GMT 2025","3938","","","","RepositoriesTests.RepositoriesTests.CompetitionRewardRepositoryTests","RepositoriesTests.RepositoriesTests.CompetitionRewardRepositoryTests.UpdateCompetitionReward(cond: PlaceGrantCondition { maxPlace = 50, minPlace = 4, Type = ""place"" }, idx: 5)","RepositoriesTests.RepositoriesTests.CompetitionRewardRepositoryTests.UpdateCompetitionReward(GrantCondition cond, Int32 idx)",""
"passed","Fri Sep 19 17:30:29 GMT 2025","Fri Sep 19 17:30:29 GMT 2025","1","","","","ServicesUnitTests.ValidatorTests.PasswordConstraintTests","ServicesUnitTests.ValidatorTests.PasswordConstraintTests.LengthPasswordTest(password: ""12344919293921391293"", isValid: True)","ServicesUnitTests.ValidatorTests.PasswordConstraintTests.LengthPasswordTest(String password, Boolean isValid)",""
"passed","Fri Sep 19 17:30:29 GMT 2025","Fri Sep 19 17:30:29 GMT 2025","10","","","","ServicesUnitTests.ServiceTests.AuthServiceTests","ServicesUnitTests.ServiceTests.AuthServiceTests.AuthService_LogIn_RepositoryException","ServicesUnitTests.ServiceTests.AuthServiceTests.AuthService_LogIn_RepositoryException",""
"passed","Fri Sep 19 17:33:10 GMT 2025","Fri Sep 19 17:33:11 GMT 2025","1525","","","","RepositoriesTests.RepositoriesTests.CompetitionRepositoryUnitTests","RepositoriesTests.RepositoriesTests.CompetitionRepositoryUnitTests.CreateCompetition_Success","RepositoriesTests.RepositoriesTests.CompetitionRepositoryUnitTests.CreateCompetition_Success",""
"passed","Fri Sep 19 17:30:29 GMT 2025","Fri Sep 19 17:30:29 GMT 2025","4","","","","ServicesUnitTests.ServiceTests.CompetitionServiceTests","ServicesUnitTests.ServiceTests.CompetitionServiceTests.CompetitionServiceTests_CreateCompetition_Bad1","ServicesUnitTests.ServiceTests.CompetitionServiceTests.CompetitionServiceTests_CreateCompetition_Bad1",""
"passed","Fri Sep 19 17:30:29 GMT 2025","Fri Sep 19 17:30:29 GMT 2025","0","","","","ServicesUnitTests.ValidatorTests.CompetitionValidatorTests","ServicesUnitTests.ValidatorTests.CompetitionValidatorTests.CheckOK(comp: Competition { Description = ""***********"", EndDate = 2025-01-01T01:10:01.0000000, Id = null, Name = ""Colon"", StartDate = 2025-01-01T01:01:01.0000000 }, expected: True)","ServicesUnitTests.ValidatorTests.CompetitionValidatorTests.CheckOK(Competition comp, Boolean expected)",""
"passed","Fri Sep 19 17:32:23 GMT 2025","Fri Sep 19 17:32:25 GMT 2025","1677","","","","RepositoriesTests.RepositoriesTests.CompetitionLevelRepositoryTests","RepositoriesTests.RepositoriesTests.CompetitionLevelRepositoryTests.UpdateCompetitionLevelInfo(idx: 2)","RepositoriesTests.RepositoriesTests.CompetitionLevelRepositoryTests.UpdateCompetitionLevelInfo(Int32 idx)",""
"passed","Fri Sep 19 17:32:12 GMT 2025","Fri Sep 19 17:32:16 GMT 2025","3022","","","","RepositoriesTests.RepositoriesTests.CompetitionLevelRepositoryTests","RepositoriesTests.RepositoriesTests.CompetitionLevelRepositoryTests.UpdateCompetitionLevelData(idx: 2)","RepositoriesTests.RepositoriesTests.CompetitionLevelRepositoryTests.UpdateCompetitionLevelData(Int32 idx)",""
"passed","Fri Sep 19 17:30:29 GMT 2025","Fri Sep 19 17:30:29 GMT 2025","14","","","","ServicesUnitTests.ServiceTests.AuthServiceTests","ServicesUnitTests.ServiceTests.AuthServiceTests.AuthService_CreateAccount_Failure","ServicesUnitTests.ServiceTests.AuthServiceTests.AuthService_CreateAccount_Failure",""
"passed","Fri Sep 19 17:31:37 GMT 2025","Fri Sep 19 17:31:40 GMT 2025","3620","","","","RepositoriesTests.RepositoriesTests.AccountRepositoryUnitTests","RepositoriesTests.RepositoriesTests.AccountRepositoryUnitTests.GetAccount_Success_Login","RepositoriesTests.RepositoriesTests.AccountRepositoryUnitTests.GetAccount_Success_Login",""
"passed","Fri Sep 19 17:32:33 GMT 2025","Fri Sep 19 17:32:35 GMT 2025","2748","","","","RepositoriesTests.RepositoriesTests.PlayerParticipationRepositoryTests","RepositoriesTests.RepositoriesTests.PlayerParticipationRepositoryTests.GetPlayerParticipations(dt: DataLimiter { PartitionIndex = 1, Partition = 2, HasNoLimit = False, FirstIndex = 2, LastIndex = 4 }, bindPlayer: False, bindCompetition: True)","RepositoriesTests.RepositoriesTests.PlayerParticipationRepositoryTests.GetPlayerParticipations(DataLimiter dt, Boolean bindPlayer, Boolean bindCompetition)",""
"passed","Fri Sep 19 17:32:11 GMT 2025","Fri Sep 19 17:32:14 GMT 2025","3078","","","","RepositoriesTests.RepositoriesTests.GranterTests.BasicRewardGranterTests","RepositoriesTests.RepositoriesTests.GranterTests.BasicRewardGranterTests.GetMultipleRewardData(conditions: [RankGrantCondition { maxRank = 0.75, minRank = 0.25, Type = ""rank"" }, RankGrantCondition { maxRank = 1, minRank = 0.5, Type = ""rank"" }])","RepositoriesTests.RepositoriesTests.GranterTests.BasicRewardGranterTests.GetMultipleRewardData(GrantCondition[] conditions)",""
"passed","Fri Sep 19 17:31:50 GMT 2025","Fri Sep 19 17:31:53 GMT 2025","3510","","","","RepositoriesTests.RepositoriesTests.GranterTests.StoredProcedureGranterTests","RepositoriesTests.RepositoriesTests.GranterTests.StoredProcedureGranterTests.GrantRewardsByPlace(minPlace: 2, maxPlace: 4)","RepositoriesTests.RepositoriesTests.GranterTests.StoredProcedureGranterTests.GrantRewardsByPlace(Int32 minPlace, Int32 maxPlace)",""
"passed","Fri Sep 19 17:32:48 GMT 2025","Fri Sep 19 17:32:50 GMT 2025","1538","","","","RepositoriesTests.RepositoriesTests.PlayerRewardRepositoryBasicTests","RepositoriesTests.RepositoriesTests.PlayerRewardRepositoryBasicTests.DeleteReward_Failure","RepositoriesTests.RepositoriesTests.PlayerRewardRepositoryBasicTests.DeleteReward_Failure",""
"passed","Fri Sep 19 17:30:29 GMT 2025","Fri Sep 19 17:30:29 GMT 2025","0","","","","ServicesUnitTests.ValidatorTests.PlayerProfileValidatorTests","ServicesUnitTests.ValidatorTests.PlayerProfileValidatorTests.CheckPlayerProfile(comp: PlayerProfile { Description = ""****************"", Id = 0, Name = ""****************"" }, expected: True)","ServicesUnitTests.ValidatorTests.PlayerProfileValidatorTests.CheckPlayerProfile(PlayerProfile comp, Boolean expected)",""
"passed","Fri Sep 19 17:30:29 GMT 2025","Fri Sep 19 17:30:29 GMT 2025","0","","","","ServicesUnitTests.ValidatorTests.PlayerProfileValidatorTests","ServicesUnitTests.ValidatorTests.PlayerProfileValidatorTests.CheckAccountCreation(comp: AccountCreationData { Account = CompetitiveBackend.Core.Objects.Account, Password =  }, expected: False)","ServicesUnitTests.ValidatorTests.PlayerProfileValidatorTests.CheckAccountCreation(AccountCreationData comp, Boolean expected)",""
"passed","Fri Sep 19 17:32:23 GMT 2025","Fri Sep 19 17:32:24 GMT 2025","1630","","","","RepositoriesTests.RepositoriesTests.PlayerParticipationRepositoryTests","RepositoriesTests.RepositoriesTests.PlayerParticipationRepositoryTests.GetPlayerParticipations(dt: DataLimiter { PartitionIndex = 0, Partition = 0, HasNoLimit = True, FirstIndex = 0, LastIndex = 0 }, bindPlayer: False, bindCompetition: True)","RepositoriesTests.RepositoriesTests.PlayerParticipationRepositoryTests.GetPlayerParticipations(DataLimiter dt, Boolean bindPlayer, Boolean bindCompetition)",""
"passed","Fri Sep 19 17:30:29 GMT 2025","Fri Sep 19 17:30:29 GMT 2025","0","","","","ServicesUnitTests.ValidatorTests.PlayerProfileValidatorTests","ServicesUnitTests.ValidatorTests.PlayerProfileValidatorTests.CheckAccountCreation(comp: AccountCreationData { Account = CompetitiveBackend.Core.Objects.Account, Password = 123456a }, expected: False)","ServicesUnitTests.ValidatorTests.PlayerProfileValidatorTests.CheckAccountCreation(AccountCreationData comp, Boolean expected)",""
"passed","Fri Sep 19 17:31:22 GMT 2025","Fri Sep 19 17:31:28 GMT 2025","5670","","","","RepositoriesTests.RepositoriesTests.RewardDescriptionRepositoryTests","RepositoriesTests.RepositoriesTests.RewardDescriptionRepositoryTests.GetRewardIcon_Failure","RepositoriesTests.RepositoriesTests.RewardDescriptionRepositoryTests.GetRewardIcon_Failure",""
"passed","Fri Sep 19 17:32:56 GMT 2025","Fri Sep 19 17:32:58 GMT 2025","1544","","","","RepositoriesTests.RepositoriesTests.PlayerRewardRepositoryBasicTests","RepositoriesTests.RepositoriesTests.PlayerRewardRepositoryBasicTests.GetPlayerRewards_Success(dt: DataLimiter { PartitionIndex = 1, Partition = 1, HasNoLimit = False, FirstIndex = 1, LastIndex = 2 })","RepositoriesTests.RepositoriesTests.PlayerRewardRepositoryBasicTests.GetPlayerRewards_Success(DataLimiter dt)",""
"passed","Fri Sep 19 17:33:08 GMT 2025","Fri Sep 19 17:33:10 GMT 2025","1582","","","","RepositoriesTests.RepositoriesTests.CompetitionRepositoryUnitTests","RepositoriesTests.RepositoriesTests.CompetitionRepositoryUnitTests.UpdateCompetition_Success","RepositoriesTests.RepositoriesTests.CompetitionRepositoryUnitTests.UpdateCompetition_Success",""
"passed","Fri Sep 19 17:30:29 GMT 2025","Fri Sep 19 17:30:29 GMT 2025","6","","","","ServicesUnitTests.ServiceTests.CompetitionRewardServiceTests","ServicesUnitTests.ServiceTests.CompetitionRewardServiceTests.CompetitionRewardServiceTests_RemoveCompetitionReward(etalon: 2)","ServicesUnitTests.ServiceTests.CompetitionRewardServiceTests.CompetitionRewardServiceTests_RemoveCompetitionReward(Int32 etalon)",""
"passed","Fri Sep 19 17:30:29 GMT 2025","Fri Sep 19 17:30:29 GMT 2025","4","","","","ServicesUnitTests.ServiceTests.CompetitionLevelServiceTests","ServicesUnitTests.ServiceTests.CompetitionLevelServiceTests.CreateLevelData_CallsRepositoryWithCorrectParameters","ServicesUnitTests.ServiceTests.CompetitionLevelServiceTests.CreateLevelData_CallsRepositoryWithCorrectParameters",""
"passed","Fri Sep 19 17:30:29 GMT 2025","Fri Sep 19 17:30:29 GMT 2025","7","","","","ServicesUnitTests.ServiceTests.CompetitionServiceTests","ServicesUnitTests.ServiceTests.CompetitionServiceTests.CompetitionServiceTest_UpdateCompetition_Bad1","ServicesUnitTests.ServiceTests.CompetitionServiceTests.CompetitionServiceTest_UpdateCompetition_Bad1",""
"passed","Fri Sep 19 17:30:29 GMT 2025","Fri Sep 19 17:30:29 GMT 2025","3","","","","ServicesUnitTests.ServiceTests.CompetitionLevelServiceTests","ServicesUnitTests.ServiceTests.CompetitionLevelServiceTests.UpdateCompetitionLevelData_CallsRepositoryWithParameters","ServicesUnitTests.ServiceTests.CompetitionLevelServiceTests.UpdateCompetitionLevelData_CallsRepositoryWithParameters",""
"passed","Fri Sep 19 17:31:54 GMT 2025","Fri Sep 19 17:31:57 GMT 2025","3056","","","","RepositoriesTests.RepositoriesTests.CompetitionLevelRepositoryTests","RepositoriesTests.RepositoriesTests.CompetitionLevelRepositoryTests.GetLevelDataTests(platform: null, maxVersion: null, data: [4, 5, 6])","RepositoriesTests.RepositoriesTests.CompetitionLevelRepositoryTests.GetLevelDataTests(String platform, Nullable<Int32> maxVersion, Byte[] data)",""
"passed","Fri Sep 19 17:30:29 GMT 2025","Fri Sep 19 17:30:29 GMT 2025","0","","","","ServicesUnitTests.ValidatorTests.CompetitionValidatorTests","ServicesUnitTests.ValidatorTests.CompetitionValidatorTests.CheckOK(comp: Competition { Description = ""**********"", EndDate = 2024-01-01T01:10:01.0000000, Id = null, Name = ""Abondus"", StartDate = 2025-01-01T01:01:01.0000000 }, expected: False)","ServicesUnitTests.ValidatorTests.CompetitionValidatorTests.CheckOK(Competition comp, Boolean expected)",""
"passed","Fri Sep 19 17:31:05 GMT 2025","Fri Sep 19 17:31:22 GMT 2025","17332","","","","RepositoriesTests.RepositoriesTests.RewardDescriptionRepositoryTests","RepositoriesTests.RepositoriesTests.RewardDescriptionRepositoryTests.SetRewardIcon_Success","RepositoriesTests.RepositoriesTests.RewardDescriptionRepositoryTests.SetRewardIcon_Success",""
"passed","Fri Sep 19 17:30:29 GMT 2025","Fri Sep 19 17:30:29 GMT 2025","0","","","","ServicesUnitTests.ValidatorTests.PlayerProfileValidatorTests","ServicesUnitTests.ValidatorTests.PlayerProfileValidatorTests.CheckAccountCreation(comp: AccountCreationData { Account = CompetitiveBackend.Core.Objects.Account, Password = 12345678a }, expected: True)","ServicesUnitTests.ValidatorTests.PlayerProfileValidatorTests.CheckAccountCreation(AccountCreationData comp, Boolean expected)",""
"passed","Fri Sep 19 17:32:57 GMT 2025","Fri Sep 19 17:32:58 GMT 2025","1527","","","","RepositoriesTests.RepositoriesTests.CompetitionRepositoryUnitTests","RepositoriesTests.RepositoriesTests.CompetitionRepositoryUnitTests.GetCompetition_Success","RepositoriesTests.RepositoriesTests.CompetitionRepositoryUnitTests.GetCompetition_Success",""
"passed","Fri Sep 19 17:30:29 GMT 2025","Fri Sep 19 17:30:29 GMT 2025","2","","","","ServicesUnitTests.ServiceTests.CompetitionLevelServiceTests","ServicesUnitTests.ServiceTests.CompetitionLevelServiceTests.DeleteLevelData_CallsRepositoryWithCorrectId","ServicesUnitTests.ServiceTests.CompetitionLevelServiceTests.DeleteLevelData_CallsRepositoryWithCorrectId",""
"passed","Fri Sep 19 17:31:59 GMT 2025","Fri Sep 19 17:32:02 GMT 2025","3069","","","","RepositoriesTests.RepositoriesTests.PlayerParticipationRepositoryTests","RepositoriesTests.RepositoriesTests.PlayerParticipationRepositoryTests.GetLeaderboard(dt: DataLimiter { PartitionIndex = 0, Partition = 0, HasNoLimit = True, FirstIndex = 0, LastIndex = 0 }, bindPlayer: False, bindCompetition: True)","RepositoriesTests.RepositoriesTests.PlayerParticipationRepositoryTests.GetLeaderboard(DataLimiter dt, Boolean bindPlayer, Boolean bindCompetition)",""
"passed","Fri Sep 19 17:33:01 GMT 2025","Fri Sep 19 17:33:02 GMT 2025","1547","","","","RepositoriesTests.RepositoriesTests.PlayerRewardRepositoryBasicTests","RepositoriesTests.RepositoriesTests.PlayerRewardRepositoryBasicTests.DeleteReward_Success","RepositoriesTests.RepositoriesTests.PlayerRewardRepositoryBasicTests.DeleteReward_Success",""
"passed","Fri Sep 19 17:30:29 GMT 2025","Fri Sep 19 17:30:29 GMT 2025","5","","","","ServicesUnitTests.ServiceTests.PlayerProfileServiceTests","ServicesUnitTests.ServiceTests.PlayerProfileServiceTests.PlayerProfileService_GetPlayerProfileImage","ServicesUnitTests.ServiceTests.PlayerProfileServiceTests.PlayerProfileService_GetPlayerProfileImage",""
"passed","Fri Sep 19 17:32:04 GMT 2025","Fri Sep 19 17:32:07 GMT 2025","2830","","","","RepositoriesTests.RepositoriesTests.CompetitionRewardRepositoryTests","RepositoriesTests.RepositoriesTests.CompetitionRewardRepositoryTests.GetCompetitionRewards_Success(idx: 3)","RepositoriesTests.RepositoriesTests.CompetitionRewardRepositoryTests.GetCompetitionRewards_Success(Int32 idx)",""
"passed","Fri Sep 19 17:32:59 GMT 2025","Fri Sep 19 17:33:01 GMT 2025","1515","","","","RepositoriesTests.RepositoriesTests.PlayerRewardRepositoryBasicTests","RepositoriesTests.RepositoriesTests.PlayerRewardRepositoryBasicTests.GetPlayerRewards_Success(dt: DataLimiter { PartitionIndex = 0, Partition = 0, HasNoLimit = True, FirstIndex = 0, LastIndex = 0 })","RepositoriesTests.RepositoriesTests.PlayerRewardRepositoryBasicTests.GetPlayerRewards_Success(DataLimiter dt)",""
"passed","Fri Sep 19 17:30:29 GMT 2025","Fri Sep 19 17:30:29 GMT 2025","0","","","","ServicesUnitTests.ValidatorTests.PlayerProfileValidatorTests","ServicesUnitTests.ValidatorTests.PlayerProfileValidatorTests.CheckAccount(comp: Account { Email = """", Id = null, Login = ""*****************"" }, expected: False)","ServicesUnitTests.ValidatorTests.PlayerProfileValidatorTests.CheckAccount(Account comp, Boolean expected)",""
"passed","Fri Sep 19 17:30:29 GMT 2025","Fri Sep 19 17:30:29 GMT 2025","0","","","","ServicesUnitTests.ValidatorTests.PlayerProfileValidatorTests","ServicesUnitTests.ValidatorTests.PlayerProfileValidatorTests.CheckAccountCreation(comp: AccountCreationData { Account = CompetitiveBackend.Core.Objects.Account, Password =  }, expected: False)","ServicesUnitTests.ValidatorTests.PlayerProfileValidatorTests.CheckAccountCreation(AccountCreationData comp, Boolean expected)",""
"passed","Fri Sep 19 17:33:04 GMT 2025","Fri Sep 19 17:33:05 GMT 2025","1404","","","","RepositoriesTests.RepositoriesTests.CompetitionRepositoryUnitTests","RepositoriesTests.RepositoriesTests.CompetitionRepositoryUnitTests.GetAllCompetitions_Empty(dt: DataLimiter { PartitionIndex = 2, Partition = 1, HasNoLimit = False, FirstIndex = 2, LastIndex = 3 })","RepositoriesTests.RepositoriesTests.CompetitionRepositoryUnitTests.GetAllCompetitions_Empty(DataLimiter dt)",""
"passed","Fri Sep 19 17:32:36 GMT 2025","Fri Sep 19 17:32:37 GMT 2025","1634","","","","RepositoriesTests.RepositoriesTests.CompetitionLevelRepositoryTests","RepositoriesTests.RepositoriesTests.CompetitionLevelRepositoryTests.GetSpecificLevelData(idx: 2)","RepositoriesTests.RepositoriesTests.CompetitionLevelRepositoryTests.GetSpecificLevelData(Int32 idx)",""
"passed","Fri Sep 19 17:30:29 GMT 2025","Fri Sep 19 17:30:29 GMT 2025","4","","","","ServicesUnitTests.ValidatorTests.CompetitionValidatorTests","ServicesUnitTests.ValidatorTests.CompetitionValidatorTests.CheckOK(comp: Competition { Description = ""**********"", EndDate = 2025-01-01T01:10:01.0000000, Id = null, Name = ""Abob"", StartDate = 2025-01-01T01:01:01.0000000 }, expected: True)","ServicesUnitTests.ValidatorTests.CompetitionValidatorTests.CheckOK(Competition comp, Boolean expected)",""
"passed","Fri Sep 19 17:30:29 GMT 2025","Fri Sep 19 17:30:29 GMT 2025","0","","","","ServicesUnitTests.ValidatorTests.PlayerProfileValidatorTests","ServicesUnitTests.ValidatorTests.PlayerProfileValidatorTests.CheckAccountCreation(comp: AccountCreationData { Account = CompetitiveBackend.Core.Objects.Account, Password = 123456a }, expected: False)","ServicesUnitTests.ValidatorTests.PlayerProfileValidatorTests.CheckAccountCreation(AccountCreationData comp, Boolean expected)",""
"passed","Fri Sep 19 17:32:46 GMT 2025","Fri Sep 19 17:32:47 GMT 2025","1543","","","","RepositoriesTests.RepositoriesTests.CompetitionLevelRepositoryTests","RepositoriesTests.RepositoriesTests.CompetitionLevelRepositoryTests.AddCompetitionLevel_Failure","RepositoriesTests.RepositoriesTests.CompetitionLevelRepositoryTests.AddCompetitionLevel_Failure",""
"passed","Fri Sep 19 17:30:29 GMT 2025","Fri Sep 19 17:30:29 GMT 2025","1","","","","ServicesUnitTests.ValidatorTests.PasswordConstraintTests","ServicesUnitTests.ValidatorTests.PasswordConstraintTests.LettersPasswordTest(password: """", isValid: False)","ServicesUnitTests.ValidatorTests.PasswordConstraintTests.LettersPasswordTest(String password, Boolean isValid)",""
"passed","Fri Sep 19 17:32:06 GMT 2025","Fri Sep 19 17:32:09 GMT 2025","2982","","","","RepositoriesTests.RepositoriesTests.CompetitionLevelRepositoryTests","RepositoriesTests.RepositoriesTests.CompetitionLevelRepositoryTests.GetLevelDataTests(platform: ""Android"", maxVersion: null, data: [4, 5, 6])","RepositoriesTests.RepositoriesTests.CompetitionLevelRepositoryTests.GetLevelDataTests(String platform, Nullable<Int32> maxVersion, Byte[] data)",""
"passed","Fri Sep 19 17:30:29 GMT 2025","Fri Sep 19 17:30:29 GMT 2025","1","","","","ServicesUnitTests.ServiceTests.CompetitionRewardServiceTests","ServicesUnitTests.ServiceTests.CompetitionRewardServiceTests.CompetitionRewardServiceTests_GetCompetitionRewards(etalon: 2)","ServicesUnitTests.ServiceTests.CompetitionRewardServiceTests.CompetitionRewardServiceTests_GetCompetitionRewards(Int32 etalon)",""
"passed","Fri Sep 19 17:32:14 GMT 2025","Fri Sep 19 17:32:17 GMT 2025","3034","","","","RepositoriesTests.RepositoriesTests.PlayerParticipationRepositoryTests","RepositoriesTests.RepositoriesTests.PlayerParticipationRepositoryTests.GetLeaderboard(dt: DataLimiter { PartitionIndex = 1, Partition = 2, HasNoLimit = False, FirstIndex = 2, LastIndex = 4 }, bindPlayer: True, bindCompetition: True)","RepositoriesTests.RepositoriesTests.PlayerParticipationRepositoryTests.GetLeaderboard(DataLimiter dt, Boolean bindPlayer, Boolean bindCompetition)",""
"passed","Fri Sep 19 17:32:19 GMT 2025","Fri Sep 19 17:32:20 GMT 2025","1588","","","","RepositoriesTests.RepositoriesTests.CompetitionRewardRepositoryTests","RepositoriesTests.RepositoriesTests.CompetitionRewardRepositoryTests.UpdateCompetitionReward_Alien","RepositoriesTests.RepositoriesTests.CompetitionRewardRepositoryTests.UpdateCompetitionReward_Alien",""
"passed","Fri Sep 19 17:30:29 GMT 2025","Fri Sep 19 17:30:29 GMT 2025","7","","","","ServicesUnitTests.ServiceTests.RewardDescriptionServiceTests","ServicesUnitTests.ServiceTests.RewardDescriptionServiceTests.RewardDescriptionServiceTests_UpdateRewardDescription_Failure","ServicesUnitTests.ServiceTests.RewardDescriptionServiceTests.RewardDescriptionServiceTests_UpdateRewardDescription_Failure",""
"passed","Fri Sep 19 17:32:00 GMT 2025","Fri Sep 19 17:32:03 GMT 2025","3080","","","","RepositoriesTests.RepositoriesTests.CompetitionLevelRepositoryTests","RepositoriesTests.RepositoriesTests.CompetitionLevelRepositoryTests.GetLevelDataTests(platform: ""Missigno"", maxVersion: 10, data: null)","RepositoriesTests.RepositoriesTests.CompetitionLevelRepositoryTests.GetLevelDataTests(String platform, Nullable<Int32> maxVersion, Byte[] data)",""
"passed","Fri Sep 19 17:30:29 GMT 2025","Fri Sep 19 17:30:29 GMT 2025","4","","","","ServicesUnitTests.ServiceTests.CompetitionServiceTests","ServicesUnitTests.ServiceTests.CompetitionServiceTests.CompetitionServiceTest_UpdateCompetition_Bad3","ServicesUnitTests.ServiceTests.CompetitionServiceTests.CompetitionServiceTest_UpdateCompetition_Bad3",""
"passed","Fri Sep 19 17:30:29 GMT 2025","Fri Sep 19 17:30:29 GMT 2025","0","","","","ServicesUnitTests.ValidatorTests.PasswordConstraintTests","ServicesUnitTests.ValidatorTests.PasswordConstraintTests.LengthPasswordTest(password: """", isValid: False)","ServicesUnitTests.ValidatorTests.PasswordConstraintTests.LengthPasswordTest(String password, Boolean isValid)",""
"passed","Fri Sep 19 17:31:38 GMT 2025","Fri Sep 19 17:31:42 GMT 2025","3928","","","","RepositoriesTests.RepositoriesTests.GranterTests.StoredProcedureGranterTests","RepositoriesTests.RepositoriesTests.GranterTests.StoredProcedureGranterTests.GrantRewardsByPlace(minPlace: 1, maxPlace: 5)","RepositoriesTests.RepositoriesTests.GranterTests.StoredProcedureGranterTests.GrantRewardsByPlace(Int32 minPlace, Int32 maxPlace)",""
"passed","Fri Sep 19 17:30:29 GMT 2025","Fri Sep 19 17:30:29 GMT 2025","2","","","","ServicesUnitTests.ServiceTests.CompetitionLevelServiceTests","ServicesUnitTests.ServiceTests.CompetitionLevelServiceTests.GetCompetitionLevelData_CallsRepositoryWithData","ServicesUnitTests.ServiceTests.CompetitionLevelServiceTests.GetCompetitionLevelData_CallsRepositoryWithData",""
"passed","Fri Sep 19 17:31:28 GMT 2025","Fri Sep 19 17:31:33 GMT 2025","4570","","","","RepositoriesTests.RepositoriesTests.CompetitionRewardRepositoryTests","RepositoriesTests.RepositoriesTests.CompetitionRewardRepositoryTests.UpdateCompetitionReward(cond: RankGrantCondition { maxRank = 0.5, minRank = 0, Type = ""rank"" }, idx: 2)","RepositoriesTests.RepositoriesTests.CompetitionRewardRepositoryTests.UpdateCompetitionReward(GrantCondition cond, Int32 idx)",""
"passed","Fri Sep 19 17:30:29 GMT 2025","Fri Sep 19 17:30:29 GMT 2025","1","","","","ServicesUnitTests.ValidatorTests.PlayerProfileValidatorTests","ServicesUnitTests.ValidatorTests.PlayerProfileValidatorTests.CheckAccountCreation(comp: AccountCreationData { Account = CompetitiveBackend.Core.Objects.Account, Password = 12345678a }, expected: False)","ServicesUnitTests.ValidatorTests.PlayerProfileValidatorTests.CheckAccountCreation(AccountCreationData comp, Boolean expected)",""
"passed","Fri Sep 19 17:30:29 GMT 2025","Fri Sep 19 17:30:29 GMT 2025","4","","","","ServicesUnitTests.ServiceTests.CompetitionRewardSchedulerTests","ServicesUnitTests.ServiceTests.CompetitionRewardSchedulerTests.CompetitionRewardSchedulerTests_OnCompetitionCreated","ServicesUnitTests.ServiceTests.CompetitionRewardSchedulerTests.CompetitionRewardSchedulerTests_OnCompetitionCreated",""
"passed","Fri Sep 19 17:31:42 GMT 2025","Fri Sep 19 17:31:46 GMT 2025","3791","","","","RepositoriesTests.RepositoriesTests.GranterTests.StoredProcedureGranterTests","RepositoriesTests.RepositoriesTests.GranterTests.StoredProcedureGranterTests.GrantRewardsByPlace(minPlace: 1, maxPlace: 1)","RepositoriesTests.RepositoriesTests.GranterTests.StoredProcedureGranterTests.GrantRewardsByPlace(Int32 minPlace, Int32 maxPlace)",""
"passed","Fri Sep 19 17:32:25 GMT 2025","Fri Sep 19 17:32:26 GMT 2025","1631","","","","RepositoriesTests.RepositoriesTests.CompetitionRewardRepositoryTests","RepositoriesTests.RepositoriesTests.CompetitionRewardRepositoryTests.GetCompetitionReward_Success(idx: 1)","RepositoriesTests.RepositoriesTests.CompetitionRewardRepositoryTests.GetCompetitionReward_Success(Int32 idx)",""
"passed","Fri Sep 19 17:31:49 GMT 2025","Fri Sep 19 17:31:53 GMT 2025","3371","","","","RepositoriesTests.RepositoriesTests.GranterTests.BasicRewardGranterTests","RepositoriesTests.RepositoriesTests.GranterTests.BasicRewardGranterTests.GrantRewardsByRank(minRank: 0.25, maxRank: 0.75)","RepositoriesTests.RepositoriesTests.GranterTests.BasicRewardGranterTests.GrantRewardsByRank(Single minRank, Single maxRank)",""
"passed","Fri Sep 19 17:30:29 GMT 2025","Fri Sep 19 17:30:29 GMT 2025","0","","","","ServicesUnitTests.ValidatorTests.PlayerProfileValidatorTests","ServicesUnitTests.ValidatorTests.PlayerProfileValidatorTests.CheckAccountCreation(comp: AccountCreationData { Account = CompetitiveBackend.Core.Objects.Account, Password = 12345678a }, expected: False)","ServicesUnitTests.ValidatorTests.PlayerProfileValidatorTests.CheckAccountCreation(AccountCreationData comp, Boolean expected)",""
"passed","Fri Sep 19 17:30:29 GMT 2025","Fri Sep 19 17:30:29 GMT 2025","9","","","","ServicesUnitTests.ServiceTests.PlayerRewardServiceTests","ServicesUnitTests.ServiceTests.PlayerRewardServiceTests.PlayerRewardServiceTest_GrantRewardToPlayer_Failure","ServicesUnitTests.ServiceTests.PlayerRewardServiceTests.PlayerRewardServiceTest_GrantRewardToPlayer_Failure",""
"passed","Fri Sep 19 17:33:03 GMT 2025","Fri Sep 19 17:33:04 GMT 2025","1401","","","","RepositoriesTests.RepositoriesTests.CompetitionRepositoryUnitTests","RepositoriesTests.RepositoriesTests.CompetitionRepositoryUnitTests.GetAllCompetitions_Empty(dt: DataLimiter { PartitionIndex = 1, Partition = 1, HasNoLimit = False, FirstIndex = 1, LastIndex = 2 })","RepositoriesTests.RepositoriesTests.CompetitionRepositoryUnitTests.GetAllCompetitions_Empty(DataLimiter dt)",""
"passed","Fri Sep 19 17:32:20 GMT 2025","Fri Sep 19 17:32:23 GMT 2025","2679","","","","RepositoriesTests.RepositoriesTests.PlayerParticipationRepositoryTests","RepositoriesTests.RepositoriesTests.PlayerParticipationRepositoryTests.GetPlayerParticipations(dt: DataLimiter { PartitionIndex = 0, Partition = 0, HasNoLimit = True, FirstIndex = 0, LastIndex = 0 }, bindPlayer: True, bindCompetition: False)","RepositoriesTests.RepositoriesTests.PlayerParticipationRepositoryTests.GetPlayerParticipations(DataLimiter dt, Boolean bindPlayer, Boolean bindCompetition)",""
"passed","Fri Sep 19 17:32:21 GMT 2025","Fri Sep 19 17:32:23 GMT 2025","1656","","","","RepositoriesTests.RepositoriesTests.CompetitionLevelRepositoryTests","RepositoriesTests.RepositoriesTests.CompetitionLevelRepositoryTests.UpdateCompetitionLevelInfo(idx: 1)","RepositoriesTests.RepositoriesTests.CompetitionLevelRepositoryTests.UpdateCompetitionLevelInfo(Int32 idx)",""
"passed","Fri Sep 19 17:32:55 GMT 2025","Fri Sep 19 17:32:57 GMT 2025","1591","","","","RepositoriesTests.RepositoriesTests.CompetitionRepositoryUnitTests","RepositoriesTests.RepositoriesTests.CompetitionRepositoryUnitTests.CreateCompetition_UtcSuccess","RepositoriesTests.RepositoriesTests.CompetitionRepositoryUnitTests.CreateCompetition_UtcSuccess",""
"passed","Fri Sep 19 17:30:29 GMT 2025","Fri Sep 19 17:30:29 GMT 2025","0","","","","ServicesUnitTests.ValidatorTests.PlayerProfileValidatorTests","ServicesUnitTests.ValidatorTests.PlayerProfileValidatorTests.CheckPlayerProfile(comp: PlayerProfile { Description = ""****************"", Id = 0, Name = ""***"" }, expected: False)","ServicesUnitTests.ValidatorTests.PlayerProfileValidatorTests.CheckPlayerProfile(PlayerProfile comp, Boolean expected)",""
"passed","Fri Sep 19 17:32:26 GMT 2025","Fri Sep 19 17:32:28 GMT 2025","1631","","","","RepositoriesTests.RepositoriesTests.CompetitionRewardRepositoryTests","RepositoriesTests.RepositoriesTests.CompetitionRewardRepositoryTests.GetCompetitionReward_Success(idx: 2)","RepositoriesTests.RepositoriesTests.CompetitionRewardRepositoryTests.GetCompetitionReward_Success(Int32 idx)",""
"passed","Fri Sep 19 17:32:50 GMT 2025","Fri Sep 19 17:32:51 GMT 2025","1538","","","","RepositoriesTests.RepositoriesTests.PlayerRewardRepositoryBasicTests","RepositoriesTests.RepositoriesTests.PlayerRewardRepositoryBasicTests.AddReward_Failure","RepositoriesTests.RepositoriesTests.PlayerRewardRepositoryBasicTests.AddReward_Failure",""
"passed","Fri Sep 19 17:32:42 GMT 2025","Fri Sep 19 17:32:43 GMT 2025","1554","","","","RepositoriesTests.RepositoriesTests.PlayerProfileRepositoryUnitTests","RepositoriesTests.RepositoriesTests.PlayerProfileRepositoryUnitTests.GetPlayerProfileImage_Success","RepositoriesTests.RepositoriesTests.PlayerProfileRepositoryUnitTests.GetPlayerProfileImage_Success",""
"passed","Fri Sep 19 17:32:45 GMT 2025","Fri Sep 19 17:32:47 GMT 2025","1527","","","","RepositoriesTests.RepositoriesTests.PlayerProfileRepositoryUnitTests","RepositoriesTests.RepositoriesTests.PlayerProfileRepositoryUnitTests.GetPlayerProfileImage_Failure","RepositoriesTests.RepositoriesTests.PlayerProfileRepositoryUnitTests.GetPlayerProfileImage_Failure",""
"passed","Fri Sep 19 17:32:33 GMT 2025","Fri Sep 19 17:32:36 GMT 2025","2746","","","","RepositoriesTests.RepositoriesTests.CompetitionLevelRepositoryTests","RepositoriesTests.RepositoriesTests.CompetitionLevelRepositoryTests.DeleteCompetitionLevelData(idx: 3)","RepositoriesTests.RepositoriesTests.CompetitionLevelRepositoryTests.DeleteCompetitionLevelData(Int32 idx)",""
"passed","Fri Sep 19 17:32:17 GMT 2025","Fri Sep 19 17:32:20 GMT 2025","2858","","","","RepositoriesTests.RepositoriesTests.PlayerParticipationRepositoryTests","RepositoriesTests.RepositoriesTests.PlayerParticipationRepositoryTests.GetPlayerParticipations(dt: DataLimiter { PartitionIndex = 0, Partition = 0, HasNoLimit = True, FirstIndex = 0, LastIndex = 0 }, bindPlayer: False, bindCompetition: False)","RepositoriesTests.RepositoriesTests.PlayerParticipationRepositoryTests.GetPlayerParticipations(DataLimiter dt, Boolean bindPlayer, Boolean bindCompetition)",""
"passed","Fri Sep 19 17:30:29 GMT 2025","Fri Sep 19 17:30:29 GMT 2025","37","","","","ServicesUnitTests.ServiceTests.PlayerRewardServiceTests","ServicesUnitTests.ServiceTests.PlayerRewardServiceTests.PlayerRewardServiceTest_DeleteReward","ServicesUnitTests.ServiceTests.PlayerRewardServiceTests.PlayerRewardServiceTest_DeleteReward",""
"passed","Fri Sep 19 17:30:29 GMT 2025","Fri Sep 19 17:30:29 GMT 2025","11","","","","ServicesUnitTests.ServiceTests.AuthServiceTests","ServicesUnitTests.ServiceTests.AuthServiceTests.AuthService_LogIn_Success","ServicesUnitTests.ServiceTests.AuthServiceTests.AuthService_LogIn_Success",""
"passed","Fri Sep 19 17:30:29 GMT 2025","Fri Sep 19 17:30:29 GMT 2025","0","","","","ServicesUnitTests.ValidatorTests.PlayerProfileValidatorTests","ServicesUnitTests.ValidatorTests.PlayerProfileValidatorTests.CheckAccountCreation(comp: AccountCreationData { Account = CompetitiveBackend.Core.Objects.Account, Password = 123456a }, expected: False)","ServicesUnitTests.ValidatorTests.PlayerProfileValidatorTests.CheckAccountCreation(AccountCreationData comp, Boolean expected)",""
"passed","Fri Sep 19 17:32:20 GMT 2025","Fri Sep 19 17:32:22 GMT 2025","1507","","","","RepositoriesTests.RepositoriesTests.CompetitionRewardRepositoryTests","RepositoriesTests.RepositoriesTests.CompetitionRewardRepositoryTests.AddCompetitionReward_Alien","RepositoriesTests.RepositoriesTests.CompetitionRewardRepositoryTests.AddCompetitionReward_Alien",""
"passed","Fri Sep 19 17:30:29 GMT 2025","Fri Sep 19 17:30:29 GMT 2025","1","","","","ServicesUnitTests.ValidatorTests.PasswordConstraintTests","ServicesUnitTests.ValidatorTests.PasswordConstraintTests.LettersPasswordTest(password: ""______"", isValid: False)","ServicesUnitTests.ValidatorTests.PasswordConstraintTests.LettersPasswordTest(String password, Boolean isValid)",""
"passed","Fri Sep 19 17:30:29 GMT 2025","Fri Sep 19 17:30:29 GMT 2025","1","","","","ServicesUnitTests.ValidatorTests.PasswordConstraintTests","ServicesUnitTests.ValidatorTests.PasswordConstraintTests.LengthPasswordTest(password: ""12345"", isValid: True)","ServicesUnitTests.ValidatorTests.PasswordConstraintTests.LengthPasswordTest(String password, Boolean isValid)",""
"passed","Fri Sep 19 17:30:29 GMT 2025","Fri Sep 19 17:30:29 GMT 2025","4","","","","ServicesUnitTests.ServiceTests.CompetitionLevelServiceTests","ServicesUnitTests.ServiceTests.CompetitionLevelServiceTests.UpdateCompetitionLevelInfo_CallsRepositoryWithData","ServicesUnitTests.ServiceTests.CompetitionLevelServiceTests.UpdateCompetitionLevelInfo_CallsRepositoryWithData",""
"passed","Fri Sep 19 17:30:29 GMT 2025","Fri Sep 19 17:30:29 GMT 2025","0","","","","ServicesUnitTests.ValidatorTests.PlayerProfileValidatorTests","ServicesUnitTests.ValidatorTests.PlayerProfileValidatorTests.CheckAccount(comp: Account { Email = null, Id = null, Login = ""amog"" }, expected: True)","ServicesUnitTests.ValidatorTests.PlayerProfileValidatorTests.CheckAccount(Account comp, Boolean expected)",""
"passed","Fri Sep 19 17:30:29 GMT 2025","Fri Sep 19 17:30:29 GMT 2025","1","","","","ServicesUnitTests.ValidatorTests.PlayerProfileValidatorTests","ServicesUnitTests.ValidatorTests.PlayerProfileValidatorTests.CheckAccountCreation(comp: AccountCreationData { Account = CompetitiveBackend.Core.Objects.Account, Password = 12345678 }, expected: False)","ServicesUnitTests.ValidatorTests.PlayerProfileValidatorTests.CheckAccountCreation(AccountCreationData comp, Boolean expected)",""
"passed","Fri Sep 19 17:31:56 GMT 2025","Fri Sep 19 17:31:59 GMT 2025","3037","","","","RepositoriesTests.RepositoriesTests.PlayerParticipationRepositoryTests","RepositoriesTests.RepositoriesTests.PlayerParticipationRepositoryTests.GetLeaderboard(dt: DataLimiter { PartitionIndex = 0, Partition = 0, HasNoLimit = True, FirstIndex = 0, LastIndex = 0 }, bindPlayer: True, bindCompetition: False)","RepositoriesTests.RepositoriesTests.PlayerParticipationRepositoryTests.GetLeaderboard(DataLimiter dt, Boolean bindPlayer, Boolean bindCompetition)",""
"passed","Fri Sep 19 17:32:38 GMT 2025","Fri Sep 19 17:32:40 GMT 2025","2747","","","","RepositoriesTests.RepositoriesTests.PlayerProfileRepositoryUnitTests","RepositoriesTests.RepositoriesTests.PlayerProfileRepositoryUnitTests.GetPlayerProfileImage_Empty","RepositoriesTests.RepositoriesTests.PlayerProfileRepositoryUnitTests.GetPlayerProfileImage_Empty",""
"passed","Fri Sep 19 17:30:29 GMT 2025","Fri Sep 19 17:30:29 GMT 2025","38","","","","ServicesUnitTests.ServiceTests.PlayerParticipationServiceTests","ServicesUnitTests.ServiceTests.PlayerParticipationServiceTests.PlayerParticipationServiceTests_DeleteParticipation","ServicesUnitTests.ServiceTests.PlayerParticipationServiceTests.PlayerParticipationServiceTests_DeleteParticipation",""
"passed","Fri Sep 19 17:32:51 GMT 2025","Fri Sep 19 17:32:52 GMT 2025","1525","","","","RepositoriesTests.RepositoriesTests.CompetitionLevelRepositoryTests","RepositoriesTests.RepositoriesTests.CompetitionLevelRepositoryTests.UpdateCompetitionLevelData_Failure","RepositoriesTests.RepositoriesTests.CompetitionLevelRepositoryTests.UpdateCompetitionLevelData_Failure",""
"passed","Fri Sep 19 17:30:29 GMT 2025","Fri Sep 19 17:30:29 GMT 2025","6","","","","ServicesUnitTests.ServiceTests.CompetitionRewardServiceTests","ServicesUnitTests.ServiceTests.CompetitionRewardServiceTests.CompetitionRewardServiceTests_CreateCompetitionReward","ServicesUnitTests.ServiceTests.CompetitionRewardServiceTests.CompetitionRewardServiceTests_CreateCompetitionReward",""
"passed","Fri Sep 19 17:30:29 GMT 2025","Fri Sep 19 17:30:29 GMT 2025","0","","","","ServicesUnitTests.ValidatorTests.PlayerProfileValidatorTests","ServicesUnitTests.ValidatorTests.PlayerProfileValidatorTests.CheckAccountCreation(comp: AccountCreationData { Account = CompetitiveBackend.Core.Objects.Account, Password = 123456a }, expected: False)","ServicesUnitTests.ValidatorTests.PlayerProfileValidatorTests.CheckAccountCreation(AccountCreationData comp, Boolean expected)",""
"passed","Fri Sep 19 17:30:29 GMT 2025","Fri Sep 19 17:30:29 GMT 2025","3","","","","ServicesUnitTests.ServiceTests.PlayerProfileServiceTests","ServicesUnitTests.ServiceTests.PlayerProfileServiceTests.PlayerProfileService_UpdatePlayerProfile_Failure","ServicesUnitTests.ServiceTests.PlayerProfileServiceTests.PlayerProfileService_UpdatePlayerProfile_Failure",""
"passed","Fri Sep 19 17:30:29 GMT 2025","Fri Sep 19 17:30:29 GMT 2025","4","","","","ServicesUnitTests.ServiceTests.PlayerRewardServiceTests","ServicesUnitTests.ServiceTests.PlayerRewardServiceTests.PlayerRewardServiceTest_GrantRewardToPlayer","ServicesUnitTests.ServiceTests.PlayerRewardServiceTests.PlayerRewardServiceTest_GrantRewardToPlayer",""
"passed","Fri Sep 19 17:30:29 GMT 2025","Fri Sep 19 17:30:29 GMT 2025","1","","","","ServicesUnitTests.ValidatorTests.PlayerProfileValidatorTests","ServicesUnitTests.ValidatorTests.PlayerProfileValidatorTests.CheckAccountCreation(comp: AccountCreationData { Account = CompetitiveBackend.Core.Objects.Account, Password = 123456a }, expected: False)","ServicesUnitTests.ValidatorTests.PlayerProfileValidatorTests.CheckAccountCreation(AccountCreationData comp, Boolean expected)",""
"passed","Fri Sep 19 17:30:29 GMT 2025","Fri Sep 19 17:30:29 GMT 2025","3","","","","ServicesUnitTests.ServiceTests.PlayerParticipationServiceTests","ServicesUnitTests.ServiceTests.PlayerParticipationServiceTests.PlayerParticipationServiceTests_SubmitParticipation_TOO_LATE","ServicesUnitTests.ServiceTests.PlayerParticipationServiceTests.PlayerParticipationServiceTests_SubmitParticipation_TOO_LATE",""
"passed","Fri Sep 19 17:30:29 GMT 2025","Fri Sep 19 17:30:29 GMT 2025","3","","","","ServicesUnitTests.ServiceTests.AuthServiceTests","ServicesUnitTests.ServiceTests.AuthServiceTests.AuthService_GetSessionToken","ServicesUnitTests.ServiceTests.AuthServiceTests.AuthService_GetSessionToken",""
"passed","Fri Sep 19 17:31:33 GMT 2025","Fri Sep 19 17:31:37 GMT 2025","3943","","","","RepositoriesTests.RepositoriesTests.AccountRepositoryUnitTests","RepositoriesTests.RepositoriesTests.AccountRepositoryUnitTests.GetAccount_Erroneous_Id","RepositoriesTests.RepositoriesTests.AccountRepositoryUnitTests.GetAccount_Erroneous_Id",""
"passed","Fri Sep 19 17:32:40 GMT 2025","Fri Sep 19 17:32:43 GMT 2025","2613","","","","RepositoriesTests.RepositoriesTests.CompetitionLevelRepositoryTests","RepositoriesTests.RepositoriesTests.CompetitionLevelRepositoryTests.GetSpecificLevelData(idx: 3)","RepositoriesTests.RepositoriesTests.CompetitionLevelRepositoryTests.GetSpecificLevelData(Int32 idx)",""
"passed","Fri Sep 19 17:30:29 GMT 2025","Fri Sep 19 17:30:29 GMT 2025","1","","","","ServicesUnitTests.ValidatorTests.PlayerProfileValidatorTests","ServicesUnitTests.ValidatorTests.PlayerProfileValidatorTests.CheckAccountCreation(comp: AccountCreationData { Account = CompetitiveBackend.Core.Objects.Account, Password = 12345678a }, expected: False)","ServicesUnitTests.ValidatorTests.PlayerProfileValidatorTests.CheckAccountCreation(AccountCreationData comp, Boolean expected)",""
"passed","Fri Sep 19 17:30:29 GMT 2025","Fri Sep 19 17:30:29 GMT 2025","2","","","","ServicesUnitTests.ValidatorTests.PlayerProfileValidatorTests","ServicesUnitTests.ValidatorTests.PlayerProfileValidatorTests.CheckAccountCreation(comp: AccountCreationData { Account = CompetitiveBackend.Core.Objects.Account, Password = 12345678 }, expected: False)","ServicesUnitTests.ValidatorTests.PlayerProfileValidatorTests.CheckAccountCreation(AccountCreationData comp, Boolean expected)",""
"passed","Fri Sep 19 17:33:20 GMT 2025","Fri Sep 19 17:33:22 GMT 2025","1460","","","","RepositoriesTests.RepositoriesTests.CompetitionRepositoryUnitTests","RepositoriesTests.RepositoriesTests.CompetitionRepositoryUnitTests.GetAllCompetitions_Basic(dt: DataLimiter { PartitionIndex = 1, Partition = 1, HasNoLimit = False, FirstIndex = 1, LastIndex = 2 })","RepositoriesTests.RepositoriesTests.CompetitionRepositoryUnitTests.GetAllCompetitions_Basic(DataLimiter dt)",""
"passed","Fri Sep 19 17:31:57 GMT 2025","Fri Sep 19 17:32:00 GMT 2025","3045","","","","RepositoriesTests.RepositoriesTests.GranterTests.StoredProcedureGranterTests","RepositoriesTests.RepositoriesTests.GranterTests.StoredProcedureGranterTests.MissingCompetition","RepositoriesTests.RepositoriesTests.GranterTests.StoredProcedureGranterTests.MissingCompetition",""
"passed","Fri Sep 19 17:32:10 GMT 2025","Fri Sep 19 17:32:13 GMT 2025","2916","","","","RepositoriesTests.RepositoriesTests.CompetitionRewardRepositoryTests","RepositoriesTests.RepositoriesTests.CompetitionRewardRepositoryTests.GetCompetitionRewards_Success(idx: 2)","RepositoriesTests.RepositoriesTests.CompetitionRewardRepositoryTests.GetCompetitionRewards_Success(Int32 idx)",""
"passed","Fri Sep 19 17:32:58 GMT 2025","Fri Sep 19 17:33:00 GMT 2025","1465","","","","RepositoriesTests.RepositoriesTests.CompetitionRepositoryUnitTests","RepositoriesTests.RepositoriesTests.CompetitionRepositoryUnitTests.GetAllCompetitions_Empty(dt: DataLimiter { PartitionIndex = 0, Partition = 3, HasNoLimit = False, FirstIndex = 0, LastIndex = 3 })","RepositoriesTests.RepositoriesTests.CompetitionRepositoryUnitTests.GetAllCompetitions_Empty(DataLimiter dt)",""
"passed","Fri Sep 19 17:32:25 GMT 2025","Fri Sep 19 17:32:27 GMT 2025","2793","","","","RepositoriesTests.RepositoriesTests.CompetitionLevelRepositoryTests","RepositoriesTests.RepositoriesTests.CompetitionLevelRepositoryTests.GetAllLevelData","RepositoriesTests.RepositoriesTests.CompetitionLevelRepositoryTests.GetAllLevelData",""
"passed","Fri Sep 19 17:31:22 GMT 2025","Fri Sep 19 17:31:27 GMT 2025","4845","","","","RepositoriesTests.RepositoriesTests.SessionRepositoryUnitTests","RepositoriesTests.RepositoriesTests.SessionRepositoryUnitTests.CreateSessionTokenFor_AdminSuccess","RepositoriesTests.RepositoriesTests.SessionRepositoryUnitTests.CreateSessionTokenFor_AdminSuccess",""
"passed","Fri Sep 19 17:31:57 GMT 2025","Fri Sep 19 17:32:00 GMT 2025","2967","","","","RepositoriesTests.RepositoriesTests.CompetitionLevelRepositoryTests","RepositoriesTests.RepositoriesTests.CompetitionLevelRepositoryTests.GetLevelDataTests(platform: ""Android"", maxVersion: 0, data: null)","RepositoriesTests.RepositoriesTests.CompetitionLevelRepositoryTests.GetLevelDataTests(String platform, Nullable<Int32> maxVersion, Byte[] data)",""
"passed","Fri Sep 19 17:32:49 GMT 2025","Fri Sep 19 17:32:51 GMT 2025","1546","","","","RepositoriesTests.RepositoriesTests.CompetitionLevelRepositoryTests","RepositoriesTests.RepositoriesTests.CompetitionLevelRepositoryTests.DeleteCompetitionLevelData_Failure","RepositoriesTests.RepositoriesTests.CompetitionLevelRepositoryTests.DeleteCompetitionLevelData_Failure",""
"passed","Fri Sep 19 17:32:08 GMT 2025","Fri Sep 19 17:32:11 GMT 2025","3085","","","","RepositoriesTests.RepositoriesTests.GranterTests.BasicRewardGranterTests","RepositoriesTests.RepositoriesTests.GranterTests.BasicRewardGranterTests.GetMultipleRewardData(conditions: [PlaceGrantCondition { maxPlace = 1, minPlace = 1, Type = ""place"" }, RankGrantCondition { maxRank = 1, minRank = 0.5, Type = ""rank"" }])","RepositoriesTests.RepositoriesTests.GranterTests.BasicRewardGranterTests.GetMultipleRewardData(GrantCondition[] conditions)",""
"passed","Fri Sep 19 17:30:29 GMT 2025","Fri Sep 19 17:30:29 GMT 2025","0","","","","ServicesUnitTests.ValidatorTests.PlayerProfileValidatorTests","ServicesUnitTests.ValidatorTests.PlayerProfileValidatorTests.CheckAccountCreation(comp: AccountCreationData { Account = CompetitiveBackend.Core.Objects.Account, Password = 123a5678 }, expected: False)","ServicesUnitTests.ValidatorTests.PlayerProfileValidatorTests.CheckAccountCreation(AccountCreationData comp, Boolean expected)",""
"passed","Fri Sep 19 17:31:28 GMT 2025","Fri Sep 19 17:31:32 GMT 2025","4347","","","","RepositoriesTests.RepositoriesTests.RewardDescriptionRepositoryTests","RepositoriesTests.RepositoriesTests.RewardDescriptionRepositoryTests.GetRewardIcon_Success","RepositoriesTests.RepositoriesTests.RewardDescriptionRepositoryTests.GetRewardIcon_Success",""
"passed","Fri Sep 19 17:30:29 GMT 2025","Fri Sep 19 17:30:29 GMT 2025","28","","","","ServicesUnitTests.ServiceTests.CompetitionRewardSchedulerTests","ServicesUnitTests.ServiceTests.CompetitionRewardSchedulerTests.CompetitionRewardSchedulerTests_OnCompetitionUpdated","ServicesUnitTests.ServiceTests.CompetitionRewardSchedulerTests.CompetitionRewardSchedulerTests_OnCompetitionUpdated",""
"passed","Fri Sep 19 17:30:29 GMT 2025","Fri Sep 19 17:30:29 GMT 2025","6","","","","ServicesUnitTests.ServiceTests.AuthServiceTests","ServicesUnitTests.ServiceTests.AuthServiceTests.AuthService_CreateAccount_Success","ServicesUnitTests.ServiceTests.AuthServiceTests.AuthService_CreateAccount_Success",""
"passed","Fri Sep 19 17:30:29 GMT 2025","Fri Sep 19 17:30:29 GMT 2025","1","","","","ServicesUnitTests.ValidatorTests.PlayerProfileValidatorTests","ServicesUnitTests.ValidatorTests.PlayerProfileValidatorTests.CheckAccountCreation(comp: AccountCreationData { Account = CompetitiveBackend.Core.Objects.Account, Password = 123a5678 }, expected: True)","ServicesUnitTests.ValidatorTests.PlayerProfileValidatorTests.CheckAccountCreation(AccountCreationData comp, Boolean expected)",""
"passed","Fri Sep 19 17:32:35 GMT 2025","Fri Sep 19 17:32:38 GMT 2025","2824","","","","RepositoriesTests.RepositoriesTests.PlayerParticipationRepositoryTests","RepositoriesTests.RepositoriesTests.PlayerParticipationRepositoryTests.GetPlayerParticipations(dt: DataLimiter { PartitionIndex = 1, Partition = 2, HasNoLimit = False, FirstIndex = 2, LastIndex = 4 }, bindPlayer: True, bindCompetition: True)","RepositoriesTests.RepositoriesTests.PlayerParticipationRepositoryTests.GetPlayerParticipations(DataLimiter dt, Boolean bindPlayer, Boolean bindCompetition)",""
"passed","Fri Sep 19 17:30:29 GMT 2025","Fri Sep 19 17:30:29 GMT 2025","7","","","","ServicesUnitTests.ServiceTests.RewardDescriptionServiceTests","ServicesUnitTests.ServiceTests.RewardDescriptionServiceTests.RewardDescriptionServiceTests_CreateRewardDescription_Failure","ServicesUnitTests.ServiceTests.RewardDescriptionServiceTests.RewardDescriptionServiceTests_CreateRewardDescription_Failure",""
"passed","Fri Sep 19 17:32:02 GMT 2025","Fri Sep 19 17:32:05 GMT 2025","3064","","","","RepositoriesTests.RepositoriesTests.GranterTests.BasicRewardGranterTests","RepositoriesTests.RepositoriesTests.GranterTests.BasicRewardGranterTests.GrantRewardsWithoutParticipants","RepositoriesTests.RepositoriesTests.GranterTests.BasicRewardGranterTests.GrantRewardsWithoutParticipants",""
"passed","Fri Sep 19 17:32:05 GMT 2025","Fri Sep 19 17:32:08 GMT 2025","3082","","","","RepositoriesTests.RepositoriesTests.GranterTests.BasicRewardGranterTests","RepositoriesTests.RepositoriesTests.GranterTests.BasicRewardGranterTests.GetMultipleRewardData(conditions: [PlaceGrantCondition { maxPlace = 1, minPlace = 1, Type = ""place"" }, PlaceGrantCondition { maxPlace = 2, minPlace = 2, Type = ""place"" }])","RepositoriesTests.RepositoriesTests.GranterTests.BasicRewardGranterTests.GetMultipleRewardData(GrantCondition[] conditions)",""
"passed","Fri Sep 19 17:32:15 GMT 2025","Fri Sep 19 17:32:18 GMT 2025","2900","","","","RepositoriesTests.RepositoriesTests.GranterTests.StoredProcedureGranterTests","RepositoriesTests.RepositoriesTests.GranterTests.StoredProcedureGranterTests.GrantRewardsTwoParticipants","RepositoriesTests.RepositoriesTests.GranterTests.StoredProcedureGranterTests.GrantRewardsTwoParticipants",""
"passed","Fri Sep 19 17:30:29 GMT 2025","Fri Sep 19 17:30:29 GMT 2025","0","","","","ServicesUnitTests.ValidatorTests.PlayerProfileValidatorTests","ServicesUnitTests.ValidatorTests.PlayerProfileValidatorTests.CheckAccountCreation(comp: AccountCreationData { Account = CompetitiveBackend.Core.Objects.Account, Password = 123a5678 }, expected: False)","ServicesUnitTests.ValidatorTests.PlayerProfileValidatorTests.CheckAccountCreation(AccountCreationData comp, Boolean expected)",""
"passed","Fri Sep 19 17:30:29 GMT 2025","Fri Sep 19 17:30:29 GMT 2025","0","","","","ServicesUnitTests.ValidatorTests.PlayerProfileValidatorTests","ServicesUnitTests.ValidatorTests.PlayerProfileValidatorTests.CheckAccountCreation(comp: AccountCreationData { Account = CompetitiveBackend.Core.Objects.Account, Password = 1234 }, expected: False)","ServicesUnitTests.ValidatorTests.PlayerProfileValidatorTests.CheckAccountCreation(AccountCreationData comp, Boolean expected)",""
"passed","Fri Sep 19 17:33:23 GMT 2025","Fri Sep 19 17:33:24 GMT 2025","1474","","","","RepositoriesTests.RepositoriesTests.CompetitionRepositoryUnitTests","RepositoriesTests.RepositoriesTests.CompetitionRepositoryUnitTests.GetAllCompetitions_Basic(dt: DataLimiter { PartitionIndex = 0, Partition = 0, HasNoLimit = True, FirstIndex = 0, LastIndex = 0 })","RepositoriesTests.RepositoriesTests.CompetitionRepositoryUnitTests.GetAllCompetitions_Basic(DataLimiter dt)",""
"passed","Fri Sep 19 17:30:29 GMT 2025","Fri Sep 19 17:30:29 GMT 2025","0","","","","ServicesUnitTests.ValidatorTests.PlayerProfileValidatorTests","ServicesUnitTests.ValidatorTests.PlayerProfileValidatorTests.CheckPlayerProfile(comp: PlayerProfile { Description = ""*****************"", Id = 0, Name = ""****************"" }, expected: False)","ServicesUnitTests.ValidatorTests.PlayerProfileValidatorTests.CheckPlayerProfile(PlayerProfile comp, Boolean expected)",""
"passed","Fri Sep 19 17:30:29 GMT 2025","Fri Sep 19 17:30:29 GMT 2025","1","","","","ServicesUnitTests.ValidatorTests.PlayerProfileValidatorTests","ServicesUnitTests.ValidatorTests.PlayerProfileValidatorTests.CheckAccountCreation(comp: AccountCreationData { Account = CompetitiveBackend.Core.Objects.Account, Password = 123a5678 }, expected: True)","ServicesUnitTests.ValidatorTests.PlayerProfileValidatorTests.CheckAccountCreation(AccountCreationData comp, Boolean expected)",""
"passed","Fri Sep 19 17:32:07 GMT 2025","Fri Sep 19 17:32:10 GMT 2025","2922","","","","RepositoriesTests.RepositoriesTests.CompetitionRewardRepositoryTests","RepositoriesTests.RepositoriesTests.CompetitionRewardRepositoryTests.GetCompetitionRewards_Success(idx: 1)","RepositoriesTests.RepositoriesTests.CompetitionRewardRepositoryTests.GetCompetitionRewards_Success(Int32 idx)",""
"passed","Fri Sep 19 17:30:29 GMT 2025","Fri Sep 19 17:30:29 GMT 2025","3","","","","ServicesUnitTests.ServiceTests.PlayerParticipationServiceTests","ServicesUnitTests.ServiceTests.PlayerParticipationServiceTests.PlayerParticipationServiceTests_GetParticipation","ServicesUnitTests.ServiceTests.PlayerParticipationServiceTests.PlayerParticipationServiceTests_GetParticipation",""
"passed","Fri Sep 19 17:30:29 GMT 2025","Fri Sep 19 17:30:29 GMT 2025","0","","","","ServicesUnitTests.ValidatorTests.PlayerProfileValidatorTests","ServicesUnitTests.ValidatorTests.PlayerProfileValidatorTests.CheckAccountCreation(comp: AccountCreationData { Account = CompetitiveBackend.Core.Objects.Account, Password = 12345678 }, expected: False)","ServicesUnitTests.ValidatorTests.PlayerProfileValidatorTests.CheckAccountCreation(AccountCreationData comp, Boolean expected)",""
"passed","Fri Sep 19 17:32:09 GMT 2025","Fri Sep 19 17:32:12 GMT 2025","3062","","","","RepositoriesTests.RepositoriesTests.CompetitionLevelRepositoryTests","RepositoriesTests.RepositoriesTests.CompetitionLevelRepositoryTests.UpdateCompetitionLevelData(idx: 3)","RepositoriesTests.RepositoriesTests.CompetitionLevelRepositoryTests.UpdateCompetitionLevelData(Int32 idx)",""
"passed","Fri Sep 19 17:31:27 GMT 2025","Fri Sep 19 17:31:31 GMT 2025","4213","","","","RepositoriesTests.RepositoriesTests.SessionRepositoryUnitTests","RepositoriesTests.RepositoriesTests.SessionRepositoryUnitTests.CreateSessionTokenFor_PlayerSuccess","RepositoriesTests.RepositoriesTests.SessionRepositoryUnitTests.CreateSessionTokenFor_PlayerSuccess",""
"passed","Fri Sep 19 17:31:32 GMT 2025","Fri Sep 19 17:31:36 GMT 2025","3979","","","","RepositoriesTests.RepositoriesTests.RewardDescriptionRepositoryTests","RepositoriesTests.RepositoriesTests.RewardDescriptionRepositoryTests.SetRewardIcon_Failure","RepositoriesTests.RepositoriesTests.RewardDescriptionRepositoryTests.SetRewardIcon_Failure",""
"passed","Fri Sep 19 17:30:29 GMT 2025","Fri Sep 19 17:30:29 GMT 2025","5","","","","ServicesUnitTests.ServiceTests.CompetitionServiceTests","ServicesUnitTests.ServiceTests.CompetitionServiceTests.CompetitionServiceTest_UpdateCompetition_OK","ServicesUnitTests.ServiceTests.CompetitionServiceTests.CompetitionServiceTest_UpdateCompetition_OK",""
"passed","Fri Sep 19 17:30:29 GMT 2025","Fri Sep 19 17:30:29 GMT 2025","0","","","","ServicesUnitTests.ValidatorTests.PasswordConstraintTests","ServicesUnitTests.ValidatorTests.PasswordConstraintTests.LengthPasswordTest(password: ""123"", isValid: False)","ServicesUnitTests.ValidatorTests.PasswordConstraintTests.LengthPasswordTest(String password, Boolean isValid)",""
"passed","Fri Sep 19 17:30:29 GMT 2025","Fri Sep 19 17:30:29 GMT 2025","40","","","","ServicesUnitTests.ValidatorTests.PlayerProfileValidatorTests","ServicesUnitTests.ValidatorTests.PlayerProfileValidatorTests.CheckPlayerProfile(comp: PlayerProfile { Description = ""*"", Id = 0, Name = ""**********"" }, expected: True)","ServicesUnitTests.ValidatorTests.PlayerProfileValidatorTests.CheckPlayerProfile(PlayerProfile comp, Boolean expected)",""
"passed","Fri Sep 19 17:30:29 GMT 2025","Fri Sep 19 17:30:29 GMT 2025","30","","","","ServicesUnitTests.ServiceTests.PlayerParticipationServiceTests","ServicesUnitTests.ServiceTests.PlayerParticipationServiceTests.PlayerParticipationServiceTests_SubmitParticipation_DISCARD","ServicesUnitTests.ServiceTests.PlayerParticipationServiceTests.PlayerParticipationServiceTests_SubmitParticipation_DISCARD",""
"passed","Fri Sep 19 17:31:44 GMT 2025","Fri Sep 19 17:31:47 GMT 2025","3603","","","","RepositoriesTests.RepositoriesTests.RewardDescriptionRepositoryTests","RepositoriesTests.RepositoriesTests.RewardDescriptionRepositoryTests.GetRewardIcon_Empty","RepositoriesTests.RepositoriesTests.RewardDescriptionRepositoryTests.GetRewardIcon_Empty",""
"passed","Fri Sep 19 17:31:33 GMT 2025","Fri Sep 19 17:31:37 GMT 2025","4372","","","","RepositoriesTests.RepositoriesTests.CompetitionRewardRepositoryTests","RepositoriesTests.RepositoriesTests.CompetitionRewardRepositoryTests.UpdateCompetitionReward(cond: PlaceGrantCondition { maxPlace = 2, minPlace = 1, Type = ""place"" }, idx: 3)","RepositoriesTests.RepositoriesTests.CompetitionRewardRepositoryTests.UpdateCompetitionReward(GrantCondition cond, Int32 idx)",""
"passed","Fri Sep 19 17:32:27 GMT 2025","Fri Sep 19 17:32:30 GMT 2025","2821","","","","RepositoriesTests.RepositoriesTests.CompetitionLevelRepositoryTests","RepositoriesTests.RepositoriesTests.CompetitionLevelRepositoryTests.DeleteCompetitionLevelData(idx: 2)","RepositoriesTests.RepositoriesTests.CompetitionLevelRepositoryTests.DeleteCompetitionLevelData(Int32 idx)",""
"passed","Fri Sep 19 17:30:29 GMT 2025","Fri Sep 19 17:30:29 GMT 2025","0","","","","ServicesUnitTests.ValidatorTests.PlayerProfileValidatorTests","ServicesUnitTests.ValidatorTests.PlayerProfileValidatorTests.CheckAccountCreation(comp: AccountCreationData { Account = CompetitiveBackend.Core.Objects.Account, Password = 1234 }, expected: False)","ServicesUnitTests.ValidatorTests.PlayerProfileValidatorTests.CheckAccountCreation(AccountCreationData comp, Boolean expected)",""
"passed","Fri Sep 19 17:30:29 GMT 2025","Fri Sep 19 17:30:29 GMT 2025","1","","","","ServicesUnitTests.ValidatorTests.PlayerProfileValidatorTests","ServicesUnitTests.ValidatorTests.PlayerProfileValidatorTests.CheckAccountCreation(comp: AccountCreationData { Account = CompetitiveBackend.Core.Objects.Account, Password = 123a5678 }, expected: False)","ServicesUnitTests.ValidatorTests.PlayerProfileValidatorTests.CheckAccountCreation(AccountCreationData comp, Boolean expected)",""
"passed","Fri Sep 19 17:30:29 GMT 2025","Fri Sep 19 17:30:29 GMT 2025","0","","","","ServicesUnitTests.ValidatorTests.PlayerProfileValidatorTests","ServicesUnitTests.ValidatorTests.PlayerProfileValidatorTests.CheckAccountCreation(comp: AccountCreationData { Account = CompetitiveBackend.Core.Objects.Account, Password =  }, expected: False)","ServicesUnitTests.ValidatorTests.PlayerProfileValidatorTests.CheckAccountCreation(AccountCreationData comp, Boolean expected)",""
"passed","Fri Sep 19 17:30:29 GMT 2025","Fri Sep 19 17:30:29 GMT 2025","0","","","","ServicesUnitTests.ValidatorTests.PlayerProfileValidatorTests","ServicesUnitTests.ValidatorTests.PlayerProfileValidatorTests.CheckAccountCreation(comp: AccountCreationData { Account = CompetitiveBackend.Core.Objects.Account, Password = 12345678 }, expected: False)","ServicesUnitTests.ValidatorTests.PlayerProfileValidatorTests.CheckAccountCreation(AccountCreationData comp, Boolean expected)",""
"passed","Fri Sep 19 17:32:51 GMT 2025","Fri Sep 19 17:32:53 GMT 2025","1563","","","","RepositoriesTests.RepositoriesTests.PlayerRewardRepositoryBasicTests","RepositoriesTests.RepositoriesTests.PlayerRewardRepositoryBasicTests.GetPlayerRewards_Success(dt: DataLimiter { PartitionIndex = 0, Partition = 3, HasNoLimit = False, FirstIndex = 0, LastIndex = 3 })","RepositoriesTests.RepositoriesTests.PlayerRewardRepositoryBasicTests.GetPlayerRewards_Success(DataLimiter dt)",""
"passed","Fri Sep 19 17:31:37 GMT 2025","Fri Sep 19 17:31:42 GMT 2025","4112","","","","RepositoriesTests.RepositoriesTests.GranterTests.BasicRewardGranterTests","RepositoriesTests.RepositoriesTests.GranterTests.BasicRewardGranterTests.GrantRewardsByRank(minRank: 0, maxRank: 1)","RepositoriesTests.RepositoriesTests.GranterTests.BasicRewardGranterTests.GrantRewardsByRank(Single minRank, Single maxRank)",""
"passed","Fri Sep 19 17:33:19 GMT 2025","Fri Sep 19 17:33:20 GMT 2025","1459","","","","RepositoriesTests.RepositoriesTests.CompetitionRepositoryUnitTests","RepositoriesTests.RepositoriesTests.CompetitionRepositoryUnitTests.GetAllCompetitions_Basic(dt: DataLimiter { PartitionIndex = 0, Partition = 1, HasNoLimit = False, FirstIndex = 0, LastIndex = 1 })","RepositoriesTests.RepositoriesTests.CompetitionRepositoryUnitTests.GetAllCompetitions_Basic(DataLimiter dt)",""
"passed","Fri Sep 19 17:30:29 GMT 2025","Fri Sep 19 17:30:29 GMT 2025","1","","","","ServicesUnitTests.ValidatorTests.PlayerProfileValidatorTests","ServicesUnitTests.ValidatorTests.PlayerProfileValidatorTests.CheckAccountCreation(comp: AccountCreationData { Account = CompetitiveBackend.Core.Objects.Account, Password = 1234 }, expected: False)","ServicesUnitTests.ValidatorTests.PlayerProfileValidatorTests.CheckAccountCreation(AccountCreationData comp, Boolean expected)",""
"passed","Fri Sep 19 17:32:08 GMT 2025","Fri Sep 19 17:32:11 GMT 2025","2934","","","","RepositoriesTests.RepositoriesTests.PlayerParticipationRepositoryTests","RepositoriesTests.RepositoriesTests.PlayerParticipationRepositoryTests.GetLeaderboard(dt: DataLimiter { PartitionIndex = 1, Partition = 2, HasNoLimit = False, FirstIndex = 2, LastIndex = 4 }, bindPlayer: True, bindCompetition: False)","RepositoriesTests.RepositoriesTests.PlayerParticipationRepositoryTests.GetLeaderboard(DataLimiter dt, Boolean bindPlayer, Boolean bindCompetition)",""
"passed","Fri Sep 19 17:31:40 GMT 2025","Fri Sep 19 17:31:44 GMT 2025","3850","","","","RepositoriesTests.RepositoriesTests.RewardDescriptionRepositoryTests","RepositoriesTests.RepositoriesTests.RewardDescriptionRepositoryTests.CreateRewardDescription_Success","RepositoriesTests.RepositoriesTests.RewardDescriptionRepositoryTests.CreateRewardDescription_Success",""
"passed","Fri Sep 19 17:30:29 GMT 2025","Fri Sep 19 17:30:29 GMT 2025","3","","","","ServicesUnitTests.ValidatorTests.PlayerProfileValidatorTests","ServicesUnitTests.ValidatorTests.PlayerProfileValidatorTests.CheckPlayerProfile(comp: PlayerProfile { Description = ""*"", Id = 0, Name = ""*****************"" }, expected: False)","ServicesUnitTests.ValidatorTests.PlayerProfileValidatorTests.CheckPlayerProfile(PlayerProfile comp, Boolean expected)",""
"passed","Fri Sep 19 17:32:54 GMT 2025","Fri Sep 19 17:32:56 GMT 2025","1537","","","","RepositoriesTests.RepositoriesTests.PlayerRewardRepositoryBasicTests","RepositoriesTests.RepositoriesTests.PlayerRewardRepositoryBasicTests.GetPlayerRewards_Success(dt: DataLimiter { PartitionIndex = 0, Partition = 1, HasNoLimit = False, FirstIndex = 0, LastIndex = 1 })","RepositoriesTests.RepositoriesTests.PlayerRewardRepositoryBasicTests.GetPlayerRewards_Success(DataLimiter dt)",""
"passed","Fri Sep 19 17:32:02 GMT 2025","Fri Sep 19 17:32:05 GMT 2025","2957","","","","RepositoriesTests.RepositoriesTests.PlayerParticipationRepositoryTests","RepositoriesTests.RepositoriesTests.PlayerParticipationRepositoryTests.GetLeaderboard(dt: DataLimiter { PartitionIndex = 0, Partition = 0, HasNoLimit = True, FirstIndex = 0, LastIndex = 0 }, bindPlayer: True, bindCompetition: True)","RepositoriesTests.RepositoriesTests.PlayerParticipationRepositoryTests.GetLeaderboard(DataLimiter dt, Boolean bindPlayer, Boolean bindCompetition)",""
"passed","Fri Sep 19 17:32:13 GMT 2025","Fri Sep 19 17:32:16 GMT 2025","2859","","","","RepositoriesTests.RepositoriesTests.CompetitionRewardRepositoryTests","RepositoriesTests.RepositoriesTests.CompetitionRewardRepositoryTests.DeleteCompetitionReward_Success(idx: 2)","RepositoriesTests.RepositoriesTests.CompetitionRewardRepositoryTests.DeleteCompetitionReward_Success(Int32 idx)",""
"passed","Fri Sep 19 17:31:37 GMT 2025","Fri Sep 19 17:31:41 GMT 2025","4143","","","","RepositoriesTests.RepositoriesTests.CompetitionRewardRepositoryTests","RepositoriesTests.RepositoriesTests.CompetitionRewardRepositoryTests.UpdateCompetitionReward(cond: PlaceGrantCondition { maxPlace = 2, minPlace = 2, Type = ""place"" }, idx: 4)","RepositoriesTests.RepositoriesTests.CompetitionRewardRepositoryTests.UpdateCompetitionReward(GrantCondition cond, Int32 idx)",""
"passed","Fri Sep 19 17:30:29 GMT 2025","Fri Sep 19 17:30:29 GMT 2025","2","","","","ServicesUnitTests.ServiceTests.PlayerProfileServiceTests","ServicesUnitTests.ServiceTests.PlayerProfileServiceTests.PlayerProfileService_GetPlayerProfile","ServicesUnitTests.ServiceTests.PlayerProfileServiceTests.PlayerProfileService_GetPlayerProfile",""
"passed","Fri Sep 19 17:33:01 GMT 2025","Fri Sep 19 17:33:03 GMT 2025","1427","","","","RepositoriesTests.RepositoriesTests.CompetitionRepositoryUnitTests","RepositoriesTests.RepositoriesTests.CompetitionRepositoryUnitTests.GetAllCompetitions_Empty(dt: DataLimiter { PartitionIndex = 0, Partition = 1, HasNoLimit = False, FirstIndex = 0, LastIndex = 1 })","RepositoriesTests.RepositoriesTests.CompetitionRepositoryUnitTests.GetAllCompetitions_Empty(DataLimiter dt)",""
"passed","Fri Sep 19 17:32:28 GMT 2025","Fri Sep 19 17:32:30 GMT 2025","1727","","","","RepositoriesTests.RepositoriesTests.PlayerProfileRepositoryUnitTests","RepositoriesTests.RepositoriesTests.PlayerProfileRepositoryUnitTests.UpdatePlayerProfileImage_Success","RepositoriesTests.RepositoriesTests.PlayerProfileRepositoryUnitTests.UpdatePlayerProfileImage_Success",""
"passed","Fri Sep 19 17:31:22 GMT 2025","Fri Sep 19 17:31:28 GMT 2025","5791","","","","RepositoriesTests.RepositoriesTests.CompetitionRewardRepositoryTests","RepositoriesTests.RepositoriesTests.CompetitionRewardRepositoryTests.UpdateCompetitionReward(cond: RankGrantCondition { maxRank = 1, minRank = 0.5, Type = ""rank"" }, idx: 1)","RepositoriesTests.RepositoriesTests.CompetitionRewardRepositoryTests.UpdateCompetitionReward(GrantCondition cond, Int32 idx)",""
"passed","Fri Sep 19 17:30:29 GMT 2025","Fri Sep 19 17:30:29 GMT 2025","2","","","","ServicesUnitTests.ServiceTests.CompetitionRewardServiceTests","ServicesUnitTests.ServiceTests.CompetitionRewardServiceTests.CompetitionRewardServiceTests_RemoveCompetitionReward(etalon: 5)","ServicesUnitTests.ServiceTests.CompetitionRewardServiceTests.CompetitionRewardServiceTests_RemoveCompetitionReward(Int32 etalon)",""
"passed","Fri Sep 19 17:32:53 GMT 2025","Fri Sep 19 17:32:54 GMT 2025","1534","","","","RepositoriesTests.RepositoriesTests.PlayerRewardRepositoryBasicTests","RepositoriesTests.RepositoriesTests.PlayerRewardRepositoryBasicTests.GetPlayerRewards_Success(dt: DataLimiter { PartitionIndex = 0, Partition = 2, HasNoLimit = False, FirstIndex = 0, LastIndex = 2 })","RepositoriesTests.RepositoriesTests.PlayerRewardRepositoryBasicTests.GetPlayerRewards_Success(DataLimiter dt)",""
"passed","Fri Sep 19 17:33:00 GMT 2025","Fri Sep 19 17:33:01 GMT 2025","1476","","","","RepositoriesTests.RepositoriesTests.CompetitionRepositoryUnitTests","RepositoriesTests.RepositoriesTests.CompetitionRepositoryUnitTests.GetAllCompetitions_Empty(dt: DataLimiter { PartitionIndex = 0, Partition = 2, HasNoLimit = False, FirstIndex = 0, LastIndex = 2 })","RepositoriesTests.RepositoriesTests.CompetitionRepositoryUnitTests.GetAllCompetitions_Empty(DataLimiter dt)",""
"passed","Fri Sep 19 17:32:16 GMT 2025","Fri Sep 19 17:32:19 GMT 2025","2844","","","","RepositoriesTests.RepositoriesTests.CompetitionRewardRepositoryTests","RepositoriesTests.RepositoriesTests.CompetitionRewardRepositoryTests.DeleteCompetitionReward_Success(idx: 1)","RepositoriesTests.RepositoriesTests.CompetitionRewardRepositoryTests.DeleteCompetitionReward_Success(Int32 idx)",""
"passed","Fri Sep 19 17:31:47 GMT 2025","Fri Sep 19 17:31:51 GMT 2025","3593","","","","RepositoriesTests.RepositoriesTests.RewardDescriptionRepositoryTests","RepositoriesTests.RepositoriesTests.RewardDescriptionRepositoryTests.UpdateRewardDescription_Success","RepositoriesTests.RepositoriesTests.RewardDescriptionRepositoryTests.UpdateRewardDescription_Success",""
"passed","Fri Sep 19 17:31:51 GMT 2025","Fri Sep 19 17:31:54 GMT 2025","3155","","","","RepositoriesTests.RepositoriesTests.CompetitionLevelRepositoryTests","RepositoriesTests.RepositoriesTests.CompetitionLevelRepositoryTests.GetLevelDataTests(platform: ""Android"", maxVersion: 5, data: [1, 2, 3])","RepositoriesTests.RepositoriesTests.CompetitionLevelRepositoryTests.GetLevelDataTests(String platform, Nullable<Int32> maxVersion, Byte[] data)",""
"passed","Fri Sep 19 17:30:29 GMT 2025","Fri Sep 19 17:30:29 GMT 2025","8","","","","ServicesUnitTests.ServiceTests.CompetitionServiceTests","ServicesUnitTests.ServiceTests.CompetitionServiceTests.CompetitionServiceTest_GetActiveCompetitions","ServicesUnitTests.ServiceTests.CompetitionServiceTests.CompetitionServiceTest_GetActiveCompetitions",""
"passed","Fri Sep 19 17:30:29 GMT 2025","Fri Sep 19 17:30:29 GMT 2025","4","","","","ServicesUnitTests.ServiceTests.CompetitionRewardServiceTests","ServicesUnitTests.ServiceTests.CompetitionRewardServiceTests.CompetitionRewardServiceTests_GetCompetitionRewards(etalon: 5)","ServicesUnitTests.ServiceTests.CompetitionRewardServiceTests.CompetitionRewardServiceTests_GetCompetitionRewards(Int32 etalon)",""
"passed","Fri Sep 19 17:31:49 GMT 2025","Fri Sep 19 17:31:52 GMT 2025","3335","","","","RepositoriesTests.RepositoriesTests.CompetitionRewardRepositoryTests","RepositoriesTests.RepositoriesTests.CompetitionRewardRepositoryTests.AddCompetitionReward_DifferentRanks(cond: RankGrantCondition { maxRank = 1, minRank = 0.5, Type = ""rank"" }, idx: 1)","RepositoriesTests.RepositoriesTests.CompetitionRewardRepositoryTests.AddCompetitionReward_DifferentRanks(GrantCondition cond, Int32 idx)",""
"passed","Fri Sep 19 17:30:29 GMT 2025","Fri Sep 19 17:30:29 GMT 2025","0","","","","ServicesUnitTests.ValidatorTests.PlayerProfileValidatorTests","ServicesUnitTests.ValidatorTests.PlayerProfileValidatorTests.CheckAccount(comp: Account { Email = """", Id = null, Login = ""amogus"" }, expected: True)","ServicesUnitTests.ValidatorTests.PlayerProfileValidatorTests.CheckAccount(Account comp, Boolean expected)",""
