"Status","Start Time","Stop Time","Duration in ms","Parent Suite","Suite","Sub Suite","Test Class","Test Method","Name","Description"
"passed","Sun Sep 21 12:30:25 GMT 2025","Sun Sep 21 12:30:27 GMT 2025","1505","","","","RepositoriesTests.RepositoriesTests.CompetitionRepositoryUnitTests","RepositoriesTests.RepositoriesTests.CompetitionRepositoryUnitTests.GetAllCompetitions_Basic(dt: DataLimiter { PartitionIndex = 2, Partition = 1, HasNoLimit = False, FirstIndex = 2, LastIndex = 3 })","RepositoriesTests.RepositoriesTests.CompetitionRepositoryUnitTests.GetAllCompetitions_Basic(DataLimiter dt)",""
"passed","Sun Sep 21 12:27:23 GMT 2025","Sun Sep 21 12:27:23 GMT 2025","40","","","","ServicesUnitTests.ValidatorTests.CompetitionValidatorTests","ServicesUnitTests.ValidatorTests.CompetitionValidatorTests.CheckOK(comp: Competition { Description = ""**********"", EndDate = 2025-01-01T01:10:01.0000000, Id = null, Name = ""Abob"", StartDate = 2025-01-01T01:01:01.0000000 }, expected: True)","ServicesUnitTests.ValidatorTests.CompetitionValidatorTests.CheckOK(Competition comp, Boolean expected)",""
"passed","Sun Sep 21 12:29:37 GMT 2025","Sun Sep 21 12:29:40 GMT 2025","2744","","","","RepositoriesTests.RepositoriesTests.PlayerProfileRepositoryUnitTests","RepositoriesTests.RepositoriesTests.PlayerProfileRepositoryUnitTests.GetPlayerProfile_Failure","RepositoriesTests.RepositoriesTests.PlayerProfileRepositoryUnitTests.GetPlayerProfile_Failure",""
"passed","Sun Sep 21 12:29:40 GMT 2025","Sun Sep 21 12:29:43 GMT 2025","2762","","","","RepositoriesTests.RepositoriesTests.PlayerProfileRepositoryUnitTests","RepositoriesTests.RepositoriesTests.PlayerProfileRepositoryUnitTests.UpdatePlayerProfile_Failure","RepositoriesTests.RepositoriesTests.PlayerProfileRepositoryUnitTests.UpdatePlayerProfile_Failure",""
"passed","Sun Sep 21 12:28:35 GMT 2025","Sun Sep 21 12:28:39 GMT 2025","3757","","","","RepositoriesTests.RepositoriesTests.RewardDescriptionRepositoryTests","RepositoriesTests.RepositoriesTests.RewardDescriptionRepositoryTests.UpdateRewardDescription_Failure","RepositoriesTests.RepositoriesTests.RewardDescriptionRepositoryTests.UpdateRewardDescription_Failure",""
"passed","Sun Sep 21 12:28:32 GMT 2025","Sun Sep 21 12:28:36 GMT 2025","3747","","","","RepositoriesTests.RepositoriesTests.AccountRepositoryUnitTests","RepositoriesTests.RepositoriesTests.AccountRepositoryUnitTests.GetAccount_Erroneous_Id","RepositoriesTests.RepositoriesTests.AccountRepositoryUnitTests.GetAccount_Erroneous_Id",""
"passed","Sun Sep 21 12:27:23 GMT 2025","Sun Sep 21 12:27:23 GMT 2025","21","","","","ServicesUnitTests.ServiceTests.PlayerProfileServiceTests","ServicesUnitTests.ServiceTests.PlayerProfileServiceTests.PlayerProfileService_GetPlayerProfileImage","ServicesUnitTests.ServiceTests.PlayerProfileServiceTests.PlayerProfileService_GetPlayerProfileImage",""
"passed","Sun Sep 21 12:29:12 GMT 2025","Sun Sep 21 12:29:15 GMT 2025","3073","","","","RepositoriesTests.RepositoriesTests.CompetitionLevelRepositoryTests","RepositoriesTests.RepositoriesTests.CompetitionLevelRepositoryTests.UpdateCompetitionLevelData(idx: 2)","RepositoriesTests.RepositoriesTests.CompetitionLevelRepositoryTests.UpdateCompetitionLevelData(Int32 idx)",""
"passed","Sun Sep 21 12:27:23 GMT 2025","Sun Sep 21 12:27:23 GMT 2025","1","","","","ServicesUnitTests.ValidatorTests.PlayerProfileValidatorTests","ServicesUnitTests.ValidatorTests.PlayerProfileValidatorTests.CheckAccountCreation(comp: AccountCreationData { Account = CompetitiveBackend.Core.Objects.Account, Password =  }, expected: False)","ServicesUnitTests.ValidatorTests.PlayerProfileValidatorTests.CheckAccountCreation(AccountCreationData comp, Boolean expected)",""
"passed","Sun Sep 21 12:27:23 GMT 2025","Sun Sep 21 12:27:23 GMT 2025","1","","","","ServicesUnitTests.ValidatorTests.PasswordConstraintTests","ServicesUnitTests.ValidatorTests.PasswordConstraintTests.LettersPasswordTest(password: """", isValid: False)","ServicesUnitTests.ValidatorTests.PasswordConstraintTests.LettersPasswordTest(String password, Boolean isValid)",""
"passed","Sun Sep 21 12:27:23 GMT 2025","Sun Sep 21 12:27:23 GMT 2025","0","","","","ServicesUnitTests.ValidatorTests.PlayerProfileValidatorTests","ServicesUnitTests.ValidatorTests.PlayerProfileValidatorTests.CheckAccountCreation(comp: AccountCreationData { Account = CompetitiveBackend.Core.Objects.Account, Password = 123456a }, expected: False)","ServicesUnitTests.ValidatorTests.PlayerProfileValidatorTests.CheckAccountCreation(AccountCreationData comp, Boolean expected)",""
"passed","Sun Sep 21 12:28:22 GMT 2025","Sun Sep 21 12:28:28 GMT 2025","5929","","","","RepositoriesTests.RepositoriesTests.CompetitionRewardRepositoryTests","RepositoriesTests.RepositoriesTests.CompetitionRewardRepositoryTests.UpdateCompetitionReward(cond: RankGrantCondition { maxRank = 1, minRank = 0.5, Type = ""rank"" }, idx: 1)","RepositoriesTests.RepositoriesTests.CompetitionRewardRepositoryTests.UpdateCompetitionReward(GrantCondition cond, Int32 idx)",""
"passed","Sun Sep 21 12:27:23 GMT 2025","Sun Sep 21 12:27:23 GMT 2025","0","","","","ServicesUnitTests.ValidatorTests.PlayerProfileValidatorTests","ServicesUnitTests.ValidatorTests.PlayerProfileValidatorTests.CheckAccountCreation(comp: AccountCreationData { Account = CompetitiveBackend.Core.Objects.Account, Password = 123a5678 }, expected: False)","ServicesUnitTests.ValidatorTests.PlayerProfileValidatorTests.CheckAccountCreation(AccountCreationData comp, Boolean expected)",""
"passed","Sun Sep 21 12:29:24 GMT 2025","Sun Sep 21 12:29:27 GMT 2025","2849","","","","RepositoriesTests.RepositoriesTests.CompetitionLevelRepositoryTests","RepositoriesTests.RepositoriesTests.CompetitionLevelRepositoryTests.UpdateCompetitionLevelInfo(idx: 2)","RepositoriesTests.RepositoriesTests.CompetitionLevelRepositoryTests.UpdateCompetitionLevelInfo(Int32 idx)",""
"passed","Sun Sep 21 12:28:22 GMT 2025","Sun Sep 21 12:28:28 GMT 2025","5641","","","","RepositoriesTests.RepositoriesTests.AccountRepositoryUnitTests","RepositoriesTests.RepositoriesTests.AccountRepositoryUnitTests.GetAccount_Success_ID","RepositoriesTests.RepositoriesTests.AccountRepositoryUnitTests.GetAccount_Success_ID",""
"passed","Sun Sep 21 12:27:23 GMT 2025","Sun Sep 21 12:27:23 GMT 2025","1","","","","ServicesUnitTests.ValidatorTests.PlayerProfileValidatorTests","ServicesUnitTests.ValidatorTests.PlayerProfileValidatorTests.CheckAccountCreation(comp: AccountCreationData { Account = CompetitiveBackend.Core.Objects.Account, Password =  }, expected: False)","ServicesUnitTests.ValidatorTests.PlayerProfileValidatorTests.CheckAccountCreation(AccountCreationData comp, Boolean expected)",""
"passed","Sun Sep 21 12:28:41 GMT 2025","Sun Sep 21 12:28:45 GMT 2025","4062","","","","RepositoriesTests.RepositoriesTests.CompetitionRewardRepositoryTests","RepositoriesTests.RepositoriesTests.CompetitionRewardRepositoryTests.UpdateCompetitionReward(cond: PlaceGrantCondition { maxPlace = 50, minPlace = 4, Type = ""place"" }, idx: 5)","RepositoriesTests.RepositoriesTests.CompetitionRewardRepositoryTests.UpdateCompetitionReward(GrantCondition cond, Int32 idx)",""
"passed","Sun Sep 21 12:28:59 GMT 2025","Sun Sep 21 12:29:03 GMT 2025","3521","","","","RepositoriesTests.RepositoriesTests.CompetitionRewardRepositoryTests","RepositoriesTests.RepositoriesTests.CompetitionRewardRepositoryTests.AddCompetitionReward_DifferentRanks(cond: PlaceGrantCondition { maxPlace = 2, minPlace = 2, Type = ""place"" }, idx: 4)","RepositoriesTests.RepositoriesTests.CompetitionRewardRepositoryTests.AddCompetitionReward_DifferentRanks(GrantCondition cond, Int32 idx)",""
"passed","Sun Sep 21 12:27:23 GMT 2025","Sun Sep 21 12:27:23 GMT 2025","2","","","","ServicesUnitTests.ServiceTests.CompetitionLevelServiceTests","ServicesUnitTests.ServiceTests.CompetitionLevelServiceTests.GetCompetitionLevel_WithoutOptionalParameters_UsesNulls","ServicesUnitTests.ServiceTests.CompetitionLevelServiceTests.GetCompetitionLevel_WithoutOptionalParameters_UsesNulls",""
"passed","Sun Sep 21 12:28:33 GMT 2025","Sun Sep 21 12:28:37 GMT 2025","4010","","","","RepositoriesTests.RepositoriesTests.CompetitionRewardRepositoryTests","RepositoriesTests.RepositoriesTests.CompetitionRewardRepositoryTests.UpdateCompetitionReward(cond: PlaceGrantCondition { maxPlace = 2, minPlace = 1, Type = ""place"" }, idx: 3)","RepositoriesTests.RepositoriesTests.CompetitionRewardRepositoryTests.UpdateCompetitionReward(GrantCondition cond, Int32 idx)",""
"passed","Sun Sep 21 12:27:23 GMT 2025","Sun Sep 21 12:27:23 GMT 2025","3","","","","ServicesUnitTests.ValidatorTests.PlayerProfileValidatorTests","ServicesUnitTests.ValidatorTests.PlayerProfileValidatorTests.CheckAccountCreation(comp: AccountCreationData { Account = CompetitiveBackend.Core.Objects.Account, Password = 123a5678 }, expected: True)","ServicesUnitTests.ValidatorTests.PlayerProfileValidatorTests.CheckAccountCreation(AccountCreationData comp, Boolean expected)",""
"passed","Sun Sep 21 12:28:02 GMT 2025","Sun Sep 21 12:28:22 GMT 2025","19400","","","","RepositoriesTests.RepositoriesTests.AccountRepositoryUnitTests","RepositoriesTests.RepositoriesTests.AccountRepositoryUnitTests.CreateAccountTest","RepositoriesTests.RepositoriesTests.AccountRepositoryUnitTests.CreateAccountTest",""
"passed","Sun Sep 21 12:29:42 GMT 2025","Sun Sep 21 12:29:45 GMT 2025","2618","","","","RepositoriesTests.RepositoriesTests.CompetitionLevelRepositoryTests","RepositoriesTests.RepositoriesTests.CompetitionLevelRepositoryTests.GetSpecificLevelData(idx: 3)","RepositoriesTests.RepositoriesTests.CompetitionLevelRepositoryTests.GetSpecificLevelData(Int32 idx)",""
"passed","Sun Sep 21 12:27:23 GMT 2025","Sun Sep 21 12:27:23 GMT 2025","6","","","","ServicesUnitTests.ValidatorTests.PlayerProfileValidatorTests","ServicesUnitTests.ValidatorTests.PlayerProfileValidatorTests.CheckPlayerProfile(comp: PlayerProfile { Description = ""*"", Id = 0, Name = ""****************"" }, expected: True)","ServicesUnitTests.ValidatorTests.PlayerProfileValidatorTests.CheckPlayerProfile(PlayerProfile comp, Boolean expected)",""
"passed","Sun Sep 21 12:27:23 GMT 2025","Sun Sep 21 12:27:23 GMT 2025","0","","","","ServicesUnitTests.ValidatorTests.PlayerProfileValidatorTests","ServicesUnitTests.ValidatorTests.PlayerProfileValidatorTests.CheckAccountCreation(comp: AccountCreationData { Account = CompetitiveBackend.Core.Objects.Account, Password = 12345678 }, expected: False)","ServicesUnitTests.ValidatorTests.PlayerProfileValidatorTests.CheckAccountCreation(AccountCreationData comp, Boolean expected)",""
"passed","Sun Sep 21 12:29:56 GMT 2025","Sun Sep 21 12:29:59 GMT 2025","2571","","","","RepositoriesTests.RepositoriesTests.CompetitionLevelRepositoryTests","RepositoriesTests.RepositoriesTests.CompetitionLevelRepositoryTests.UpdateCompetitionLevel_Failure","RepositoriesTests.RepositoriesTests.CompetitionLevelRepositoryTests.UpdateCompetitionLevel_Failure",""
"passed","Sun Sep 21 12:29:53 GMT 2025","Sun Sep 21 12:29:54 GMT 2025","1568","","","","RepositoriesTests.RepositoriesTests.CompetitionLevelRepositoryTests","RepositoriesTests.RepositoriesTests.CompetitionLevelRepositoryTests.UpdateCompetitionLevelData_Failure","RepositoriesTests.RepositoriesTests.CompetitionLevelRepositoryTests.UpdateCompetitionLevelData_Failure",""
"passed","Sun Sep 21 12:30:00 GMT 2025","Sun Sep 21 12:30:01 GMT 2025","1575","","","","RepositoriesTests.RepositoriesTests.PlayerRewardRepositoryBasicTests","RepositoriesTests.RepositoriesTests.PlayerRewardRepositoryBasicTests.GetPlayerRewards_Success(dt: DataLimiter { PartitionIndex = 0, Partition = 1, HasNoLimit = False, FirstIndex = 0, LastIndex = 1 })","RepositoriesTests.RepositoriesTests.PlayerRewardRepositoryBasicTests.GetPlayerRewards_Success(DataLimiter dt)",""
"passed","Sun Sep 21 12:27:23 GMT 2025","Sun Sep 21 12:27:23 GMT 2025","3","","","","ServicesUnitTests.ServiceTests.PlayerParticipationServiceTests","ServicesUnitTests.ServiceTests.PlayerParticipationServiceTests.PlayerParticipationServiceTests_GetParticipation","ServicesUnitTests.ServiceTests.PlayerParticipationServiceTests.PlayerParticipationServiceTests_GetParticipation",""
"passed","Sun Sep 21 12:32:48 GMT 2025","Sun Sep 21 12:32:48 GMT 2025","73","","","","IntegrationalTests.CompetitionIntegrationTests","IntegrationalTests.CompetitionIntegrationTests.CompetitionFetchPage","IntegrationalTests.CompetitionIntegrationTests.CompetitionFetchPage",""
"passed","Sun Sep 21 12:29:51 GMT 2025","Sun Sep 21 12:29:52 GMT 2025","1547","","","","RepositoriesTests.RepositoriesTests.PlayerRewardRepositoryBasicTests","RepositoriesTests.RepositoriesTests.PlayerRewardRepositoryBasicTests.AddReward_Success","RepositoriesTests.RepositoriesTests.PlayerRewardRepositoryBasicTests.AddReward_Success",""
"passed","Sun Sep 21 12:27:23 GMT 2025","Sun Sep 21 12:27:23 GMT 2025","1","","","","ServicesUnitTests.ValidatorTests.PasswordConstraintTests","ServicesUnitTests.ValidatorTests.PasswordConstraintTests.LettersPasswordTest(password: ""12345A"", isValid: True)","ServicesUnitTests.ValidatorTests.PasswordConstraintTests.LettersPasswordTest(String password, Boolean isValid)",""
"passed","Sun Sep 21 12:27:23 GMT 2025","Sun Sep 21 12:27:23 GMT 2025","5","","","","ServicesUnitTests.ServiceTests.CompetitionServiceTests","ServicesUnitTests.ServiceTests.CompetitionServiceTests.CompetitionServiceTest_UpdateCompetition_OK","ServicesUnitTests.ServiceTests.CompetitionServiceTests.CompetitionServiceTest_UpdateCompetition_OK",""
"passed","Sun Sep 21 12:30:14 GMT 2025","Sun Sep 21 12:30:15 GMT 2025","1530","","","","RepositoriesTests.RepositoriesTests.CompetitionRepositoryUnitTests","RepositoriesTests.RepositoriesTests.CompetitionRepositoryUnitTests.CreateCompetition_Success","RepositoriesTests.RepositoriesTests.CompetitionRepositoryUnitTests.CreateCompetition_Success",""
"passed","Sun Sep 21 12:28:02 GMT 2025","Sun Sep 21 12:28:21 GMT 2025","18896","","","","RepositoriesTests.RepositoriesTests.SessionRepositoryUnitTests","RepositoriesTests.RepositoriesTests.SessionRepositoryUnitTests.CreateSessionTokenFor_Failure","RepositoriesTests.RepositoriesTests.SessionRepositoryUnitTests.CreateSessionTokenFor_Failure",""
"passed","Sun Sep 21 12:28:28 GMT 2025","Sun Sep 21 12:28:33 GMT 2025","5504","","","","RepositoriesTests.RepositoriesTests.CompetitionRewardRepositoryTests","RepositoriesTests.RepositoriesTests.CompetitionRewardRepositoryTests.UpdateCompetitionReward(cond: RankGrantCondition { maxRank = 0.5, minRank = 0, Type = ""rank"" }, idx: 2)","RepositoriesTests.RepositoriesTests.CompetitionRewardRepositoryTests.UpdateCompetitionReward(GrantCondition cond, Int32 idx)",""
"passed","Sun Sep 21 12:29:09 GMT 2025","Sun Sep 21 12:29:12 GMT 2025","3200","","","","RepositoriesTests.RepositoriesTests.CompetitionLevelRepositoryTests","RepositoriesTests.RepositoriesTests.CompetitionLevelRepositoryTests.UpdateCompetitionLevelData(idx: 3)","RepositoriesTests.RepositoriesTests.CompetitionLevelRepositoryTests.UpdateCompetitionLevelData(Int32 idx)",""
"passed","Sun Sep 21 12:30:00 GMT 2025","Sun Sep 21 12:30:02 GMT 2025","1565","","","","RepositoriesTests.RepositoriesTests.CompetitionRepositoryUnitTests","RepositoriesTests.RepositoriesTests.CompetitionRepositoryUnitTests.GetCompetition_Success","RepositoriesTests.RepositoriesTests.CompetitionRepositoryUnitTests.GetCompetition_Success",""
"passed","Sun Sep 21 12:30:18 GMT 2025","Sun Sep 21 12:30:19 GMT 2025","1465","","","","RepositoriesTests.RepositoriesTests.CompetitionRepositoryUnitTests","RepositoriesTests.RepositoriesTests.CompetitionRepositoryUnitTests.GetCompetition_Failure","RepositoriesTests.RepositoriesTests.CompetitionRepositoryUnitTests.GetCompetition_Failure",""
"passed","Sun Sep 21 12:27:23 GMT 2025","Sun Sep 21 12:27:23 GMT 2025","3","","","","ServicesUnitTests.ValidatorTests.PasswordConstraintTests","ServicesUnitTests.ValidatorTests.PasswordConstraintTests.LettersPasswordTest(password: ""______"", isValid: False)","ServicesUnitTests.ValidatorTests.PasswordConstraintTests.LettersPasswordTest(String password, Boolean isValid)",""
"passed","Sun Sep 21 12:27:23 GMT 2025","Sun Sep 21 12:27:23 GMT 2025","4","","","","ServicesUnitTests.ServiceTests.RewardDescriptionServiceTests","ServicesUnitTests.ServiceTests.RewardDescriptionServiceTests.RewardDescriptionServiceTests_CreateRewardDescription","ServicesUnitTests.ServiceTests.RewardDescriptionServiceTests.RewardDescriptionServiceTests_CreateRewardDescription",""
"passed","Sun Sep 21 12:28:54 GMT 2025","Sun Sep 21 12:28:57 GMT 2025","3080","","","","RepositoriesTests.RepositoriesTests.CompetitionLevelRepositoryTests","RepositoriesTests.RepositoriesTests.CompetitionLevelRepositoryTests.GetLevelDataTests(platform: null, maxVersion: null, data: [4, 5, 6])","RepositoriesTests.RepositoriesTests.CompetitionLevelRepositoryTests.GetLevelDataTests(String platform, Nullable<Int32> maxVersion, Byte[] data)",""
"passed","Sun Sep 21 12:28:37 GMT 2025","Sun Sep 21 12:28:41 GMT 2025","3995","","","","RepositoriesTests.RepositoriesTests.CompetitionRewardRepositoryTests","RepositoriesTests.RepositoriesTests.CompetitionRewardRepositoryTests.UpdateCompetitionReward(cond: PlaceGrantCondition { maxPlace = 2, minPlace = 2, Type = ""place"" }, idx: 4)","RepositoriesTests.RepositoriesTests.CompetitionRewardRepositoryTests.UpdateCompetitionReward(GrantCondition cond, Int32 idx)",""
"passed","Sun Sep 21 12:29:00 GMT 2025","Sun Sep 21 12:29:03 GMT 2025","3145","","","","RepositoriesTests.RepositoriesTests.GranterTests.BasicRewardGranterTests","RepositoriesTests.RepositoriesTests.GranterTests.BasicRewardGranterTests.CannotGrantTwice","RepositoriesTests.RepositoriesTests.GranterTests.BasicRewardGranterTests.CannotGrantTwice",""
"passed","Sun Sep 21 12:29:03 GMT 2025","Sun Sep 21 12:29:06 GMT 2025","3343","","","","RepositoriesTests.RepositoriesTests.CompetitionRewardRepositoryTests","RepositoriesTests.RepositoriesTests.CompetitionRewardRepositoryTests.AddCompetitionReward_DifferentRanks(cond: PlaceGrantCondition { maxPlace = 50, minPlace = 4, Type = ""place"" }, idx: 5)","RepositoriesTests.RepositoriesTests.CompetitionRewardRepositoryTests.AddCompetitionReward_DifferentRanks(GrantCondition cond, Int32 idx)",""
"passed","Sun Sep 21 12:29:15 GMT 2025","Sun Sep 21 12:29:18 GMT 2025","2974","","","","RepositoriesTests.RepositoriesTests.GranterTests.BasicRewardGranterTests","RepositoriesTests.RepositoriesTests.GranterTests.BasicRewardGranterTests.GetMultipleRewardData(conditions: [RankGrantCondition { maxRank = 0, minRank = 0, Type = ""rank"" }, PlaceGrantCondition { maxPlace = 1, minPlace = 1, Type = ""place"" }])","RepositoriesTests.RepositoriesTests.GranterTests.BasicRewardGranterTests.GetMultipleRewardData(GrantCondition[] conditions)",""
"passed","Sun Sep 21 12:27:23 GMT 2025","Sun Sep 21 12:27:23 GMT 2025","1","","","","ServicesUnitTests.ValidatorTests.PlayerProfileValidatorTests","ServicesUnitTests.ValidatorTests.PlayerProfileValidatorTests.CheckAccountCreation(comp: AccountCreationData { Account = CompetitiveBackend.Core.Objects.Account, Password = 12345678 }, expected: False)","ServicesUnitTests.ValidatorTests.PlayerProfileValidatorTests.CheckAccountCreation(AccountCreationData comp, Boolean expected)",""
"passed","Sun Sep 21 12:28:27 GMT 2025","Sun Sep 21 12:28:31 GMT 2025","4094","","","","RepositoriesTests.RepositoriesTests.RewardDescriptionRepositoryTests","RepositoriesTests.RepositoriesTests.RewardDescriptionRepositoryTests.GetRewardIcon_Success","RepositoriesTests.RepositoriesTests.RewardDescriptionRepositoryTests.GetRewardIcon_Success",""
"passed","Sun Sep 21 12:27:23 GMT 2025","Sun Sep 21 12:27:23 GMT 2025","3","","","","ServicesUnitTests.ServiceTests.PlayerParticipationServiceTests","ServicesUnitTests.ServiceTests.PlayerParticipationServiceTests.PlayerParticipationServiceTests_SubmitParticipation_TOO_LATE","ServicesUnitTests.ServiceTests.PlayerParticipationServiceTests.PlayerParticipationServiceTests_SubmitParticipation_TOO_LATE",""
"passed","Sun Sep 21 12:29:47 GMT 2025","Sun Sep 21 12:29:48 GMT 2025","1537","","","","RepositoriesTests.RepositoriesTests.CompetitionLevelRepositoryTests","RepositoriesTests.RepositoriesTests.CompetitionLevelRepositoryTests.GetAllLevelData_Empty","RepositoriesTests.RepositoriesTests.CompetitionLevelRepositoryTests.GetAllLevelData_Empty",""
"passed","Sun Sep 21 12:29:37 GMT 2025","Sun Sep 21 12:29:40 GMT 2025","2812","","","","RepositoriesTests.RepositoriesTests.PlayerParticipationRepositoryTests","RepositoriesTests.RepositoriesTests.PlayerParticipationRepositoryTests.DeleteParticipation","RepositoriesTests.RepositoriesTests.PlayerParticipationRepositoryTests.DeleteParticipation",""
"passed","Sun Sep 21 12:30:16 GMT 2025","Sun Sep 21 12:30:18 GMT 2025","1430","","","","RepositoriesTests.RepositoriesTests.CompetitionRepositoryUnitTests","RepositoriesTests.RepositoriesTests.CompetitionRepositoryUnitTests.GetActualCompetitions_Basic","RepositoriesTests.RepositoriesTests.CompetitionRepositoryUnitTests.GetActualCompetitions_Basic",""
"passed","Sun Sep 21 12:27:23 GMT 2025","Sun Sep 21 12:27:23 GMT 2025","2","","","","ServicesUnitTests.ValidatorTests.PlayerProfileValidatorTests","ServicesUnitTests.ValidatorTests.PlayerProfileValidatorTests.CheckAccountCreation(comp: AccountCreationData { Account = CompetitiveBackend.Core.Objects.Account, Password = 12345678 }, expected: False)","ServicesUnitTests.ValidatorTests.PlayerProfileValidatorTests.CheckAccountCreation(AccountCreationData comp, Boolean expected)",""
"passed","Sun Sep 21 12:29:03 GMT 2025","Sun Sep 21 12:29:06 GMT 2025","3064","","","","RepositoriesTests.RepositoriesTests.GranterTests.BasicRewardGranterTests","RepositoriesTests.RepositoriesTests.GranterTests.BasicRewardGranterTests.GrantRewardsWithoutParticipants","RepositoriesTests.RepositoriesTests.GranterTests.BasicRewardGranterTests.GrantRewardsWithoutParticipants",""
"passed","Sun Sep 21 12:27:23 GMT 2025","Sun Sep 21 12:27:23 GMT 2025","7","","","","ServicesUnitTests.ServiceTests.CompetitionRewardServiceTests","ServicesUnitTests.ServiceTests.CompetitionRewardServiceTests.CompetitionRewardServiceTests_GetCompetitionRewards(etalon: 5)","ServicesUnitTests.ServiceTests.CompetitionRewardServiceTests.CompetitionRewardServiceTests_GetCompetitionRewards(Int32 etalon)",""
"passed","Sun Sep 21 12:27:23 GMT 2025","Sun Sep 21 12:27:23 GMT 2025","4","","","","ServicesUnitTests.ServiceTests.CompetitionRewardServiceTests","ServicesUnitTests.ServiceTests.CompetitionRewardServiceTests.CompetitionRewardServiceTests_GetCompetitionRewards(etalon: 2)","ServicesUnitTests.ServiceTests.CompetitionRewardServiceTests.CompetitionRewardServiceTests_GetCompetitionRewards(Int32 etalon)",""
"passed","Sun Sep 21 12:29:58 GMT 2025","Sun Sep 21 12:30:00 GMT 2025","1539","","","","RepositoriesTests.RepositoriesTests.PlayerRewardRepositoryBasicTests","RepositoriesTests.RepositoriesTests.PlayerRewardRepositoryBasicTests.GetPlayerRewards_Success(dt: DataLimiter { PartitionIndex = 0, Partition = 2, HasNoLimit = False, FirstIndex = 0, LastIndex = 2 })","RepositoriesTests.RepositoriesTests.PlayerRewardRepositoryBasicTests.GetPlayerRewards_Success(DataLimiter dt)",""
"passed","Sun Sep 21 12:29:00 GMT 2025","Sun Sep 21 12:29:03 GMT 2025","3142","","","","RepositoriesTests.RepositoriesTests.CompetitionLevelRepositoryTests","RepositoriesTests.RepositoriesTests.CompetitionLevelRepositoryTests.GetLevelDataTests(platform: ""Missigno"", maxVersion: 10, data: null)","RepositoriesTests.RepositoriesTests.CompetitionLevelRepositoryTests.GetLevelDataTests(String platform, Nullable<Int32> maxVersion, Byte[] data)",""
"passed","Sun Sep 21 12:27:23 GMT 2025","Sun Sep 21 12:27:23 GMT 2025","6","","","","ServicesUnitTests.ServiceTests.PlayerParticipationServiceTests","ServicesUnitTests.ServiceTests.PlayerParticipationServiceTests.PlayerParticipationServiceTests_SubmitParticipation_DISCARD","ServicesUnitTests.ServiceTests.PlayerParticipationServiceTests.PlayerParticipationServiceTests_SubmitParticipation_DISCARD",""
"passed","Sun Sep 21 12:27:23 GMT 2025","Sun Sep 21 12:27:23 GMT 2025","4","","","","ServicesUnitTests.ServiceTests.PlayerRewardServiceTests","ServicesUnitTests.ServiceTests.PlayerRewardServiceTests.PlayerRewardServiceTest_DeleteReward","ServicesUnitTests.ServiceTests.PlayerRewardServiceTests.PlayerRewardServiceTest_DeleteReward",""
"passed","Sun Sep 21 12:29:19 GMT 2025","Sun Sep 21 12:29:21 GMT 2025","2790","","","","RepositoriesTests.RepositoriesTests.CompetitionLevelRepositoryTests","RepositoriesTests.RepositoriesTests.CompetitionLevelRepositoryTests.UpdateCompetitionLevelInfo(idx: 3)","RepositoriesTests.RepositoriesTests.CompetitionLevelRepositoryTests.UpdateCompetitionLevelInfo(Int32 idx)",""
"passed","Sun Sep 21 12:28:39 GMT 2025","Sun Sep 21 12:28:42 GMT 2025","3803","","","","RepositoriesTests.RepositoriesTests.RewardDescriptionRepositoryTests","RepositoriesTests.RepositoriesTests.RewardDescriptionRepositoryTests.CreateRewardDescription_Success","RepositoriesTests.RepositoriesTests.RewardDescriptionRepositoryTests.CreateRewardDescription_Success",""
"passed","Sun Sep 21 12:27:23 GMT 2025","Sun Sep 21 12:27:23 GMT 2025","0","","","","ServicesUnitTests.ValidatorTests.PlayerProfileValidatorTests","ServicesUnitTests.ValidatorTests.PlayerProfileValidatorTests.CheckPlayerProfile(comp: PlayerProfile { Description = ""****************"", Id = 0, Name = ""****"" }, expected: True)","ServicesUnitTests.ValidatorTests.PlayerProfileValidatorTests.CheckPlayerProfile(PlayerProfile comp, Boolean expected)",""
"passed","Sun Sep 21 12:28:25 GMT 2025","Sun Sep 21 12:28:29 GMT 2025","3766","","","","RepositoriesTests.RepositoriesTests.SessionRepositoryUnitTests","RepositoriesTests.RepositoriesTests.SessionRepositoryUnitTests.CreateSessionTokenFor_PlayerSuccess","RepositoriesTests.RepositoriesTests.SessionRepositoryUnitTests.CreateSessionTokenFor_PlayerSuccess",""
"passed","Sun Sep 21 12:29:52 GMT 2025","Sun Sep 21 12:29:54 GMT 2025","1550","","","","RepositoriesTests.RepositoriesTests.PlayerRewardRepositoryBasicTests","RepositoriesTests.RepositoriesTests.PlayerRewardRepositoryBasicTests.DeleteReward_Failure","RepositoriesTests.RepositoriesTests.PlayerRewardRepositoryBasicTests.DeleteReward_Failure",""
"passed","Sun Sep 21 12:28:52 GMT 2025","Sun Sep 21 12:28:55 GMT 2025","3119","","","","RepositoriesTests.RepositoriesTests.PlayerParticipationRepositoryTests","RepositoriesTests.RepositoriesTests.PlayerParticipationRepositoryTests.GetLeaderboard(dt: DataLimiter { PartitionIndex = 0, Partition = 0, HasNoLimit = True, FirstIndex = 0, LastIndex = 0 }, bindPlayer: False, bindCompetition: False)","RepositoriesTests.RepositoriesTests.PlayerParticipationRepositoryTests.GetLeaderboard(DataLimiter dt, Boolean bindPlayer, Boolean bindCompetition)",""
"passed","Sun Sep 21 12:27:23 GMT 2025","Sun Sep 21 12:27:23 GMT 2025","0","","","","ServicesUnitTests.ValidatorTests.CompetitionValidatorTests","ServicesUnitTests.ValidatorTests.CompetitionValidatorTests.CheckOK(comp: Competition { Description = ""***********"", EndDate = 2025-01-01T01:10:01.0000000, Id = null, Name = ""Colon"", StartDate = 2025-01-01T01:01:01.0000000 }, expected: True)","ServicesUnitTests.ValidatorTests.CompetitionValidatorTests.CheckOK(Competition comp, Boolean expected)",""
"passed","Sun Sep 21 12:27:23 GMT 2025","Sun Sep 21 12:27:23 GMT 2025","1","","","","ServicesUnitTests.ValidatorTests.PlayerProfileValidatorTests","ServicesUnitTests.ValidatorTests.PlayerProfileValidatorTests.CheckAccountCreation(comp: AccountCreationData { Account = CompetitiveBackend.Core.Objects.Account, Password = 12345678 }, expected: False)","ServicesUnitTests.ValidatorTests.PlayerProfileValidatorTests.CheckAccountCreation(AccountCreationData comp, Boolean expected)",""
"passed","Sun Sep 21 12:27:23 GMT 2025","Sun Sep 21 12:27:23 GMT 2025","44","","","","ServicesUnitTests.ServiceTests.AuthServiceTests","ServicesUnitTests.ServiceTests.AuthServiceTests.AuthService_CreateAccount_Failure","ServicesUnitTests.ServiceTests.AuthServiceTests.AuthService_CreateAccount_Failure",""
"passed","Sun Sep 21 12:27:23 GMT 2025","Sun Sep 21 12:27:23 GMT 2025","6","","","","ServicesUnitTests.ServiceTests.AuthServiceTests","ServicesUnitTests.ServiceTests.AuthServiceTests.AuthService_LogIn_RepositoryException","ServicesUnitTests.ServiceTests.AuthServiceTests.AuthService_LogIn_RepositoryException",""
"passed","Sun Sep 21 12:29:27 GMT 2025","Sun Sep 21 12:29:30 GMT 2025","2865","","","","RepositoriesTests.RepositoriesTests.CompetitionRewardRepositoryTests","RepositoriesTests.RepositoriesTests.CompetitionRewardRepositoryTests.DeleteCompetitionReward_Failure","RepositoriesTests.RepositoriesTests.CompetitionRewardRepositoryTests.DeleteCompetitionReward_Failure",""
"passed","Sun Sep 21 12:27:23 GMT 2025","Sun Sep 21 12:27:23 GMT 2025","5","","","","ServicesUnitTests.ServiceTests.CompetitionServiceTests","ServicesUnitTests.ServiceTests.CompetitionServiceTests.CompetitionServiceTest_UpdateCompetition_OK2","ServicesUnitTests.ServiceTests.CompetitionServiceTests.CompetitionServiceTest_UpdateCompetition_OK2",""
"passed","Sun Sep 21 12:27:23 GMT 2025","Sun Sep 21 12:27:23 GMT 2025","0","","","","ServicesUnitTests.ValidatorTests.PasswordConstraintTests","ServicesUnitTests.ValidatorTests.PasswordConstraintTests.LettersPasswordTest(password: ""1234__"", isValid: False)","ServicesUnitTests.ValidatorTests.PasswordConstraintTests.LettersPasswordTest(String password, Boolean isValid)",""
"passed","Sun Sep 21 12:28:02 GMT 2025","Sun Sep 21 12:28:21 GMT 2025","18918","","","","RepositoriesTests.RepositoriesTests.PlayerParticipationRepositoryTests","RepositoriesTests.RepositoriesTests.PlayerParticipationRepositoryTests.UpdateParticipationTest","RepositoriesTests.RepositoriesTests.PlayerParticipationRepositoryTests.UpdateParticipationTest",""
"passed","Sun Sep 21 12:29:13 GMT 2025","Sun Sep 21 12:29:16 GMT 2025","3190","","","","RepositoriesTests.RepositoriesTests.PlayerParticipationRepositoryTests","RepositoriesTests.RepositoriesTests.PlayerParticipationRepositoryTests.GetLeaderboard(dt: DataLimiter { PartitionIndex = 1, Partition = 2, HasNoLimit = False, FirstIndex = 2, LastIndex = 4 }, bindPlayer: True, bindCompetition: True)","RepositoriesTests.RepositoriesTests.PlayerParticipationRepositoryTests.GetLeaderboard(DataLimiter dt, Boolean bindPlayer, Boolean bindCompetition)",""
"passed","Sun Sep 21 12:29:19 GMT 2025","Sun Sep 21 12:29:21 GMT 2025","2743","","","","RepositoriesTests.RepositoriesTests.CompetitionRewardRepositoryTests","RepositoriesTests.RepositoriesTests.CompetitionRewardRepositoryTests.DeleteCompetitionReward_Success(idx: 1)","RepositoriesTests.RepositoriesTests.CompetitionRewardRepositoryTests.DeleteCompetitionReward_Success(Int32 idx)",""
"passed","Sun Sep 21 12:27:23 GMT 2025","Sun Sep 21 12:27:23 GMT 2025","0","","","","ServicesUnitTests.ValidatorTests.PlayerProfileValidatorTests","ServicesUnitTests.ValidatorTests.PlayerProfileValidatorTests.CheckPlayerProfile(comp: PlayerProfile { Description = ""****************"", Id = 0, Name = ""***"" }, expected: False)","ServicesUnitTests.ValidatorTests.PlayerProfileValidatorTests.CheckPlayerProfile(PlayerProfile comp, Boolean expected)",""
"passed","Sun Sep 21 12:28:49 GMT 2025","Sun Sep 21 12:28:53 GMT 2025","3479","","","","RepositoriesTests.RepositoriesTests.CompetitionRewardRepositoryTests","RepositoriesTests.RepositoriesTests.CompetitionRewardRepositoryTests.AddCompetitionReward_DifferentRanks(cond: RankGrantCondition { maxRank = 1, minRank = 0.5, Type = ""rank"" }, idx: 1)","RepositoriesTests.RepositoriesTests.CompetitionRewardRepositoryTests.AddCompetitionReward_DifferentRanks(GrantCondition cond, Int32 idx)",""
"passed","Sun Sep 21 12:27:23 GMT 2025","Sun Sep 21 12:27:23 GMT 2025","0","","","","ServicesUnitTests.ValidatorTests.PlayerProfileValidatorTests","ServicesUnitTests.ValidatorTests.PlayerProfileValidatorTests.CheckAccountCreation(comp: AccountCreationData { Account = CompetitiveBackend.Core.Objects.Account, Password = 1234 }, expected: False)","ServicesUnitTests.ValidatorTests.PlayerProfileValidatorTests.CheckAccountCreation(AccountCreationData comp, Boolean expected)",""
"passed","Sun Sep 21 12:28:46 GMT 2025","Sun Sep 21 12:28:50 GMT 2025","3649","","","","RepositoriesTests.RepositoriesTests.RewardDescriptionRepositoryTests","RepositoriesTests.RepositoriesTests.RewardDescriptionRepositoryTests.UpdateRewardDescription_Success","RepositoriesTests.RepositoriesTests.RewardDescriptionRepositoryTests.UpdateRewardDescription_Success",""
"passed","Sun Sep 21 12:27:23 GMT 2025","Sun Sep 21 12:27:23 GMT 2025","5","","","","ServicesUnitTests.ServiceTests.CompetitionRewardSchedulerTests","ServicesUnitTests.ServiceTests.CompetitionRewardSchedulerTests.CompetitionRewardSchedulerTests_OnRecievedMessage_Skip","ServicesUnitTests.ServiceTests.CompetitionRewardSchedulerTests.CompetitionRewardSchedulerTests_OnRecievedMessage_Skip",""
"passed","Sun Sep 21 12:29:06 GMT 2025","Sun Sep 21 12:29:09 GMT 2025","3185","","","","RepositoriesTests.RepositoriesTests.CompetitionLevelRepositoryTests","RepositoriesTests.RepositoriesTests.CompetitionLevelRepositoryTests.GetLevelDataTests(platform: ""Android"", maxVersion: null, data: [4, 5, 6])","RepositoriesTests.RepositoriesTests.CompetitionLevelRepositoryTests.GetLevelDataTests(String platform, Nullable<Int32> maxVersion, Byte[] data)",""
"passed","Sun Sep 21 12:29:51 GMT 2025","Sun Sep 21 12:29:53 GMT 2025","1584","","","","RepositoriesTests.RepositoriesTests.CompetitionLevelRepositoryTests","RepositoriesTests.RepositoriesTests.CompetitionLevelRepositoryTests.DeleteCompetitionLevelData_Failure","RepositoriesTests.RepositoriesTests.CompetitionLevelRepositoryTests.DeleteCompetitionLevelData_Failure",""
"passed","Sun Sep 21 12:28:56 GMT 2025","Sun Sep 21 12:28:59 GMT 2025","3180","","","","RepositoriesTests.RepositoriesTests.CompetitionRewardRepositoryTests","RepositoriesTests.RepositoriesTests.CompetitionRewardRepositoryTests.AddCompetitionReward_DifferentRanks(cond: PlaceGrantCondition { maxPlace = 2, minPlace = 1, Type = ""place"" }, idx: 3)","RepositoriesTests.RepositoriesTests.CompetitionRewardRepositoryTests.AddCompetitionReward_DifferentRanks(GrantCondition cond, Int32 idx)",""
"passed","Sun Sep 21 12:28:43 GMT 2025","Sun Sep 21 12:28:47 GMT 2025","3691","","","","RepositoriesTests.RepositoriesTests.CompetitionLevelRepositoryTests","RepositoriesTests.RepositoriesTests.CompetitionLevelRepositoryTests.GetSpecificLevelDataInfo(idx: 2)","RepositoriesTests.RepositoriesTests.CompetitionLevelRepositoryTests.GetSpecificLevelDataInfo(Int32 idx)",""
"passed","Sun Sep 21 12:27:23 GMT 2025","Sun Sep 21 12:27:23 GMT 2025","10","","","","ServicesUnitTests.ServiceTests.RewardDescriptionServiceTests","ServicesUnitTests.ServiceTests.RewardDescriptionServiceTests.RewardDescriptionServiceTests_UpdateRewardDescription_Ok2","ServicesUnitTests.ServiceTests.RewardDescriptionServiceTests.RewardDescriptionServiceTests_UpdateRewardDescription_Ok2",""
"passed","Sun Sep 21 12:27:23 GMT 2025","Sun Sep 21 12:27:23 GMT 2025","0","","","","ServicesUnitTests.ValidatorTests.PlayerProfileValidatorTests","ServicesUnitTests.ValidatorTests.PlayerProfileValidatorTests.CheckAccountCreation(comp: AccountCreationData { Account = CompetitiveBackend.Core.Objects.Account, Password = 12345678a }, expected: False)","ServicesUnitTests.ValidatorTests.PlayerProfileValidatorTests.CheckAccountCreation(AccountCreationData comp, Boolean expected)",""
"passed","Sun Sep 21 12:27:23 GMT 2025","Sun Sep 21 12:27:23 GMT 2025","0","","","","ServicesUnitTests.ValidatorTests.PasswordConstraintTests","ServicesUnitTests.ValidatorTests.PasswordConstraintTests.LengthPasswordTest(password: ""12345"", isValid: True)","ServicesUnitTests.ValidatorTests.PasswordConstraintTests.LengthPasswordTest(String password, Boolean isValid)",""
"passed","Sun Sep 21 12:29:48 GMT 2025","Sun Sep 21 12:29:49 GMT 2025","1688","","","","RepositoriesTests.RepositoriesTests.PlayerProfileRepositoryUnitTests","RepositoriesTests.RepositoriesTests.PlayerProfileRepositoryUnitTests.UpdatePlayerProfile_Success","RepositoriesTests.RepositoriesTests.PlayerProfileRepositoryUnitTests.UpdatePlayerProfile_Success",""
"passed","Sun Sep 21 12:27:23 GMT 2025","Sun Sep 21 12:27:23 GMT 2025","0","","","","ServicesUnitTests.ValidatorTests.PlayerProfileValidatorTests","ServicesUnitTests.ValidatorTests.PlayerProfileValidatorTests.CheckAccountCreation(comp: AccountCreationData { Account = CompetitiveBackend.Core.Objects.Account, Password = 1234 }, expected: False)","ServicesUnitTests.ValidatorTests.PlayerProfileValidatorTests.CheckAccountCreation(AccountCreationData comp, Boolean expected)",""
"passed","Sun Sep 21 12:32:48 GMT 2025","Sun Sep 21 12:32:48 GMT 2025","70","","","","IntegrationalTests.CompetitionIntegrationTests","IntegrationalTests.CompetitionIntegrationTests.CompetitionFetchAll","IntegrationalTests.CompetitionIntegrationTests.CompetitionFetchAll",""
"passed","Sun Sep 21 12:30:22 GMT 2025","Sun Sep 21 12:30:24 GMT 2025","1480","","","","RepositoriesTests.RepositoriesTests.CompetitionRepositoryUnitTests","RepositoriesTests.RepositoriesTests.CompetitionRepositoryUnitTests.GetAllCompetitions_Basic(dt: DataLimiter { PartitionIndex = 0, Partition = 1, HasNoLimit = False, FirstIndex = 0, LastIndex = 1 })","RepositoriesTests.RepositoriesTests.CompetitionRepositoryUnitTests.GetAllCompetitions_Basic(DataLimiter dt)",""
"passed","Sun Sep 21 12:28:40 GMT 2025","Sun Sep 21 12:28:44 GMT 2025","4028","","","","RepositoriesTests.RepositoriesTests.GranterTests.StoredProcedureGranterTests","RepositoriesTests.RepositoriesTests.GranterTests.StoredProcedureGranterTests.GrantRewardsByPlace(minPlace: 1, maxPlace: 5)","RepositoriesTests.RepositoriesTests.GranterTests.StoredProcedureGranterTests.GrantRewardsByPlace(Int32 minPlace, Int32 maxPlace)",""
"passed","Sun Sep 21 12:27:23 GMT 2025","Sun Sep 21 12:27:23 GMT 2025","0","","","","ServicesUnitTests.ValidatorTests.PasswordConstraintTests","ServicesUnitTests.ValidatorTests.PasswordConstraintTests.LettersPasswordTest(password: ""12344919293921391293"", isValid: False)","ServicesUnitTests.ValidatorTests.PasswordConstraintTests.LettersPasswordTest(String password, Boolean isValid)",""
"passed","Sun Sep 21 12:28:42 GMT 2025","Sun Sep 21 12:28:46 GMT 2025","4001","","","","RepositoriesTests.RepositoriesTests.GranterTests.BasicRewardGranterTests","RepositoriesTests.RepositoriesTests.GranterTests.BasicRewardGranterTests.GrantRewardsByRank(minRank: 1, maxRank: 1)","RepositoriesTests.RepositoriesTests.GranterTests.BasicRewardGranterTests.GrantRewardsByRank(Single minRank, Single maxRank)",""
"passed","Sun Sep 21 12:29:59 GMT 2025","Sun Sep 21 12:30:00 GMT 2025","1622","","","","RepositoriesTests.RepositoriesTests.CompetitionRepositoryUnitTests","RepositoriesTests.RepositoriesTests.CompetitionRepositoryUnitTests.CreateCompetition_UtcSuccess","RepositoriesTests.RepositoriesTests.CompetitionRepositoryUnitTests.CreateCompetition_UtcSuccess",""
"passed","Sun Sep 21 12:27:23 GMT 2025","Sun Sep 21 12:27:23 GMT 2025","0","","","","ServicesUnitTests.ValidatorTests.PlayerProfileValidatorTests","ServicesUnitTests.ValidatorTests.PlayerProfileValidatorTests.CheckAccountCreation(comp: AccountCreationData { Account = CompetitiveBackend.Core.Objects.Account, Password = 1234 }, expected: False)","ServicesUnitTests.ValidatorTests.PlayerProfileValidatorTests.CheckAccountCreation(AccountCreationData comp, Boolean expected)",""
"passed","Sun Sep 21 12:27:23 GMT 2025","Sun Sep 21 12:27:23 GMT 2025","4","","","","ServicesUnitTests.ServiceTests.CompetitionServiceTests","ServicesUnitTests.ServiceTests.CompetitionServiceTests.CompetitionServiceTest_UpdateCompetition_Bad3","ServicesUnitTests.ServiceTests.CompetitionServiceTests.CompetitionServiceTest_UpdateCompetition_Bad3",""
"passed","Sun Sep 21 12:28:57 GMT 2025","Sun Sep 21 12:29:00 GMT 2025","3174","","","","RepositoriesTests.RepositoriesTests.CompetitionLevelRepositoryTests","RepositoriesTests.RepositoriesTests.CompetitionLevelRepositoryTests.GetLevelDataTests(platform: ""Android"", maxVersion: 0, data: null)","RepositoriesTests.RepositoriesTests.CompetitionLevelRepositoryTests.GetLevelDataTests(String platform, Nullable<Int32> maxVersion, Byte[] data)",""
"passed","Sun Sep 21 12:27:23 GMT 2025","Sun Sep 21 12:27:23 GMT 2025","2","","","","ServicesUnitTests.ServiceTests.CompetitionRewardServiceTests","ServicesUnitTests.ServiceTests.CompetitionRewardServiceTests.CompetitionRewardServiceTests_GetCompetitionRewards(etalon: 1)","ServicesUnitTests.ServiceTests.CompetitionRewardServiceTests.CompetitionRewardServiceTests_GetCompetitionRewards(Int32 etalon)",""
"passed","Sun Sep 21 12:27:23 GMT 2025","Sun Sep 21 12:27:23 GMT 2025","4","","","","ServicesUnitTests.ServiceTests.CompetitionServiceTests","ServicesUnitTests.ServiceTests.CompetitionServiceTests.CompetitionServiceTest_GetAllCompetitions","ServicesUnitTests.ServiceTests.CompetitionServiceTests.CompetitionServiceTest_GetAllCompetitions",""
"passed","Sun Sep 21 12:29:40 GMT 2025","Sun Sep 21 12:29:42 GMT 2025","2605","","","","RepositoriesTests.RepositoriesTests.CompetitionLevelRepositoryTests","RepositoriesTests.RepositoriesTests.CompetitionLevelRepositoryTests.GetSpecificLevelData(idx: 1)","RepositoriesTests.RepositoriesTests.CompetitionLevelRepositoryTests.GetSpecificLevelData(Int32 idx)",""
"passed","Sun Sep 21 12:28:37 GMT 2025","Sun Sep 21 12:28:41 GMT 2025","3777","","","","RepositoriesTests.RepositoriesTests.PlayerParticipationRepositoryTests","RepositoriesTests.RepositoriesTests.PlayerParticipationRepositoryTests.GetParticipation(bindPlayer: True, bindCompetition: True)","RepositoriesTests.RepositoriesTests.PlayerParticipationRepositoryTests.GetParticipation(Boolean bindPlayer, Boolean bindCompetition)",""
"passed","Sun Sep 21 12:28:02 GMT 2025","Sun Sep 21 12:28:22 GMT 2025","19368","","","","RepositoriesTests.RepositoriesTests.RewardDescriptionRepositoryTests","RepositoriesTests.RepositoriesTests.RewardDescriptionRepositoryTests.SetRewardIcon_Success","RepositoriesTests.RepositoriesTests.RewardDescriptionRepositoryTests.SetRewardIcon_Success",""
"passed","Sun Sep 21 12:27:23 GMT 2025","Sun Sep 21 12:27:23 GMT 2025","0","","","","ServicesUnitTests.ValidatorTests.PlayerProfileValidatorTests","ServicesUnitTests.ValidatorTests.PlayerProfileValidatorTests.CheckAccount(comp: Account { Email = """", Id = null, Login = """" }, expected: False)","ServicesUnitTests.ValidatorTests.PlayerProfileValidatorTests.CheckAccount(Account comp, Boolean expected)",""
"passed","Sun Sep 21 12:27:23 GMT 2025","Sun Sep 21 12:27:23 GMT 2025","5","","","","ServicesUnitTests.ServiceTests.CompetitionRewardServiceTests","ServicesUnitTests.ServiceTests.CompetitionRewardServiceTests.CompetitionRewardServiceTests_RemoveCompetitionReward(etalon: 2)","ServicesUnitTests.ServiceTests.CompetitionRewardServiceTests.CompetitionRewardServiceTests_RemoveCompetitionReward(Int32 etalon)",""
"passed","Sun Sep 21 12:27:23 GMT 2025","Sun Sep 21 12:27:23 GMT 2025","6","","","","ServicesUnitTests.ServiceTests.CompetitionRewardServiceTests","ServicesUnitTests.ServiceTests.CompetitionRewardServiceTests.CompetitionRewardServiceTests_UpdateCompetitionReward","ServicesUnitTests.ServiceTests.CompetitionRewardServiceTests.CompetitionRewardServiceTests_UpdateCompetitionReward",""
"passed","Sun Sep 21 12:27:23 GMT 2025","Sun Sep 21 12:27:23 GMT 2025","3","","","","ServicesUnitTests.ServiceTests.CompetitionRewardServiceTests","ServicesUnitTests.ServiceTests.CompetitionRewardServiceTests.CompetitionRewardServiceTests_CreateCompetitionReward","ServicesUnitTests.ServiceTests.CompetitionRewardServiceTests.CompetitionRewardServiceTests_CreateCompetitionReward",""
"passed","Sun Sep 21 12:27:23 GMT 2025","Sun Sep 21 12:27:23 GMT 2025","3","","","","ServicesUnitTests.ValidatorTests.PasswordConstraintTests","ServicesUnitTests.ValidatorTests.PasswordConstraintTests.LengthPasswordTest(password: ""1234"", isValid: True)","ServicesUnitTests.ValidatorTests.PasswordConstraintTests.LengthPasswordTest(String password, Boolean isValid)",""
"passed","Sun Sep 21 12:30:05 GMT 2025","Sun Sep 21 12:30:07 GMT 2025","1534","","","","RepositoriesTests.RepositoriesTests.PlayerRewardRepositoryBasicTests","RepositoriesTests.RepositoriesTests.PlayerRewardRepositoryBasicTests.GetPlayerRewards_Success(dt: DataLimiter { PartitionIndex = 0, Partition = 0, HasNoLimit = True, FirstIndex = 0, LastIndex = 0 })","RepositoriesTests.RepositoriesTests.PlayerRewardRepositoryBasicTests.GetPlayerRewards_Success(DataLimiter dt)",""
"passed","Sun Sep 21 12:27:23 GMT 2025","Sun Sep 21 12:27:23 GMT 2025","2","","","","ServicesUnitTests.ServiceTests.RewardDescriptionServiceTests","ServicesUnitTests.ServiceTests.RewardDescriptionServiceTests.RewardDescriptionServiceTests_GetRewardDescription","ServicesUnitTests.ServiceTests.RewardDescriptionServiceTests.RewardDescriptionServiceTests_GetRewardDescription",""
"passed","Sun Sep 21 12:27:23 GMT 2025","Sun Sep 21 12:27:23 GMT 2025","1","","","","ServicesUnitTests.ValidatorTests.PlayerProfileValidatorTests","ServicesUnitTests.ValidatorTests.PlayerProfileValidatorTests.CheckAccountCreation(comp: AccountCreationData { Account = CompetitiveBackend.Core.Objects.Account, Password = 123456a }, expected: False)","ServicesUnitTests.ValidatorTests.PlayerProfileValidatorTests.CheckAccountCreation(AccountCreationData comp, Boolean expected)",""
"passed","Sun Sep 21 12:28:45 GMT 2025","Sun Sep 21 12:28:48 GMT 2025","3465","","","","RepositoriesTests.RepositoriesTests.PlayerParticipationRepositoryTests","RepositoriesTests.RepositoriesTests.PlayerParticipationRepositoryTests.UpdateParticipationTest_Failure","RepositoriesTests.RepositoriesTests.PlayerParticipationRepositoryTests.UpdateParticipationTest_Failure",""
"passed","Sun Sep 21 12:27:23 GMT 2025","Sun Sep 21 12:27:23 GMT 2025","5","","","","ServicesUnitTests.ServiceTests.RewardDescriptionServiceTests","ServicesUnitTests.ServiceTests.RewardDescriptionServiceTests.RewardDescriptionServiceTests_GetRewardIcon","ServicesUnitTests.ServiceTests.RewardDescriptionServiceTests.RewardDescriptionServiceTests_GetRewardIcon",""
"passed","Sun Sep 21 12:28:48 GMT 2025","Sun Sep 21 12:28:51 GMT 2025","3649","","","","RepositoriesTests.RepositoriesTests.GranterTests.StoredProcedureGranterTests","RepositoriesTests.RepositoriesTests.GranterTests.StoredProcedureGranterTests.GrantRewardsByPlace(minPlace: 5, maxPlace: 6)","RepositoriesTests.RepositoriesTests.GranterTests.StoredProcedureGranterTests.GrantRewardsByPlace(Int32 minPlace, Int32 maxPlace)",""
"passed","Sun Sep 21 12:27:23 GMT 2025","Sun Sep 21 12:27:23 GMT 2025","0","","","","ServicesUnitTests.ValidatorTests.PlayerProfileValidatorTests","ServicesUnitTests.ValidatorTests.PlayerProfileValidatorTests.CheckAccountCreation(comp: AccountCreationData { Account = CompetitiveBackend.Core.Objects.Account, Password = 123456a }, expected: False)","ServicesUnitTests.ValidatorTests.PlayerProfileValidatorTests.CheckAccountCreation(AccountCreationData comp, Boolean expected)",""
"passed","Sun Sep 21 12:27:23 GMT 2025","Sun Sep 21 12:27:23 GMT 2025","2","","","","ServicesUnitTests.ServiceTests.AuthServiceTests","ServicesUnitTests.ServiceTests.AuthServiceTests.AuthService_GetSessionToken","ServicesUnitTests.ServiceTests.AuthServiceTests.AuthService_GetSessionToken",""
"passed","Sun Sep 21 12:27:23 GMT 2025","Sun Sep 21 12:27:23 GMT 2025","15","","","","ServicesUnitTests.ServiceTests.CompetitionServiceTests","ServicesUnitTests.ServiceTests.CompetitionServiceTests.CompetitionServiceTest_GetActiveCompetitions","ServicesUnitTests.ServiceTests.CompetitionServiceTests.CompetitionServiceTest_GetActiveCompetitions",""
"passed","Sun Sep 21 12:29:27 GMT 2025","Sun Sep 21 12:29:29 GMT 2025","2703","","","","RepositoriesTests.RepositoriesTests.PlayerParticipationRepositoryTests","RepositoriesTests.RepositoriesTests.PlayerParticipationRepositoryTests.GetPlayerParticipations(dt: DataLimiter { PartitionIndex = 1, Partition = 2, HasNoLimit = False, FirstIndex = 2, LastIndex = 4 }, bindPlayer: False, bindCompetition: False)","RepositoriesTests.RepositoriesTests.PlayerParticipationRepositoryTests.GetPlayerParticipations(DataLimiter dt, Boolean bindPlayer, Boolean bindCompetition)",""
"passed","Sun Sep 21 12:27:23 GMT 2025","Sun Sep 21 12:27:23 GMT 2025","2","","","","ServicesUnitTests.ServiceTests.CompetitionLevelServiceTests","ServicesUnitTests.ServiceTests.CompetitionLevelServiceTests.UpdateCompetitionLevelInfo_CallsRepositoryWithData","ServicesUnitTests.ServiceTests.CompetitionLevelServiceTests.UpdateCompetitionLevelInfo_CallsRepositoryWithData",""
"passed","Sun Sep 21 12:28:58 GMT 2025","Sun Sep 21 12:29:01 GMT 2025","3226","","","","RepositoriesTests.RepositoriesTests.GranterTests.StoredProcedureGranterTests","RepositoriesTests.RepositoriesTests.GranterTests.StoredProcedureGranterTests.MissingCompetition","RepositoriesTests.RepositoriesTests.GranterTests.StoredProcedureGranterTests.MissingCompetition",""
"passed","Sun Sep 21 12:29:03 GMT 2025","Sun Sep 21 12:29:07 GMT 2025","3339","","","","RepositoriesTests.RepositoriesTests.PlayerParticipationRepositoryTests","RepositoriesTests.RepositoriesTests.PlayerParticipationRepositoryTests.GetLeaderboard(dt: DataLimiter { PartitionIndex = 1, Partition = 2, HasNoLimit = False, FirstIndex = 2, LastIndex = 4 }, bindPlayer: False, bindCompetition: False)","RepositoriesTests.RepositoriesTests.PlayerParticipationRepositoryTests.GetLeaderboard(DataLimiter dt, Boolean bindPlayer, Boolean bindCompetition)",""
"passed","Sun Sep 21 12:32:46 GMT 2025","Sun Sep 21 12:32:48 GMT 2025","2337","","","","IntegrationalTests.CompetitionIntegrationTests","IntegrationalTests.CompetitionIntegrationTests.CompetitionFetchOne","IntegrationalTests.CompetitionIntegrationTests.CompetitionFetchOne",""
"passed","Sun Sep 21 12:27:23 GMT 2025","Sun Sep 21 12:27:23 GMT 2025","2","","","","ServicesUnitTests.ServiceTests.CompetitionLevelServiceTests","ServicesUnitTests.ServiceTests.CompetitionLevelServiceTests.GetAllLevelData_CallsRepositoryWithCorrectId","ServicesUnitTests.ServiceTests.CompetitionLevelServiceTests.GetAllLevelData_CallsRepositoryWithCorrectId",""
"passed","Sun Sep 21 12:28:02 GMT 2025","Sun Sep 21 12:28:22 GMT 2025","19534","","","","RepositoriesTests.RepositoriesTests.CompetitionRewardRepositoryTests","RepositoriesTests.RepositoriesTests.CompetitionRewardRepositoryTests.UpdateCompetitionReward(cond: RankGrantCondition { maxRank = 1, minRank = 0, Type = ""rank"" }, idx: 0)","RepositoriesTests.RepositoriesTests.CompetitionRewardRepositoryTests.UpdateCompetitionReward(GrantCondition cond, Int32 idx)",""
"passed","Sun Sep 21 12:29:24 GMT 2025","Sun Sep 21 12:29:27 GMT 2025","2827","","","","RepositoriesTests.RepositoriesTests.CompetitionRewardRepositoryTests","RepositoriesTests.RepositoriesTests.CompetitionRewardRepositoryTests.AddCompetitionReward_Alien","RepositoriesTests.RepositoriesTests.CompetitionRewardRepositoryTests.AddCompetitionReward_Alien",""
"passed","Sun Sep 21 12:30:15 GMT 2025","Sun Sep 21 12:30:16 GMT 2025","1420","","","","RepositoriesTests.RepositoriesTests.CompetitionRepositoryUnitTests","RepositoriesTests.RepositoriesTests.CompetitionRepositoryUnitTests.UpdateCompetition_Failure","RepositoriesTests.RepositoriesTests.CompetitionRepositoryUnitTests.UpdateCompetition_Failure",""
"passed","Sun Sep 21 12:30:27 GMT 2025","Sun Sep 21 12:30:28 GMT 2025","1468","","","","RepositoriesTests.RepositoriesTests.CompetitionRepositoryUnitTests","RepositoriesTests.RepositoriesTests.CompetitionRepositoryUnitTests.GetAllCompetitions_Basic(dt: DataLimiter { PartitionIndex = 0, Partition = 0, HasNoLimit = True, FirstIndex = 0, LastIndex = 0 })","RepositoriesTests.RepositoriesTests.CompetitionRepositoryUnitTests.GetAllCompetitions_Basic(DataLimiter dt)",""
"passed","Sun Sep 21 12:27:23 GMT 2025","Sun Sep 21 12:27:23 GMT 2025","109","","","","ServicesUnitTests.ServiceTests.CompetitionServiceTests","ServicesUnitTests.ServiceTests.CompetitionServiceTests.CompetitionServiceTests_CreateCompetition_OK","ServicesUnitTests.ServiceTests.CompetitionServiceTests.CompetitionServiceTests_CreateCompetition_OK",""
"passed","Sun Sep 21 12:29:38 GMT 2025","Sun Sep 21 12:29:40 GMT 2025","1577","","","","RepositoriesTests.RepositoriesTests.CompetitionLevelRepositoryTests","RepositoriesTests.RepositoriesTests.CompetitionLevelRepositoryTests.GetSpecificLevelData(idx: 2)","RepositoriesTests.RepositoriesTests.CompetitionLevelRepositoryTests.GetSpecificLevelData(Int32 idx)",""
"passed","Sun Sep 21 12:30:11 GMT 2025","Sun Sep 21 12:30:12 GMT 2025","1388","","","","RepositoriesTests.RepositoriesTests.CompetitionRepositoryUnitTests","RepositoriesTests.RepositoriesTests.CompetitionRepositoryUnitTests.UpdateCompetition_Failure2","RepositoriesTests.RepositoriesTests.CompetitionRepositoryUnitTests.UpdateCompetition_Failure2",""
"passed","Sun Sep 21 12:27:23 GMT 2025","Sun Sep 21 12:27:23 GMT 2025","4","","","","ServicesUnitTests.ServiceTests.PlayerProfileServiceTests","ServicesUnitTests.ServiceTests.PlayerProfileServiceTests.PlayerProfileService_UpdatePlayerProfileImage","ServicesUnitTests.ServiceTests.PlayerProfileServiceTests.PlayerProfileService_UpdatePlayerProfileImage",""
"passed","Sun Sep 21 12:27:23 GMT 2025","Sun Sep 21 12:27:23 GMT 2025","0","","","","ServicesUnitTests.ValidatorTests.CompetitionValidatorTests","ServicesUnitTests.ValidatorTests.CompetitionValidatorTests.CheckOK(comp: Competition { Description = ""*********"", EndDate = 2025-01-01T01:10:01.0000000, Id = null, Name = ""Colon"", StartDate = 2025-01-01T01:01:01.0000000 }, expected: False)","ServicesUnitTests.ValidatorTests.CompetitionValidatorTests.CheckOK(Competition comp, Boolean expected)",""
"passed","Sun Sep 21 12:27:23 GMT 2025","Sun Sep 21 12:27:23 GMT 2025","3","","","","ServicesUnitTests.ValidatorTests.PasswordConstraintTests","ServicesUnitTests.ValidatorTests.PasswordConstraintTests.LengthPasswordTest(password: """", isValid: False)","ServicesUnitTests.ValidatorTests.PasswordConstraintTests.LengthPasswordTest(String password, Boolean isValid)",""
"passed","Sun Sep 21 12:29:03 GMT 2025","Sun Sep 21 12:29:06 GMT 2025","3127","","","","RepositoriesTests.RepositoriesTests.CompetitionLevelRepositoryTests","RepositoriesTests.RepositoriesTests.CompetitionLevelRepositoryTests.GetLevelDataTests(platform: ""Windows"", maxVersion: null, data: [7, 8, 9])","RepositoriesTests.RepositoriesTests.CompetitionLevelRepositoryTests.GetLevelDataTests(String platform, Nullable<Int32> maxVersion, Byte[] data)",""
"passed","Sun Sep 21 12:29:12 GMT 2025","Sun Sep 21 12:29:15 GMT 2025","3066","","","","RepositoriesTests.RepositoriesTests.CompetitionRewardRepositoryTests","RepositoriesTests.RepositoriesTests.CompetitionRewardRepositoryTests.GetCompetitionRewards_Success(idx: 2)","RepositoriesTests.RepositoriesTests.CompetitionRewardRepositoryTests.GetCompetitionRewards_Success(Int32 idx)",""
"passed","Sun Sep 21 12:29:09 GMT 2025","Sun Sep 21 12:29:12 GMT 2025","3198","","","","RepositoriesTests.RepositoriesTests.CompetitionRewardRepositoryTests","RepositoriesTests.RepositoriesTests.CompetitionRewardRepositoryTests.GetCompetitionRewards_Success(idx: 1)","RepositoriesTests.RepositoriesTests.CompetitionRewardRepositoryTests.GetCompetitionRewards_Success(Int32 idx)",""
"passed","Sun Sep 21 12:28:28 GMT 2025","Sun Sep 21 12:28:32 GMT 2025","4617","","","","RepositoriesTests.RepositoriesTests.AccountRepositoryUnitTests","RepositoriesTests.RepositoriesTests.AccountRepositoryUnitTests.GetAccount_Erroneous_Login","RepositoriesTests.RepositoriesTests.AccountRepositoryUnitTests.GetAccount_Erroneous_Login",""
"passed","Sun Sep 21 12:28:26 GMT 2025","Sun Sep 21 12:28:30 GMT 2025","3993","","","","RepositoriesTests.RepositoriesTests.PlayerParticipationRepositoryTests","RepositoriesTests.RepositoriesTests.PlayerParticipationRepositoryTests.GetParticipation(bindPlayer: True, bindCompetition: False)","RepositoriesTests.RepositoriesTests.PlayerParticipationRepositoryTests.GetParticipation(Boolean bindPlayer, Boolean bindCompetition)",""
"passed","Sun Sep 21 12:28:44 GMT 2025","Sun Sep 21 12:28:48 GMT 2025","3832","","","","RepositoriesTests.RepositoriesTests.GranterTests.StoredProcedureGranterTests","RepositoriesTests.RepositoriesTests.GranterTests.StoredProcedureGranterTests.GrantRewardsByPlace(minPlace: 1, maxPlace: 1)","RepositoriesTests.RepositoriesTests.GranterTests.StoredProcedureGranterTests.GrantRewardsByPlace(Int32 minPlace, Int32 maxPlace)",""
"passed","Sun Sep 21 12:27:23 GMT 2025","Sun Sep 21 12:27:23 GMT 2025","0","","","","ServicesUnitTests.ValidatorTests.PlayerProfileValidatorTests","ServicesUnitTests.ValidatorTests.PlayerProfileValidatorTests.CheckPlayerProfile(comp: PlayerProfile { Description = ""****************"", Id = 0, Name = ""****************"" }, expected: True)","ServicesUnitTests.ValidatorTests.PlayerProfileValidatorTests.CheckPlayerProfile(PlayerProfile comp, Boolean expected)",""
"passed","Sun Sep 21 12:29:09 GMT 2025","Sun Sep 21 12:29:12 GMT 2025","2948","","","","RepositoriesTests.RepositoriesTests.GranterTests.BasicRewardGranterTests","RepositoriesTests.RepositoriesTests.GranterTests.BasicRewardGranterTests.GetMultipleRewardData(conditions: [PlaceGrantCondition { maxPlace = 1, minPlace = 1, Type = ""place"" }, RankGrantCondition { maxRank = 1, minRank = 0.5, Type = ""rank"" }])","RepositoriesTests.RepositoriesTests.GranterTests.BasicRewardGranterTests.GetMultipleRewardData(GrantCondition[] conditions)",""
"passed","Sun Sep 21 12:30:09 GMT 2025","Sun Sep 21 12:30:11 GMT 2025","1426","","","","RepositoriesTests.RepositoriesTests.CompetitionRepositoryUnitTests","RepositoriesTests.RepositoriesTests.CompetitionRepositoryUnitTests.GetAllCompetitions_Empty(dt: DataLimiter { PartitionIndex = 0, Partition = 0, HasNoLimit = True, FirstIndex = 0, LastIndex = 0 })","RepositoriesTests.RepositoriesTests.CompetitionRepositoryUnitTests.GetAllCompetitions_Empty(DataLimiter dt)",""
"passed","Sun Sep 21 12:27:23 GMT 2025","Sun Sep 21 12:27:23 GMT 2025","0","","","","ServicesUnitTests.ValidatorTests.PlayerProfileValidatorTests","ServicesUnitTests.ValidatorTests.PlayerProfileValidatorTests.CheckAccountCreation(comp: AccountCreationData { Account = CompetitiveBackend.Core.Objects.Account, Password = 123a5678 }, expected: False)","ServicesUnitTests.ValidatorTests.PlayerProfileValidatorTests.CheckAccountCreation(AccountCreationData comp, Boolean expected)",""
"passed","Sun Sep 21 12:27:23 GMT 2025","Sun Sep 21 12:27:23 GMT 2025","1","","","","ServicesUnitTests.ValidatorTests.PlayerProfileValidatorTests","ServicesUnitTests.ValidatorTests.PlayerProfileValidatorTests.CheckAccountCreation(comp: AccountCreationData { Account = CompetitiveBackend.Core.Objects.Account, Password = 123456a }, expected: False)","ServicesUnitTests.ValidatorTests.PlayerProfileValidatorTests.CheckAccountCreation(AccountCreationData comp, Boolean expected)",""
"passed","Sun Sep 21 12:30:06 GMT 2025","Sun Sep 21 12:30:08 GMT 2025","1496","","","","RepositoriesTests.RepositoriesTests.CompetitionRepositoryUnitTests","RepositoriesTests.RepositoriesTests.CompetitionRepositoryUnitTests.GetAllCompetitions_Empty(dt: DataLimiter { PartitionIndex = 1, Partition = 1, HasNoLimit = False, FirstIndex = 1, LastIndex = 2 })","RepositoriesTests.RepositoriesTests.CompetitionRepositoryUnitTests.GetAllCompetitions_Empty(DataLimiter dt)",""
"passed","Sun Sep 21 12:27:23 GMT 2025","Sun Sep 21 12:27:23 GMT 2025","2","","","","ServicesUnitTests.ValidatorTests.PlayerProfileValidatorTests","ServicesUnitTests.ValidatorTests.PlayerProfileValidatorTests.CheckAccount(comp: Account { Email = """", Id = null, Login = ""amogus"" }, expected: True)","ServicesUnitTests.ValidatorTests.PlayerProfileValidatorTests.CheckAccount(Account comp, Boolean expected)",""
"passed","Sun Sep 21 12:29:30 GMT 2025","Sun Sep 21 12:29:33 GMT 2025","2791","","","","RepositoriesTests.RepositoriesTests.CompetitionLevelRepositoryTests","RepositoriesTests.RepositoriesTests.CompetitionLevelRepositoryTests.DeleteCompetitionLevelData(idx: 2)","RepositoriesTests.RepositoriesTests.CompetitionLevelRepositoryTests.DeleteCompetitionLevelData(Int32 idx)",""
"passed","Sun Sep 21 12:29:54 GMT 2025","Sun Sep 21 12:29:57 GMT 2025","2637","","","","RepositoriesTests.RepositoriesTests.PlayerRewardRepositoryBasicTests","RepositoriesTests.RepositoriesTests.PlayerRewardRepositoryBasicTests.AddReward_Failure","RepositoriesTests.RepositoriesTests.PlayerRewardRepositoryBasicTests.AddReward_Failure",""
"passed","Sun Sep 21 12:28:38 GMT 2025","Sun Sep 21 12:28:42 GMT 2025","4090","","","","RepositoriesTests.RepositoriesTests.GranterTests.BasicRewardGranterTests","RepositoriesTests.RepositoriesTests.GranterTests.BasicRewardGranterTests.GrantRewardsByRank(minRank: 0, maxRank: 1)","RepositoriesTests.RepositoriesTests.GranterTests.BasicRewardGranterTests.GrantRewardsByRank(Single minRank, Single maxRank)",""
"passed","Sun Sep 21 12:29:40 GMT 2025","Sun Sep 21 12:29:43 GMT 2025","2805","","","","RepositoriesTests.RepositoriesTests.PlayerParticipationRepositoryTests","RepositoriesTests.RepositoriesTests.PlayerParticipationRepositoryTests.DeleteParticipation_Failure","RepositoriesTests.RepositoriesTests.PlayerParticipationRepositoryTests.DeleteParticipation_Failure",""
"passed","Sun Sep 21 12:27:23 GMT 2025","Sun Sep 21 12:27:23 GMT 2025","1","","","","ServicesUnitTests.ValidatorTests.PlayerProfileValidatorTests","ServicesUnitTests.ValidatorTests.PlayerProfileValidatorTests.CheckAccountCreation(comp: AccountCreationData { Account = CompetitiveBackend.Core.Objects.Account, Password = 12345678 }, expected: False)","ServicesUnitTests.ValidatorTests.PlayerProfileValidatorTests.CheckAccountCreation(AccountCreationData comp, Boolean expected)",""
"passed","Sun Sep 21 12:27:23 GMT 2025","Sun Sep 21 12:27:23 GMT 2025","3","","","","ServicesUnitTests.ServiceTests.RewardDescriptionServiceTests","ServicesUnitTests.ServiceTests.RewardDescriptionServiceTests.RewardDescriptionServiceTests_CreateRewardDescription_Failure","ServicesUnitTests.ServiceTests.RewardDescriptionServiceTests.RewardDescriptionServiceTests_CreateRewardDescription_Failure",""
"passed","Sun Sep 21 12:27:23 GMT 2025","Sun Sep 21 12:27:23 GMT 2025","0","","","","ServicesUnitTests.ValidatorTests.PlayerProfileValidatorTests","ServicesUnitTests.ValidatorTests.PlayerProfileValidatorTests.CheckAccount(comp: Account { Email = null, Id = null, Login = null }, expected: False)","ServicesUnitTests.ValidatorTests.PlayerProfileValidatorTests.CheckAccount(Account comp, Boolean expected)",""
"passed","Sun Sep 21 12:29:15 GMT 2025","Sun Sep 21 12:29:19 GMT 2025","3012","","","","RepositoriesTests.RepositoriesTests.CompetitionLevelRepositoryTests","RepositoriesTests.RepositoriesTests.CompetitionLevelRepositoryTests.UpdateCompetitionLevelData(idx: 1)","RepositoriesTests.RepositoriesTests.CompetitionLevelRepositoryTests.UpdateCompetitionLevelData(Int32 idx)",""
"passed","Sun Sep 21 12:27:23 GMT 2025","Sun Sep 21 12:27:23 GMT 2025","0","","","","ServicesUnitTests.ValidatorTests.PlayerProfileValidatorTests","ServicesUnitTests.ValidatorTests.PlayerProfileValidatorTests.CheckAccount(comp: Account { Email = ""modus ponens"", Id = null, Login = ""amo"" }, expected: False)","ServicesUnitTests.ValidatorTests.PlayerProfileValidatorTests.CheckAccount(Account comp, Boolean expected)",""
"passed","Sun Sep 21 12:27:23 GMT 2025","Sun Sep 21 12:27:23 GMT 2025","8","","","","ServicesUnitTests.ServiceTests.RewardDescriptionServiceTests","ServicesUnitTests.ServiceTests.RewardDescriptionServiceTests.RewardDescriptionServiceTests_SetRewardIcon","ServicesUnitTests.ServiceTests.RewardDescriptionServiceTests.RewardDescriptionServiceTests_SetRewardIcon",""
"passed","Sun Sep 21 12:29:24 GMT 2025","Sun Sep 21 12:29:27 GMT 2025","2683","","","","RepositoriesTests.RepositoriesTests.PlayerParticipationRepositoryTests","RepositoriesTests.RepositoriesTests.PlayerParticipationRepositoryTests.GetPlayerParticipations(dt: DataLimiter { PartitionIndex = 0, Partition = 0, HasNoLimit = True, FirstIndex = 0, LastIndex = 0 }, bindPlayer: True, bindCompetition: True)","RepositoriesTests.RepositoriesTests.PlayerParticipationRepositoryTests.GetPlayerParticipations(DataLimiter dt, Boolean bindPlayer, Boolean bindCompetition)",""
"passed","Sun Sep 21 12:27:23 GMT 2025","Sun Sep 21 12:27:23 GMT 2025","3","","","","ServicesUnitTests.ServiceTests.AuthServiceTests","ServicesUnitTests.ServiceTests.AuthServiceTests.AuthService_CreateAccount_Success","ServicesUnitTests.ServiceTests.AuthServiceTests.AuthService_CreateAccount_Success",""
"passed","Sun Sep 21 12:30:19 GMT 2025","Sun Sep 21 12:30:21 GMT 2025","1476","","","","RepositoriesTests.RepositoriesTests.CompetitionRepositoryUnitTests","RepositoriesTests.RepositoriesTests.CompetitionRepositoryUnitTests.GetAllCompetitions_Basic(dt: DataLimiter { PartitionIndex = 0, Partition = 3, HasNoLimit = False, FirstIndex = 0, LastIndex = 3 })","RepositoriesTests.RepositoriesTests.CompetitionRepositoryUnitTests.GetAllCompetitions_Basic(DataLimiter dt)",""
"passed","Sun Sep 21 12:27:23 GMT 2025","Sun Sep 21 12:27:23 GMT 2025","6","","","","ServicesUnitTests.ServiceTests.PlayerParticipationServiceTests","ServicesUnitTests.ServiceTests.PlayerParticipationServiceTests.PlayerParticipationServiceTests_GetPlayerParticipations","ServicesUnitTests.ServiceTests.PlayerParticipationServiceTests.PlayerParticipationServiceTests_GetPlayerParticipations",""
"passed","Sun Sep 21 12:29:22 GMT 2025","Sun Sep 21 12:29:24 GMT 2025","1641","","","","RepositoriesTests.RepositoriesTests.PlayerParticipationRepositoryTests","RepositoriesTests.RepositoriesTests.PlayerParticipationRepositoryTests.GetPlayerParticipations(dt: DataLimiter { PartitionIndex = 0, Partition = 0, HasNoLimit = True, FirstIndex = 0, LastIndex = 0 }, bindPlayer: False, bindCompetition: True)","RepositoriesTests.RepositoriesTests.PlayerParticipationRepositoryTests.GetPlayerParticipations(DataLimiter dt, Boolean bindPlayer, Boolean bindCompetition)",""
"passed","Sun Sep 21 12:30:08 GMT 2025","Sun Sep 21 12:30:09 GMT 2025","1472","","","","RepositoriesTests.RepositoriesTests.CompetitionRepositoryUnitTests","RepositoriesTests.RepositoriesTests.CompetitionRepositoryUnitTests.GetAllCompetitions_Empty(dt: DataLimiter { PartitionIndex = 2, Partition = 1, HasNoLimit = False, FirstIndex = 2, LastIndex = 3 })","RepositoriesTests.RepositoriesTests.CompetitionRepositoryUnitTests.GetAllCompetitions_Empty(DataLimiter dt)",""
"passed","Sun Sep 21 12:30:12 GMT 2025","Sun Sep 21 12:30:14 GMT 2025","1590","","","","RepositoriesTests.RepositoriesTests.CompetitionRepositoryUnitTests","RepositoriesTests.RepositoriesTests.CompetitionRepositoryUnitTests.UpdateCompetition_Success","RepositoriesTests.RepositoriesTests.CompetitionRepositoryUnitTests.UpdateCompetition_Success",""
"passed","Sun Sep 21 12:29:27 GMT 2025","Sun Sep 21 12:29:30 GMT 2025","2844","","","","RepositoriesTests.RepositoriesTests.CompetitionLevelRepositoryTests","RepositoriesTests.RepositoriesTests.CompetitionLevelRepositoryTests.GetAllLevelData","RepositoriesTests.RepositoriesTests.CompetitionLevelRepositoryTests.GetAllLevelData",""
"passed","Sun Sep 21 12:29:15 GMT 2025","Sun Sep 21 12:29:19 GMT 2025","3053","","","","RepositoriesTests.RepositoriesTests.CompetitionRewardRepositoryTests","RepositoriesTests.RepositoriesTests.CompetitionRewardRepositoryTests.DeleteCompetitionReward_Success(idx: 2)","RepositoriesTests.RepositoriesTests.CompetitionRewardRepositoryTests.DeleteCompetitionReward_Success(Int32 idx)",""
"passed","Sun Sep 21 12:27:23 GMT 2025","Sun Sep 21 12:27:23 GMT 2025","4","","","","ServicesUnitTests.ServiceTests.CompetitionLevelServiceTests","ServicesUnitTests.ServiceTests.CompetitionLevelServiceTests.DeleteLevelData_CallsRepositoryWithCorrectId","ServicesUnitTests.ServiceTests.CompetitionLevelServiceTests.DeleteLevelData_CallsRepositoryWithCorrectId",""
"passed","Sun Sep 21 12:29:06 GMT 2025","Sun Sep 21 12:29:09 GMT 2025","3253","","","","RepositoriesTests.RepositoriesTests.CompetitionRewardRepositoryTests","RepositoriesTests.RepositoriesTests.CompetitionRewardRepositoryTests.GetCompetitionRewards_Success(idx: 3)","RepositoriesTests.RepositoriesTests.CompetitionRewardRepositoryTests.GetCompetitionRewards_Success(Int32 idx)",""
"passed","Sun Sep 21 12:27:23 GMT 2025","Sun Sep 21 12:27:23 GMT 2025","0","","","","ServicesUnitTests.ValidatorTests.PlayerProfileValidatorTests","ServicesUnitTests.ValidatorTests.PlayerProfileValidatorTests.CheckAccount(comp: Account { Email = null, Id = null, Login = ""amog"" }, expected: True)","ServicesUnitTests.ValidatorTests.PlayerProfileValidatorTests.CheckAccount(Account comp, Boolean expected)",""
"passed","Sun Sep 21 12:27:23 GMT 2025","Sun Sep 21 12:27:23 GMT 2025","1","","","","ServicesUnitTests.ValidatorTests.PlayerProfileValidatorTests","ServicesUnitTests.ValidatorTests.PlayerProfileValidatorTests.CheckAccountCreation(comp: AccountCreationData { Account = CompetitiveBackend.Core.Objects.Account, Password = 123a5678 }, expected: False)","ServicesUnitTests.ValidatorTests.PlayerProfileValidatorTests.CheckAccountCreation(AccountCreationData comp, Boolean expected)",""
"passed","Sun Sep 21 12:27:23 GMT 2025","Sun Sep 21 12:27:23 GMT 2025","1","","","","ServicesUnitTests.ValidatorTests.CompetitionValidatorTests","ServicesUnitTests.ValidatorTests.CompetitionValidatorTests.CheckOK(comp: Competition { Description = ""**********"", EndDate = 2025-01-01T01:10:01.0000000, Id = null, Name = ""Abo"", StartDate = 2025-01-01T01:01:01.0000000 }, expected: False)","ServicesUnitTests.ValidatorTests.CompetitionValidatorTests.CheckOK(Competition comp, Boolean expected)",""
"passed","Sun Sep 21 12:28:22 GMT 2025","Sun Sep 21 12:28:27 GMT 2025","5186","","","","RepositoriesTests.RepositoriesTests.RewardDescriptionRepositoryTests","RepositoriesTests.RepositoriesTests.RewardDescriptionRepositoryTests.GetRewardIcon_Failure","RepositoriesTests.RepositoriesTests.RewardDescriptionRepositoryTests.GetRewardIcon_Failure",""
"passed","Sun Sep 21 12:27:23 GMT 2025","Sun Sep 21 12:27:23 GMT 2025","52","","","","ServicesUnitTests.ServiceTests.CompetitionRewardSchedulerTests","ServicesUnitTests.ServiceTests.CompetitionRewardSchedulerTests.CompetitionRewardSchedulerTests_OnRecievedMessage_Ok","ServicesUnitTests.ServiceTests.CompetitionRewardSchedulerTests.CompetitionRewardSchedulerTests_OnRecievedMessage_Ok",""
"passed","Sun Sep 21 12:28:47 GMT 2025","Sun Sep 21 12:28:50 GMT 2025","3448","","","","RepositoriesTests.RepositoriesTests.CompetitionLevelRepositoryTests","RepositoriesTests.RepositoriesTests.CompetitionLevelRepositoryTests.GetSpecificLevelDataInfo(idx: 3)","RepositoriesTests.RepositoriesTests.CompetitionLevelRepositoryTests.GetSpecificLevelDataInfo(Int32 idx)",""
"passed","Sun Sep 21 12:30:02 GMT 2025","Sun Sep 21 12:30:03 GMT 2025","1494","","","","RepositoriesTests.RepositoriesTests.CompetitionRepositoryUnitTests","RepositoriesTests.RepositoriesTests.CompetitionRepositoryUnitTests.GetAllCompetitions_Empty(dt: DataLimiter { PartitionIndex = 0, Partition = 3, HasNoLimit = False, FirstIndex = 0, LastIndex = 3 })","RepositoriesTests.RepositoriesTests.CompetitionRepositoryUnitTests.GetAllCompetitions_Empty(DataLimiter dt)",""
"passed","Sun Sep 21 12:29:01 GMT 2025","Sun Sep 21 12:29:03 GMT 2025","2023","","","","RepositoriesTests.RepositoriesTests.PlayerParticipationRepositoryTests","RepositoriesTests.RepositoriesTests.PlayerParticipationRepositoryTests.GetLeaderboard(dt: DataLimiter { PartitionIndex = 0, Partition = 0, HasNoLimit = True, FirstIndex = 0, LastIndex = 0 }, bindPlayer: True, bindCompetition: True)","RepositoriesTests.RepositoriesTests.PlayerParticipationRepositoryTests.GetLeaderboard(DataLimiter dt, Boolean bindPlayer, Boolean bindCompetition)",""
"passed","Sun Sep 21 12:27:23 GMT 2025","Sun Sep 21 12:27:23 GMT 2025","1","","","","ServicesUnitTests.ValidatorTests.CompetitionValidatorTests","ServicesUnitTests.ValidatorTests.CompetitionValidatorTests.CheckOK(comp: Competition { Description = ""**********"", EndDate = 2024-01-01T01:10:01.0000000, Id = null, Name = ""Abondus"", StartDate = 2025-01-01T01:01:01.0000000 }, expected: False)","ServicesUnitTests.ValidatorTests.CompetitionValidatorTests.CheckOK(Competition comp, Boolean expected)",""
"passed","Sun Sep 21 12:27:23 GMT 2025","Sun Sep 21 12:27:23 GMT 2025","5","","","","ServicesUnitTests.ValidatorTests.PlayerProfileValidatorTests","ServicesUnitTests.ValidatorTests.PlayerProfileValidatorTests.CheckAccountCreation(comp: AccountCreationData { Account = CompetitiveBackend.Core.Objects.Account, Password =  }, expected: False)","ServicesUnitTests.ValidatorTests.PlayerProfileValidatorTests.CheckAccountCreation(AccountCreationData comp, Boolean expected)",""
"passed","Sun Sep 21 12:28:46 GMT 2025","Sun Sep 21 12:28:50 GMT 2025","3904","","","","RepositoriesTests.RepositoriesTests.GranterTests.BasicRewardGranterTests","RepositoriesTests.RepositoriesTests.GranterTests.BasicRewardGranterTests.GrantRewardsByRank(minRank: 0.5, maxRank: 1)","RepositoriesTests.RepositoriesTests.GranterTests.BasicRewardGranterTests.GrantRewardsByRank(Single minRank, Single maxRank)",""
"passed","Sun Sep 21 12:28:48 GMT 2025","Sun Sep 21 12:28:52 GMT 2025","3286","","","","RepositoriesTests.RepositoriesTests.PlayerParticipationRepositoryTests","RepositoriesTests.RepositoriesTests.PlayerParticipationRepositoryTests.CreateParticipationTest","RepositoriesTests.RepositoriesTests.PlayerParticipationRepositoryTests.CreateParticipationTest",""
"passed","Sun Sep 21 12:29:48 GMT 2025","Sun Sep 21 12:29:50 GMT 2025","1575","","","","RepositoriesTests.RepositoriesTests.CompetitionLevelRepositoryTests","RepositoriesTests.RepositoriesTests.CompetitionLevelRepositoryTests.AddCompetitionLevel_Failure","RepositoriesTests.RepositoriesTests.CompetitionLevelRepositoryTests.AddCompetitionLevel_Failure",""
"passed","Sun Sep 21 12:27:23 GMT 2025","Sun Sep 21 12:27:23 GMT 2025","5","","","","ServicesUnitTests.ServiceTests.AuthServiceTests","ServicesUnitTests.ServiceTests.AuthServiceTests.AuthService_LogIn_BadPassword","ServicesUnitTests.ServiceTests.AuthServiceTests.AuthService_LogIn_BadPassword",""
"passed","Sun Sep 21 12:27:23 GMT 2025","Sun Sep 21 12:27:23 GMT 2025","0","","","","ServicesUnitTests.ValidatorTests.PlayerProfileValidatorTests","ServicesUnitTests.ValidatorTests.PlayerProfileValidatorTests.CheckAccountCreation(comp: AccountCreationData { Account = CompetitiveBackend.Core.Objects.Account, Password = 1234 }, expected: False)","ServicesUnitTests.ValidatorTests.PlayerProfileValidatorTests.CheckAccountCreation(AccountCreationData comp, Boolean expected)",""
"passed","Sun Sep 21 12:30:03 GMT 2025","Sun Sep 21 12:30:05 GMT 2025","2637","","","","RepositoriesTests.RepositoriesTests.PlayerRewardRepositoryBasicTests","RepositoriesTests.RepositoriesTests.PlayerRewardRepositoryBasicTests.GetPlayerRewards_Success(dt: DataLimiter { PartitionIndex = 2, Partition = 1, HasNoLimit = False, FirstIndex = 2, LastIndex = 3 })","RepositoriesTests.RepositoriesTests.PlayerRewardRepositoryBasicTests.GetPlayerRewards_Success(DataLimiter dt)",""
"passed","Sun Sep 21 12:28:34 GMT 2025","Sun Sep 21 12:28:37 GMT 2025","3743","","","","RepositoriesTests.RepositoriesTests.PlayerParticipationRepositoryTests","RepositoriesTests.RepositoriesTests.PlayerParticipationRepositoryTests.GetParticipation(bindPlayer: False, bindCompetition: False)","RepositoriesTests.RepositoriesTests.PlayerParticipationRepositoryTests.GetParticipation(Boolean bindPlayer, Boolean bindCompetition)",""
"passed","Sun Sep 21 12:30:01 GMT 2025","Sun Sep 21 12:30:03 GMT 2025","1554","","","","RepositoriesTests.RepositoriesTests.PlayerRewardRepositoryBasicTests","RepositoriesTests.RepositoriesTests.PlayerRewardRepositoryBasicTests.GetPlayerRewards_Success(dt: DataLimiter { PartitionIndex = 1, Partition = 1, HasNoLimit = False, FirstIndex = 1, LastIndex = 2 })","RepositoriesTests.RepositoriesTests.PlayerRewardRepositoryBasicTests.GetPlayerRewards_Success(DataLimiter dt)",""
"passed","Sun Sep 21 12:27:23 GMT 2025","Sun Sep 21 12:27:23 GMT 2025","0","","","","ServicesUnitTests.ValidatorTests.PasswordConstraintTests","ServicesUnitTests.ValidatorTests.PasswordConstraintTests.LettersPasswordTest(password: ""123"", isValid: False)","ServicesUnitTests.ValidatorTests.PasswordConstraintTests.LettersPasswordTest(String password, Boolean isValid)",""
"passed","Sun Sep 21 12:27:23 GMT 2025","Sun Sep 21 12:27:23 GMT 2025","6","","","","ServicesUnitTests.ServiceTests.PlayerParticipationServiceTests","ServicesUnitTests.ServiceTests.PlayerParticipationServiceTests.PlayerParticipationServiceTests_SubmitParticipation_UPDATE","ServicesUnitTests.ServiceTests.PlayerParticipationServiceTests.PlayerParticipationServiceTests_SubmitParticipation_UPDATE",""
"passed","Sun Sep 21 12:27:23 GMT 2025","Sun Sep 21 12:27:23 GMT 2025","6","","","","ServicesUnitTests.ServiceTests.CompetitionServiceTests","ServicesUnitTests.ServiceTests.CompetitionServiceTests.CompetitionServiceTests_CreateCompetition_Bad1","ServicesUnitTests.ServiceTests.CompetitionServiceTests.CompetitionServiceTests_CreateCompetition_Bad1",""
"passed","Sun Sep 21 12:27:23 GMT 2025","Sun Sep 21 12:27:23 GMT 2025","3","","","","ServicesUnitTests.ServiceTests.PlayerParticipationServiceTests","ServicesUnitTests.ServiceTests.PlayerParticipationServiceTests.PlayerParticipationServiceTests_SubmitParticipation_CREATE","ServicesUnitTests.ServiceTests.PlayerParticipationServiceTests.PlayerParticipationServiceTests_SubmitParticipation_CREATE",""
"passed","Sun Sep 21 12:27:23 GMT 2025","Sun Sep 21 12:27:23 GMT 2025","4","","","","ServicesUnitTests.ServiceTests.PlayerRewardServiceTests","ServicesUnitTests.ServiceTests.PlayerRewardServiceTests.PlayerRewardServiceTest_GrantRewardToPlayer","ServicesUnitTests.ServiceTests.PlayerRewardServiceTests.PlayerRewardServiceTest_GrantRewardToPlayer",""
"passed","Sun Sep 21 12:28:53 GMT 2025","Sun Sep 21 12:28:56 GMT 2025","3208","","","","RepositoriesTests.RepositoriesTests.CompetitionRewardRepositoryTests","RepositoriesTests.RepositoriesTests.CompetitionRewardRepositoryTests.AddCompetitionReward_DifferentRanks(cond: RankGrantCondition { maxRank = 0.5, minRank = 0, Type = ""rank"" }, idx: 2)","RepositoriesTests.RepositoriesTests.CompetitionRewardRepositoryTests.AddCompetitionReward_DifferentRanks(GrantCondition cond, Int32 idx)",""
"passed","Sun Sep 21 12:28:31 GMT 2025","Sun Sep 21 12:28:35 GMT 2025","3731","","","","RepositoriesTests.RepositoriesTests.RewardDescriptionRepositoryTests","RepositoriesTests.RepositoriesTests.RewardDescriptionRepositoryTests.SetRewardIcon_Failure","RepositoriesTests.RepositoriesTests.RewardDescriptionRepositoryTests.SetRewardIcon_Failure",""
"passed","Sun Sep 21 12:27:23 GMT 2025","Sun Sep 21 12:27:23 GMT 2025","0","","","","ServicesUnitTests.ValidatorTests.PlayerProfileValidatorTests","ServicesUnitTests.ValidatorTests.PlayerProfileValidatorTests.CheckAccount(comp: Account { Email = """", Id = null, Login = ""*****************"" }, expected: False)","ServicesUnitTests.ValidatorTests.PlayerProfileValidatorTests.CheckAccount(Account comp, Boolean expected)",""
"passed","Sun Sep 21 12:27:23 GMT 2025","Sun Sep 21 12:27:23 GMT 2025","0","","","","ServicesUnitTests.ValidatorTests.PlayerProfileValidatorTests","ServicesUnitTests.ValidatorTests.PlayerProfileValidatorTests.CheckAccountCreation(comp: AccountCreationData { Account = CompetitiveBackend.Core.Objects.Account, Password = 123456a }, expected: False)","ServicesUnitTests.ValidatorTests.PlayerProfileValidatorTests.CheckAccountCreation(AccountCreationData comp, Boolean expected)",""
"passed","Sun Sep 21 12:27:23 GMT 2025","Sun Sep 21 12:27:23 GMT 2025","1","","","","ServicesUnitTests.ValidatorTests.PlayerProfileValidatorTests","ServicesUnitTests.ValidatorTests.PlayerProfileValidatorTests.CheckAccountCreation(comp: AccountCreationData { Account = CompetitiveBackend.Core.Objects.Account, Password = 12345678a }, expected: True)","ServicesUnitTests.ValidatorTests.PlayerProfileValidatorTests.CheckAccountCreation(AccountCreationData comp, Boolean expected)",""
"passed","Sun Sep 21 12:27:23 GMT 2025","Sun Sep 21 12:27:23 GMT 2025","4","","","","ServicesUnitTests.ServiceTests.PlayerRewardServiceTests","ServicesUnitTests.ServiceTests.PlayerRewardServiceTests.PlayerRewardServiceTest_GetAllRewardsOf","ServicesUnitTests.ServiceTests.PlayerRewardServiceTests.PlayerRewardServiceTest_GetAllRewardsOf",""
"passed","Sun Sep 21 12:27:23 GMT 2025","Sun Sep 21 12:27:23 GMT 2025","0","","","","ServicesUnitTests.ValidatorTests.PlayerProfileValidatorTests","ServicesUnitTests.ValidatorTests.PlayerProfileValidatorTests.CheckAccountCreation(comp: AccountCreationData { Account = CompetitiveBackend.Core.Objects.Account, Password =  }, expected: False)","ServicesUnitTests.ValidatorTests.PlayerProfileValidatorTests.CheckAccountCreation(AccountCreationData comp, Boolean expected)",""
"passed","Sun Sep 21 12:28:50 GMT 2025","Sun Sep 21 12:28:54 GMT 2025","3228","","","","RepositoriesTests.RepositoriesTests.CompetitionLevelRepositoryTests","RepositoriesTests.RepositoriesTests.CompetitionLevelRepositoryTests.GetLevelDataTests(platform: ""Android"", maxVersion: 5, data: [1, 2, 3])","RepositoriesTests.RepositoriesTests.CompetitionLevelRepositoryTests.GetLevelDataTests(String platform, Nullable<Int32> maxVersion, Byte[] data)",""
"passed","Sun Sep 21 12:29:19 GMT 2025","Sun Sep 21 12:29:22 GMT 2025","2830","","","","RepositoriesTests.RepositoriesTests.PlayerParticipationRepositoryTests","RepositoriesTests.RepositoriesTests.PlayerParticipationRepositoryTests.GetPlayerParticipations(dt: DataLimiter { PartitionIndex = 0, Partition = 0, HasNoLimit = True, FirstIndex = 0, LastIndex = 0 }, bindPlayer: True, bindCompetition: False)","RepositoriesTests.RepositoriesTests.PlayerParticipationRepositoryTests.GetPlayerParticipations(DataLimiter dt, Boolean bindPlayer, Boolean bindCompetition)",""
"passed","Sun Sep 21 12:28:39 GMT 2025","Sun Sep 21 12:28:43 GMT 2025","3682","","","","RepositoriesTests.RepositoriesTests.CompetitionLevelRepositoryTests","RepositoriesTests.RepositoriesTests.CompetitionLevelRepositoryTests.GetSpecificLevelDataInfo(idx: 1)","RepositoriesTests.RepositoriesTests.CompetitionLevelRepositoryTests.GetSpecificLevelDataInfo(Int32 idx)",""
"passed","Sun Sep 21 12:29:35 GMT 2025","Sun Sep 21 12:29:37 GMT 2025","2760","","","","RepositoriesTests.RepositoriesTests.PlayerParticipationRepositoryTests","RepositoriesTests.RepositoriesTests.PlayerParticipationRepositoryTests.GetPlayerParticipations(dt: DataLimiter { PartitionIndex = 1, Partition = 2, HasNoLimit = False, FirstIndex = 2, LastIndex = 4 }, bindPlayer: True, bindCompetition: True)","RepositoriesTests.RepositoriesTests.PlayerParticipationRepositoryTests.GetPlayerParticipations(DataLimiter dt, Boolean bindPlayer, Boolean bindCompetition)",""
"passed","Sun Sep 21 12:29:45 GMT 2025","Sun Sep 21 12:29:47 GMT 2025","1720","","","","RepositoriesTests.RepositoriesTests.CompetitionLevelRepositoryTests","RepositoriesTests.RepositoriesTests.CompetitionLevelRepositoryTests.AddCompetitionLevel","RepositoriesTests.RepositoriesTests.CompetitionLevelRepositoryTests.AddCompetitionLevel",""
"passed","Sun Sep 21 12:28:29 GMT 2025","Sun Sep 21 12:28:33 GMT 2025","3933","","","","RepositoriesTests.RepositoriesTests.SessionRepositoryUnitTests","RepositoriesTests.RepositoriesTests.SessionRepositoryUnitTests.CreateSessionToken_Unknown","RepositoriesTests.RepositoriesTests.SessionRepositoryUnitTests.CreateSessionToken_Unknown",""
"passed","Sun Sep 21 12:27:23 GMT 2025","Sun Sep 21 12:27:23 GMT 2025","6","","","","ServicesUnitTests.ServiceTests.PlayerParticipationServiceTests","ServicesUnitTests.ServiceTests.PlayerParticipationServiceTests.PlayerParticipationServiceTests_DeleteParticipation","ServicesUnitTests.ServiceTests.PlayerParticipationServiceTests.PlayerParticipationServiceTests_DeleteParticipation",""
"passed","Sun Sep 21 12:30:21 GMT 2025","Sun Sep 21 12:30:22 GMT 2025","1473","","","","RepositoriesTests.RepositoriesTests.CompetitionRepositoryUnitTests","RepositoriesTests.RepositoriesTests.CompetitionRepositoryUnitTests.GetAllCompetitions_Basic(dt: DataLimiter { PartitionIndex = 0, Partition = 2, HasNoLimit = False, FirstIndex = 0, LastIndex = 2 })","RepositoriesTests.RepositoriesTests.CompetitionRepositoryUnitTests.GetAllCompetitions_Basic(DataLimiter dt)",""
"passed","Sun Sep 21 12:29:12 GMT 2025","Sun Sep 21 12:29:15 GMT 2025","2948","","","","RepositoriesTests.RepositoriesTests.GranterTests.BasicRewardGranterTests","RepositoriesTests.RepositoriesTests.GranterTests.BasicRewardGranterTests.GetMultipleRewardData(conditions: [RankGrantCondition { maxRank = 0.75, minRank = 0.25, Type = ""rank"" }, RankGrantCondition { maxRank = 1, minRank = 0.5, Type = ""rank"" }])","RepositoriesTests.RepositoriesTests.GranterTests.BasicRewardGranterTests.GetMultipleRewardData(GrantCondition[] conditions)",""
"passed","Sun Sep 21 12:27:23 GMT 2025","Sun Sep 21 12:27:23 GMT 2025","5","","","","ServicesUnitTests.ServiceTests.RewardDescriptionServiceTests","ServicesUnitTests.ServiceTests.RewardDescriptionServiceTests.RewardDescriptionServiceTests_GetAllRewardDescriptions","ServicesUnitTests.ServiceTests.RewardDescriptionServiceTests.RewardDescriptionServiceTests_GetAllRewardDescriptions",""
"passed","Sun Sep 21 12:27:23 GMT 2025","Sun Sep 21 12:27:23 GMT 2025","3","","","","ServicesUnitTests.ServiceTests.CompetitionLevelServiceTests","ServicesUnitTests.ServiceTests.CompetitionLevelServiceTests.GetCompetitionLevel_CallsRepositoryWithParameters","ServicesUnitTests.ServiceTests.CompetitionLevelServiceTests.GetCompetitionLevel_CallsRepositoryWithParameters",""
"passed","Sun Sep 21 12:27:23 GMT 2025","Sun Sep 21 12:27:23 GMT 2025","0","","","","ServicesUnitTests.ValidatorTests.PlayerProfileValidatorTests","ServicesUnitTests.ValidatorTests.PlayerProfileValidatorTests.CheckAccountCreation(comp: AccountCreationData { Account = CompetitiveBackend.Core.Objects.Account, Password = 12345678a }, expected: False)","ServicesUnitTests.ValidatorTests.PlayerProfileValidatorTests.CheckAccountCreation(AccountCreationData comp, Boolean expected)",""
"passed","Sun Sep 21 12:29:50 GMT 2025","Sun Sep 21 12:29:51 GMT 2025","1577","","","","RepositoriesTests.RepositoriesTests.CompetitionLevelRepositoryTests","RepositoriesTests.RepositoriesTests.CompetitionLevelRepositoryTests.GetSpecificLevelData_Failure","RepositoriesTests.RepositoriesTests.CompetitionLevelRepositoryTests.GetSpecificLevelData_Failure",""
"passed","Sun Sep 21 12:29:30 GMT 2025","Sun Sep 21 12:29:31 GMT 2025","1635","","","","RepositoriesTests.RepositoriesTests.CompetitionRewardRepositoryTests","RepositoriesTests.RepositoriesTests.CompetitionRewardRepositoryTests.GetCompetitionReward_Success(idx: 1)","RepositoriesTests.RepositoriesTests.CompetitionRewardRepositoryTests.GetCompetitionReward_Success(Int32 idx)",""
"passed","Sun Sep 21 12:29:17 GMT 2025","Sun Sep 21 12:29:20 GMT 2025","3208","","","","RepositoriesTests.RepositoriesTests.GranterTests.StoredProcedureGranterTests","RepositoriesTests.RepositoriesTests.GranterTests.StoredProcedureGranterTests.GrantRewardsTwoParticipants","RepositoriesTests.RepositoriesTests.GranterTests.StoredProcedureGranterTests.GrantRewardsTwoParticipants",""
"passed","Sun Sep 21 12:29:10 GMT 2025","Sun Sep 21 12:29:13 GMT 2025","3278","","","","RepositoriesTests.RepositoriesTests.PlayerParticipationRepositoryTests","RepositoriesTests.RepositoriesTests.PlayerParticipationRepositoryTests.GetLeaderboard(dt: DataLimiter { PartitionIndex = 1, Partition = 2, HasNoLimit = False, FirstIndex = 2, LastIndex = 4 }, bindPlayer: False, bindCompetition: True)","RepositoriesTests.RepositoriesTests.PlayerParticipationRepositoryTests.GetLeaderboard(DataLimiter dt, Boolean bindPlayer, Boolean bindCompetition)",""
"passed","Sun Sep 21 12:27:23 GMT 2025","Sun Sep 21 12:27:23 GMT 2025","0","","","","ServicesUnitTests.ValidatorTests.PlayerProfileValidatorTests","ServicesUnitTests.ValidatorTests.PlayerProfileValidatorTests.CheckAccountCreation(comp: AccountCreationData { Account = CompetitiveBackend.Core.Objects.Account, Password =  }, expected: False)","ServicesUnitTests.ValidatorTests.PlayerProfileValidatorTests.CheckAccountCreation(AccountCreationData comp, Boolean expected)",""
"passed","Sun Sep 21 12:27:23 GMT 2025","Sun Sep 21 12:27:23 GMT 2025","4","","","","ServicesUnitTests.ServiceTests.CompetitionServiceTests","ServicesUnitTests.ServiceTests.CompetitionServiceTests.CompetitionServiceTest_GetCompetition","ServicesUnitTests.ServiceTests.CompetitionServiceTests.CompetitionServiceTest_GetCompetition",""
"passed","Sun Sep 21 12:29:46 GMT 2025","Sun Sep 21 12:29:48 GMT 2025","1546","","","","RepositoriesTests.RepositoriesTests.PlayerProfileRepositoryUnitTests","RepositoriesTests.RepositoriesTests.PlayerProfileRepositoryUnitTests.GetPlayerProfileImage_Success","RepositoriesTests.RepositoriesTests.PlayerProfileRepositoryUnitTests.GetPlayerProfileImage_Success",""
"passed","Sun Sep 21 12:27:23 GMT 2025","Sun Sep 21 12:27:23 GMT 2025","6","","","","ServicesUnitTests.ValidatorTests.PasswordConstraintTests","ServicesUnitTests.ValidatorTests.PasswordConstraintTests.LengthPasswordTest(password: ""12344919293921391293"", isValid: True)","ServicesUnitTests.ValidatorTests.PasswordConstraintTests.LengthPasswordTest(String password, Boolean isValid)",""
"passed","Sun Sep 21 12:30:03 GMT 2025","Sun Sep 21 12:30:05 GMT 2025","1454","","","","RepositoriesTests.RepositoriesTests.CompetitionRepositoryUnitTests","RepositoriesTests.RepositoriesTests.CompetitionRepositoryUnitTests.GetAllCompetitions_Empty(dt: DataLimiter { PartitionIndex = 0, Partition = 2, HasNoLimit = False, FirstIndex = 0, LastIndex = 2 })","RepositoriesTests.RepositoriesTests.CompetitionRepositoryUnitTests.GetAllCompetitions_Empty(DataLimiter dt)",""
"passed","Sun Sep 21 12:28:58 GMT 2025","Sun Sep 21 12:29:01 GMT 2025","3184","","","","RepositoriesTests.RepositoriesTests.PlayerParticipationRepositoryTests","RepositoriesTests.RepositoriesTests.PlayerParticipationRepositoryTests.GetLeaderboard(dt: DataLimiter { PartitionIndex = 0, Partition = 0, HasNoLimit = True, FirstIndex = 0, LastIndex = 0 }, bindPlayer: False, bindCompetition: True)","RepositoriesTests.RepositoriesTests.PlayerParticipationRepositoryTests.GetLeaderboard(DataLimiter dt, Boolean bindPlayer, Boolean bindCompetition)",""
"passed","Sun Sep 21 12:28:21 GMT 2025","Sun Sep 21 12:28:25 GMT 2025","4139","","","","RepositoriesTests.RepositoriesTests.SessionRepositoryUnitTests","RepositoriesTests.RepositoriesTests.SessionRepositoryUnitTests.CreateSessionTokenFor_AdminSuccess","RepositoriesTests.RepositoriesTests.SessionRepositoryUnitTests.CreateSessionTokenFor_AdminSuccess",""
"passed","Sun Sep 21 12:27:23 GMT 2025","Sun Sep 21 12:27:23 GMT 2025","4","","","","ServicesUnitTests.ServiceTests.RewardDescriptionServiceTests","ServicesUnitTests.ServiceTests.RewardDescriptionServiceTests.RewardDescriptionServiceTests_UpdateRewardDescription_Failure","ServicesUnitTests.ServiceTests.RewardDescriptionServiceTests.RewardDescriptionServiceTests_UpdateRewardDescription_Failure",""
"passed","Sun Sep 21 12:27:23 GMT 2025","Sun Sep 21 12:27:23 GMT 2025","1","","","","ServicesUnitTests.ValidatorTests.PlayerProfileValidatorTests","ServicesUnitTests.ValidatorTests.PlayerProfileValidatorTests.CheckAccountCreation(comp: AccountCreationData { Account = CompetitiveBackend.Core.Objects.Account, Password = 123456a }, expected: False)","ServicesUnitTests.ValidatorTests.PlayerProfileValidatorTests.CheckAccountCreation(AccountCreationData comp, Boolean expected)",""
"passed","Sun Sep 21 12:27:23 GMT 2025","Sun Sep 21 12:27:23 GMT 2025","0","","","","ServicesUnitTests.ValidatorTests.PlayerProfileValidatorTests","ServicesUnitTests.ValidatorTests.PlayerProfileValidatorTests.CheckAccountCreation(comp: AccountCreationData { Account = CompetitiveBackend.Core.Objects.Account, Password = 12345678a }, expected: True)","ServicesUnitTests.ValidatorTests.PlayerProfileValidatorTests.CheckAccountCreation(AccountCreationData comp, Boolean expected)",""
"passed","Sun Sep 21 12:28:55 GMT 2025","Sun Sep 21 12:28:58 GMT 2025","3119","","","","RepositoriesTests.RepositoriesTests.PlayerParticipationRepositoryTests","RepositoriesTests.RepositoriesTests.PlayerParticipationRepositoryTests.GetLeaderboard(dt: DataLimiter { PartitionIndex = 0, Partition = 0, HasNoLimit = True, FirstIndex = 0, LastIndex = 0 }, bindPlayer: True, bindCompetition: False)","RepositoriesTests.RepositoriesTests.PlayerParticipationRepositoryTests.GetLeaderboard(DataLimiter dt, Boolean bindPlayer, Boolean bindCompetition)",""
"passed","Sun Sep 21 12:29:31 GMT 2025","Sun Sep 21 12:29:33 GMT 2025","1646","","","","RepositoriesTests.RepositoriesTests.CompetitionRewardRepositoryTests","RepositoriesTests.RepositoriesTests.CompetitionRewardRepositoryTests.GetCompetitionReward_Success(idx: 2)","RepositoriesTests.RepositoriesTests.CompetitionRewardRepositoryTests.GetCompetitionReward_Success(Int32 idx)",""
"passed","Sun Sep 21 12:29:21 GMT 2025","Sun Sep 21 12:29:24 GMT 2025","2733","","","","RepositoriesTests.RepositoriesTests.CompetitionRewardRepositoryTests","RepositoriesTests.RepositoriesTests.CompetitionRewardRepositoryTests.UpdateCompetitionReward_Alien","RepositoriesTests.RepositoriesTests.CompetitionRewardRepositoryTests.UpdateCompetitionReward_Alien",""
"passed","Sun Sep 21 12:27:23 GMT 2025","Sun Sep 21 12:27:23 GMT 2025","0","","","","ServicesUnitTests.ValidatorTests.PlayerProfileValidatorTests","ServicesUnitTests.ValidatorTests.PlayerProfileValidatorTests.CheckPlayerProfile(comp: PlayerProfile { Description = ""*"", Id = 0, Name = ""*****************"" }, expected: False)","ServicesUnitTests.ValidatorTests.PlayerProfileValidatorTests.CheckPlayerProfile(PlayerProfile comp, Boolean expected)",""
"passed","Sun Sep 21 12:28:51 GMT 2025","Sun Sep 21 12:28:55 GMT 2025","3502","","","","RepositoriesTests.RepositoriesTests.GranterTests.StoredProcedureGranterTests","RepositoriesTests.RepositoriesTests.GranterTests.StoredProcedureGranterTests.GrantRewardsByPlace(minPlace: 2, maxPlace: 4)","RepositoriesTests.RepositoriesTests.GranterTests.StoredProcedureGranterTests.GrantRewardsByPlace(Int32 minPlace, Int32 maxPlace)",""
"passed","Sun Sep 21 12:27:23 GMT 2025","Sun Sep 21 12:27:23 GMT 2025","2","","","","ServicesUnitTests.ServiceTests.CompetitionRewardServiceTests","ServicesUnitTests.ServiceTests.CompetitionRewardServiceTests.CompetitionRewardServiceTests_RemoveCompetitionReward(etalon: 1)","ServicesUnitTests.ServiceTests.CompetitionRewardServiceTests.CompetitionRewardServiceTests_RemoveCompetitionReward(Int32 etalon)",""
"passed","Sun Sep 21 12:27:23 GMT 2025","Sun Sep 21 12:27:23 GMT 2025","0","","","","ServicesUnitTests.ValidatorTests.PasswordConstraintTests","ServicesUnitTests.ValidatorTests.PasswordConstraintTests.LengthPasswordTest(password: ""123"", isValid: False)","ServicesUnitTests.ValidatorTests.PasswordConstraintTests.LengthPasswordTest(String password, Boolean isValid)",""
"passed","Sun Sep 21 12:28:42 GMT 2025","Sun Sep 21 12:28:46 GMT 2025","3616","","","","RepositoriesTests.RepositoriesTests.RewardDescriptionRepositoryTests","RepositoriesTests.RepositoriesTests.RewardDescriptionRepositoryTests.GetRewardIcon_Empty","RepositoriesTests.RepositoriesTests.RewardDescriptionRepositoryTests.GetRewardIcon_Empty",""
"passed","Sun Sep 21 12:29:54 GMT 2025","Sun Sep 21 12:29:56 GMT 2025","1515","","","","RepositoriesTests.RepositoriesTests.CompetitionLevelRepositoryTests","RepositoriesTests.RepositoriesTests.CompetitionLevelRepositoryTests.GetSpecificLevelDataInfo_Failure","RepositoriesTests.RepositoriesTests.CompetitionLevelRepositoryTests.GetSpecificLevelDataInfo_Failure",""
"passed","Sun Sep 21 12:29:33 GMT 2025","Sun Sep 21 12:29:35 GMT 2025","1733","","","","RepositoriesTests.RepositoriesTests.PlayerProfileRepositoryUnitTests","RepositoriesTests.RepositoriesTests.PlayerProfileRepositoryUnitTests.UpdatePlayerProfileImage_Success","RepositoriesTests.RepositoriesTests.PlayerProfileRepositoryUnitTests.UpdatePlayerProfileImage_Success",""
"passed","Sun Sep 21 12:27:23 GMT 2025","Sun Sep 21 12:27:23 GMT 2025","4","","","","ServicesUnitTests.ServiceTests.PlayerRewardServiceTests","ServicesUnitTests.ServiceTests.PlayerRewardServiceTests.PlayerRewardServiceTest_GrantRewardToPlayer_Failure","ServicesUnitTests.ServiceTests.PlayerRewardServiceTests.PlayerRewardServiceTest_GrantRewardToPlayer_Failure",""
"passed","Sun Sep 21 12:28:41 GMT 2025","Sun Sep 21 12:28:45 GMT 2025","3829","","","","RepositoriesTests.RepositoriesTests.PlayerParticipationRepositoryTests","RepositoriesTests.RepositoriesTests.PlayerParticipationRepositoryTests.CreateParticipationTest_AlreadyExist","RepositoriesTests.RepositoriesTests.PlayerParticipationRepositoryTests.CreateParticipationTest_AlreadyExist",""
"passed","Sun Sep 21 12:29:06 GMT 2025","Sun Sep 21 12:29:09 GMT 2025","3103","","","","RepositoriesTests.RepositoriesTests.GranterTests.BasicRewardGranterTests","RepositoriesTests.RepositoriesTests.GranterTests.BasicRewardGranterTests.GetMultipleRewardData(conditions: [PlaceGrantCondition { maxPlace = 1, minPlace = 1, Type = ""place"" }, PlaceGrantCondition { maxPlace = 2, minPlace = 2, Type = ""place"" }])","RepositoriesTests.RepositoriesTests.GranterTests.BasicRewardGranterTests.GetMultipleRewardData(GrantCondition[] conditions)",""
"passed","Sun Sep 21 12:29:43 GMT 2025","Sun Sep 21 12:29:45 GMT 2025","1533","","","","RepositoriesTests.RepositoriesTests.PlayerProfileRepositoryUnitTests","RepositoriesTests.RepositoriesTests.PlayerProfileRepositoryUnitTests.GetPlayerProfileImage_Empty","RepositoriesTests.RepositoriesTests.PlayerProfileRepositoryUnitTests.GetPlayerProfileImage_Empty",""
"passed","Sun Sep 21 12:27:23 GMT 2025","Sun Sep 21 12:27:23 GMT 2025","0","","","","ServicesUnitTests.ValidatorTests.CompetitionValidatorTests","ServicesUnitTests.ValidatorTests.CompetitionValidatorTests.CheckOK(comp: Competition { Description = ""************"", EndDate = 2025-01-01T01:10:01.0000000, Id = null, Name = ""Colon"", StartDate = 2025-01-01T01:01:01.0000000 }, expected: False)","ServicesUnitTests.ValidatorTests.CompetitionValidatorTests.CheckOK(Competition comp, Boolean expected)",""
"passed","Sun Sep 21 12:29:33 GMT 2025","Sun Sep 21 12:29:35 GMT 2025","2798","","","","RepositoriesTests.RepositoriesTests.CompetitionLevelRepositoryTests","RepositoriesTests.RepositoriesTests.CompetitionLevelRepositoryTests.DeleteCompetitionLevelData(idx: 1)","RepositoriesTests.RepositoriesTests.CompetitionLevelRepositoryTests.DeleteCompetitionLevelData(Int32 idx)",""
"passed","Sun Sep 21 12:27:23 GMT 2025","Sun Sep 21 12:27:23 GMT 2025","10","","","","ServicesUnitTests.ServiceTests.PlayerProfileServiceTests","ServicesUnitTests.ServiceTests.PlayerProfileServiceTests.PlayerProfileService_GetPlayerProfile","ServicesUnitTests.ServiceTests.PlayerProfileServiceTests.PlayerProfileService_GetPlayerProfile",""
"passed","Sun Sep 21 12:28:45 GMT 2025","Sun Sep 21 12:28:49 GMT 2025","3867","","","","RepositoriesTests.RepositoriesTests.CompetitionRewardRepositoryTests","RepositoriesTests.RepositoriesTests.CompetitionRewardRepositoryTests.AddCompetitionReward_DifferentRanks(cond: RankGrantCondition { maxRank = 1, minRank = 0, Type = ""rank"" }, idx: 0)","RepositoriesTests.RepositoriesTests.CompetitionRewardRepositoryTests.AddCompetitionReward_DifferentRanks(GrantCondition cond, Int32 idx)",""
"passed","Sun Sep 21 12:27:23 GMT 2025","Sun Sep 21 12:27:23 GMT 2025","39","","","","ServicesUnitTests.ServiceTests.CompetitionServiceTests","ServicesUnitTests.ServiceTests.CompetitionServiceTests.CompetitionServiceTest_UpdateCompetition_Bad1","ServicesUnitTests.ServiceTests.CompetitionServiceTests.CompetitionServiceTest_UpdateCompetition_Bad1",""
"passed","Sun Sep 21 12:27:23 GMT 2025","Sun Sep 21 12:27:23 GMT 2025","0","","","","ServicesUnitTests.ValidatorTests.PlayerProfileValidatorTests","ServicesUnitTests.ValidatorTests.PlayerProfileValidatorTests.CheckAccountCreation(comp: AccountCreationData { Account = CompetitiveBackend.Core.Objects.Account, Password = 123a5678 }, expected: True)","ServicesUnitTests.ValidatorTests.PlayerProfileValidatorTests.CheckAccountCreation(AccountCreationData comp, Boolean expected)",""
"passed","Sun Sep 21 12:29:29 GMT 2025","Sun Sep 21 12:29:32 GMT 2025","2721","","","","RepositoriesTests.RepositoriesTests.PlayerParticipationRepositoryTests","RepositoriesTests.RepositoriesTests.PlayerParticipationRepositoryTests.GetPlayerParticipations(dt: DataLimiter { PartitionIndex = 1, Partition = 2, HasNoLimit = False, FirstIndex = 2, LastIndex = 4 }, bindPlayer: True, bindCompetition: False)","RepositoriesTests.RepositoriesTests.PlayerParticipationRepositoryTests.GetPlayerParticipations(DataLimiter dt, Boolean bindPlayer, Boolean bindCompetition)",""
"passed","Sun Sep 21 12:27:23 GMT 2025","Sun Sep 21 12:27:23 GMT 2025","0","","","","ServicesUnitTests.ValidatorTests.PasswordConstraintTests","ServicesUnitTests.ValidatorTests.PasswordConstraintTests.LettersPasswordTest(password: ""___A___"", isValid: True)","ServicesUnitTests.ValidatorTests.PasswordConstraintTests.LettersPasswordTest(String password, Boolean isValid)",""
"passed","Sun Sep 21 12:27:23 GMT 2025","Sun Sep 21 12:27:23 GMT 2025","25","","","","ServicesUnitTests.ServiceTests.CompetitionRewardSchedulerTests","ServicesUnitTests.ServiceTests.CompetitionRewardSchedulerTests.CompetitionRewardSchedulerTests_OnCompetitionUpdated","ServicesUnitTests.ServiceTests.CompetitionRewardSchedulerTests.CompetitionRewardSchedulerTests_OnCompetitionUpdated",""
"passed","Sun Sep 21 12:27:23 GMT 2025","Sun Sep 21 12:27:23 GMT 2025","6","","","","ServicesUnitTests.ServiceTests.CompetitionServiceTests","ServicesUnitTests.ServiceTests.CompetitionServiceTests.CompetitionServiceTests_CreateCompetition_Bad2","ServicesUnitTests.ServiceTests.CompetitionServiceTests.CompetitionServiceTests_CreateCompetition_Bad2",""
"passed","Sun Sep 21 12:29:16 GMT 2025","Sun Sep 21 12:29:19 GMT 2025","3163","","","","RepositoriesTests.RepositoriesTests.PlayerParticipationRepositoryTests","RepositoriesTests.RepositoriesTests.PlayerParticipationRepositoryTests.GetPlayerParticipations(dt: DataLimiter { PartitionIndex = 0, Partition = 0, HasNoLimit = True, FirstIndex = 0, LastIndex = 0 }, bindPlayer: False, bindCompetition: False)","RepositoriesTests.RepositoriesTests.PlayerParticipationRepositoryTests.GetPlayerParticipations(DataLimiter dt, Boolean bindPlayer, Boolean bindCompetition)",""
"passed","Sun Sep 21 12:27:23 GMT 2025","Sun Sep 21 12:27:23 GMT 2025","7","","","","ServicesUnitTests.ServiceTests.PlayerParticipationServiceTests","ServicesUnitTests.ServiceTests.PlayerParticipationServiceTests.PlayerParticipationServiceTests_SubmitParticipation_TOO_EARLY","ServicesUnitTests.ServiceTests.PlayerParticipationServiceTests.PlayerParticipationServiceTests_SubmitParticipation_TOO_EARLY",""
"passed","Sun Sep 21 12:27:23 GMT 2025","Sun Sep 21 12:27:23 GMT 2025","2","","","","ServicesUnitTests.ServiceTests.CompetitionLevelServiceTests","ServicesUnitTests.ServiceTests.CompetitionLevelServiceTests.UpdateCompetitionLevelData_CallsRepositoryWithParameters","ServicesUnitTests.ServiceTests.CompetitionLevelServiceTests.UpdateCompetitionLevelData_CallsRepositoryWithParameters",""
"passed","Sun Sep 21 12:29:18 GMT 2025","Sun Sep 21 12:29:21 GMT 2025","2985","","","","RepositoriesTests.RepositoriesTests.GranterTests.BasicRewardGranterTests","RepositoriesTests.RepositoriesTests.GranterTests.BasicRewardGranterTests.GrantRewardsTwoParticipantsWithSameScore","RepositoriesTests.RepositoriesTests.GranterTests.BasicRewardGranterTests.GrantRewardsTwoParticipantsWithSameScore",""
"passed","Sun Sep 21 12:27:23 GMT 2025","Sun Sep 21 12:27:23 GMT 2025","9","","","","ServicesUnitTests.ValidatorTests.PlayerProfileValidatorTests","ServicesUnitTests.ValidatorTests.PlayerProfileValidatorTests.CheckAccountCreation(comp: AccountCreationData { Account = CompetitiveBackend.Core.Objects.Account, Password = 1234 }, expected: False)","ServicesUnitTests.ValidatorTests.PlayerProfileValidatorTests.CheckAccountCreation(AccountCreationData comp, Boolean expected)",""
"passed","Sun Sep 21 12:27:23 GMT 2025","Sun Sep 21 12:27:23 GMT 2025","5","","","","ServicesUnitTests.ServiceTests.RewardDescriptionServiceTests","ServicesUnitTests.ServiceTests.RewardDescriptionServiceTests.RewardDescriptionServiceTests_UpdateRewardDescription_Ok","ServicesUnitTests.ServiceTests.RewardDescriptionServiceTests.RewardDescriptionServiceTests_UpdateRewardDescription_Ok",""
"passed","Sun Sep 21 12:28:50 GMT 2025","Sun Sep 21 12:28:53 GMT 2025","3534","","","","RepositoriesTests.RepositoriesTests.GranterTests.BasicRewardGranterTests","RepositoriesTests.RepositoriesTests.GranterTests.BasicRewardGranterTests.GrantRewardsByRank(minRank: 0.25, maxRank: 0.75)","RepositoriesTests.RepositoriesTests.GranterTests.BasicRewardGranterTests.GrantRewardsByRank(Single minRank, Single maxRank)",""
"passed","Sun Sep 21 12:27:23 GMT 2025","Sun Sep 21 12:27:23 GMT 2025","5","","","","ServicesUnitTests.ServiceTests.CompetitionServiceTests","ServicesUnitTests.ServiceTests.CompetitionServiceTests.CompetitionServiceTest_UpdateCompetition_Bad2","ServicesUnitTests.ServiceTests.CompetitionServiceTests.CompetitionServiceTest_UpdateCompetition_Bad2",""
"passed","Sun Sep 21 12:29:35 GMT 2025","Sun Sep 21 12:29:37 GMT 2025","2733","","","","RepositoriesTests.RepositoriesTests.PlayerProfileRepositoryUnitTests","RepositoriesTests.RepositoriesTests.PlayerProfileRepositoryUnitTests.UpdatePlayerProfileImage_Failure","RepositoriesTests.RepositoriesTests.PlayerProfileRepositoryUnitTests.UpdatePlayerProfileImage_Failure",""
"passed","Sun Sep 21 12:28:36 GMT 2025","Sun Sep 21 12:28:39 GMT 2025","3584","","","","RepositoriesTests.RepositoriesTests.AccountRepositoryUnitTests","RepositoriesTests.RepositoriesTests.AccountRepositoryUnitTests.GetAccount_Success_Login","RepositoriesTests.RepositoriesTests.AccountRepositoryUnitTests.GetAccount_Success_Login",""
"passed","Sun Sep 21 12:27:23 GMT 2025","Sun Sep 21 12:27:23 GMT 2025","1","","","","ServicesUnitTests.ValidatorTests.PlayerProfileValidatorTests","ServicesUnitTests.ValidatorTests.PlayerProfileValidatorTests.CheckAccountCreation(comp: AccountCreationData { Account = CompetitiveBackend.Core.Objects.Account, Password = 12345678a }, expected: False)","ServicesUnitTests.ValidatorTests.PlayerProfileValidatorTests.CheckAccountCreation(AccountCreationData comp, Boolean expected)",""
"passed","Sun Sep 21 12:30:05 GMT 2025","Sun Sep 21 12:30:06 GMT 2025","1441","","","","RepositoriesTests.RepositoriesTests.CompetitionRepositoryUnitTests","RepositoriesTests.RepositoriesTests.CompetitionRepositoryUnitTests.GetAllCompetitions_Empty(dt: DataLimiter { PartitionIndex = 0, Partition = 1, HasNoLimit = False, FirstIndex = 0, LastIndex = 1 })","RepositoriesTests.RepositoriesTests.CompetitionRepositoryUnitTests.GetAllCompetitions_Empty(DataLimiter dt)",""
"passed","Sun Sep 21 12:27:23 GMT 2025","Sun Sep 21 12:27:23 GMT 2025","1","","","","ServicesUnitTests.ServiceTests.CompetitionLevelServiceTests","ServicesUnitTests.ServiceTests.CompetitionLevelServiceTests.GetCompetitionLevelInfo_CallsRepositoryWithData","ServicesUnitTests.ServiceTests.CompetitionLevelServiceTests.GetCompetitionLevelInfo_CallsRepositoryWithData",""
"passed","Sun Sep 21 12:27:23 GMT 2025","Sun Sep 21 12:27:23 GMT 2025","4","","","","ServicesUnitTests.ValidatorTests.PlayerProfileValidatorTests","ServicesUnitTests.ValidatorTests.PlayerProfileValidatorTests.CheckAccountCreation(comp: AccountCreationData { Account = CompetitiveBackend.Core.Objects.Account, Password =  }, expected: False)","ServicesUnitTests.ValidatorTests.PlayerProfileValidatorTests.CheckAccountCreation(AccountCreationData comp, Boolean expected)",""
"passed","Sun Sep 21 12:27:23 GMT 2025","Sun Sep 21 12:27:23 GMT 2025","0","","","","ServicesUnitTests.ValidatorTests.PlayerProfileValidatorTests","ServicesUnitTests.ValidatorTests.PlayerProfileValidatorTests.CheckPlayerProfile(comp: PlayerProfile { Description = ""*****************"", Id = 0, Name = ""****************"" }, expected: False)","ServicesUnitTests.ValidatorTests.PlayerProfileValidatorTests.CheckPlayerProfile(PlayerProfile comp, Boolean expected)",""
"passed","Sun Sep 21 12:29:07 GMT 2025","Sun Sep 21 12:29:10 GMT 2025","3285","","","","RepositoriesTests.RepositoriesTests.PlayerParticipationRepositoryTests","RepositoriesTests.RepositoriesTests.PlayerParticipationRepositoryTests.GetLeaderboard(dt: DataLimiter { PartitionIndex = 1, Partition = 2, HasNoLimit = False, FirstIndex = 2, LastIndex = 4 }, bindPlayer: True, bindCompetition: False)","RepositoriesTests.RepositoriesTests.PlayerParticipationRepositoryTests.GetLeaderboard(DataLimiter dt, Boolean bindPlayer, Boolean bindCompetition)",""
"passed","Sun Sep 21 12:28:21 GMT 2025","Sun Sep 21 12:28:26 GMT 2025","4132","","","","RepositoriesTests.RepositoriesTests.PlayerParticipationRepositoryTests","RepositoriesTests.RepositoriesTests.PlayerParticipationRepositoryTests.GetParticipation_Missing","RepositoriesTests.RepositoriesTests.PlayerParticipationRepositoryTests.GetParticipation_Missing",""
"passed","Sun Sep 21 12:29:32 GMT 2025","Sun Sep 21 12:29:35 GMT 2025","2682","","","","RepositoriesTests.RepositoriesTests.PlayerParticipationRepositoryTests","RepositoriesTests.RepositoriesTests.PlayerParticipationRepositoryTests.GetPlayerParticipations(dt: DataLimiter { PartitionIndex = 1, Partition = 2, HasNoLimit = False, FirstIndex = 2, LastIndex = 4 }, bindPlayer: False, bindCompetition: True)","RepositoriesTests.RepositoriesTests.PlayerParticipationRepositoryTests.GetPlayerParticipations(DataLimiter dt, Boolean bindPlayer, Boolean bindCompetition)",""
"passed","Sun Sep 21 12:27:23 GMT 2025","Sun Sep 21 12:27:23 GMT 2025","0","","","","ServicesUnitTests.ValidatorTests.PlayerProfileValidatorTests","ServicesUnitTests.ValidatorTests.PlayerProfileValidatorTests.CheckAccountCreation(comp: AccountCreationData { Account = CompetitiveBackend.Core.Objects.Account, Password = 123a5678 }, expected: False)","ServicesUnitTests.ValidatorTests.PlayerProfileValidatorTests.CheckAccountCreation(AccountCreationData comp, Boolean expected)",""
"passed","Sun Sep 21 12:27:23 GMT 2025","Sun Sep 21 12:27:23 GMT 2025","1","","","","ServicesUnitTests.ServiceTests.CompetitionLevelServiceTests","ServicesUnitTests.ServiceTests.CompetitionLevelServiceTests.GetCompetitionLevelData_CallsRepositoryWithData","ServicesUnitTests.ServiceTests.CompetitionLevelServiceTests.GetCompetitionLevelData_CallsRepositoryWithData",""
"passed","Sun Sep 21 12:27:23 GMT 2025","Sun Sep 21 12:27:23 GMT 2025","0","","","","ServicesUnitTests.ValidatorTests.PlayerProfileValidatorTests","ServicesUnitTests.ValidatorTests.PlayerProfileValidatorTests.CheckAccountCreation(comp: AccountCreationData { Account = CompetitiveBackend.Core.Objects.Account, Password = 1234 }, expected: False)","ServicesUnitTests.ValidatorTests.PlayerProfileValidatorTests.CheckAccountCreation(AccountCreationData comp, Boolean expected)",""
"passed","Sun Sep 21 12:29:21 GMT 2025","Sun Sep 21 12:29:24 GMT 2025","2743","","","","RepositoriesTests.RepositoriesTests.CompetitionLevelRepositoryTests","RepositoriesTests.RepositoriesTests.CompetitionLevelRepositoryTests.UpdateCompetitionLevelInfo(idx: 1)","RepositoriesTests.RepositoriesTests.CompetitionLevelRepositoryTests.UpdateCompetitionLevelInfo(Int32 idx)",""
"passed","Sun Sep 21 12:27:23 GMT 2025","Sun Sep 21 12:27:23 GMT 2025","12","","","","ServicesUnitTests.ServiceTests.PlayerProfileServiceTests","ServicesUnitTests.ServiceTests.PlayerProfileServiceTests.PlayerProfileService_UpdatePlayerProfile_Failure","ServicesUnitTests.ServiceTests.PlayerProfileServiceTests.PlayerProfileService_UpdatePlayerProfile_Failure",""
"passed","Sun Sep 21 12:27:23 GMT 2025","Sun Sep 21 12:27:23 GMT 2025","3","","","","ServicesUnitTests.ServiceTests.CompetitionLevelServiceTests","ServicesUnitTests.ServiceTests.CompetitionLevelServiceTests.CreateLevelData_CallsRepositoryWithCorrectParameters","ServicesUnitTests.ServiceTests.CompetitionLevelServiceTests.CreateLevelData_CallsRepositoryWithCorrectParameters",""
"passed","Sun Sep 21 12:27:23 GMT 2025","Sun Sep 21 12:27:23 GMT 2025","1","","","","ServicesUnitTests.ValidatorTests.PlayerProfileValidatorTests","ServicesUnitTests.ValidatorTests.PlayerProfileValidatorTests.CheckAccountCreation(comp: AccountCreationData { Account = CompetitiveBackend.Core.Objects.Account, Password = 12345678 }, expected: False)","ServicesUnitTests.ValidatorTests.PlayerProfileValidatorTests.CheckAccountCreation(AccountCreationData comp, Boolean expected)",""
"passed","Sun Sep 21 12:27:23 GMT 2025","Sun Sep 21 12:27:23 GMT 2025","0","","","","ServicesUnitTests.ValidatorTests.PlayerProfileValidatorTests","ServicesUnitTests.ValidatorTests.PlayerProfileValidatorTests.CheckAccountCreation(comp: AccountCreationData { Account = CompetitiveBackend.Core.Objects.Account, Password = 12345678a }, expected: False)","ServicesUnitTests.ValidatorTests.PlayerProfileValidatorTests.CheckAccountCreation(AccountCreationData comp, Boolean expected)",""
"passed","Sun Sep 21 12:27:23 GMT 2025","Sun Sep 21 12:27:23 GMT 2025","4","","","","ServicesUnitTests.ServiceTests.CompetitionRewardServiceTests","ServicesUnitTests.ServiceTests.CompetitionRewardServiceTests.CompetitionRewardServiceTests_RemoveCompetitionReward(etalon: 5)","ServicesUnitTests.ServiceTests.CompetitionRewardServiceTests.CompetitionRewardServiceTests_RemoveCompetitionReward(Int32 etalon)",""
"passed","Sun Sep 21 12:29:57 GMT 2025","Sun Sep 21 12:29:58 GMT 2025","1581","","","","RepositoriesTests.RepositoriesTests.PlayerRewardRepositoryBasicTests","RepositoriesTests.RepositoriesTests.PlayerRewardRepositoryBasicTests.GetPlayerRewards_Success(dt: DataLimiter { PartitionIndex = 0, Partition = 3, HasNoLimit = False, FirstIndex = 0, LastIndex = 3 })","RepositoriesTests.RepositoriesTests.PlayerRewardRepositoryBasicTests.GetPlayerRewards_Success(DataLimiter dt)",""
"passed","Sun Sep 21 12:27:23 GMT 2025","Sun Sep 21 12:27:23 GMT 2025","3","","","","ServicesUnitTests.ServiceTests.CompetitionRewardSchedulerTests","ServicesUnitTests.ServiceTests.CompetitionRewardSchedulerTests.CompetitionRewardSchedulerTests_OnCompetitionCreated","ServicesUnitTests.ServiceTests.CompetitionRewardSchedulerTests.CompetitionRewardSchedulerTests_OnCompetitionCreated",""
"passed","Sun Sep 21 12:30:07 GMT 2025","Sun Sep 21 12:30:09 GMT 2025","1526","","","","RepositoriesTests.RepositoriesTests.PlayerRewardRepositoryBasicTests","RepositoriesTests.RepositoriesTests.PlayerRewardRepositoryBasicTests.DeleteReward_Success","RepositoriesTests.RepositoriesTests.PlayerRewardRepositoryBasicTests.DeleteReward_Success",""
"passed","Sun Sep 21 12:29:49 GMT 2025","Sun Sep 21 12:29:51 GMT 2025","1561","","","","RepositoriesTests.RepositoriesTests.PlayerProfileRepositoryUnitTests","RepositoriesTests.RepositoriesTests.PlayerProfileRepositoryUnitTests.GetPlayerProfileImage_Failure","RepositoriesTests.RepositoriesTests.PlayerProfileRepositoryUnitTests.GetPlayerProfileImage_Failure",""
"passed","Sun Sep 21 12:27:23 GMT 2025","Sun Sep 21 12:27:23 GMT 2025","3","","","","ServicesUnitTests.ValidatorTests.PlayerProfileValidatorTests","ServicesUnitTests.ValidatorTests.PlayerProfileValidatorTests.CheckPlayerProfile(comp: PlayerProfile { Description = ""*"", Id = 0, Name = ""**********"" }, expected: True)","ServicesUnitTests.ValidatorTests.PlayerProfileValidatorTests.CheckPlayerProfile(PlayerProfile comp, Boolean expected)",""
"passed","Sun Sep 21 12:29:35 GMT 2025","Sun Sep 21 12:29:38 GMT 2025","2758","","","","RepositoriesTests.RepositoriesTests.CompetitionLevelRepositoryTests","RepositoriesTests.RepositoriesTests.CompetitionLevelRepositoryTests.DeleteCompetitionLevelData(idx: 3)","RepositoriesTests.RepositoriesTests.CompetitionLevelRepositoryTests.DeleteCompetitionLevelData(Int32 idx)",""
"passed","Sun Sep 21 12:29:45 GMT 2025","Sun Sep 21 12:29:46 GMT 2025","1532","","","","RepositoriesTests.RepositoriesTests.PlayerProfileRepositoryUnitTests","RepositoriesTests.RepositoriesTests.PlayerProfileRepositoryUnitTests.GetPlayerProfile_Success","RepositoriesTests.RepositoriesTests.PlayerProfileRepositoryUnitTests.GetPlayerProfile_Success",""
"passed","Sun Sep 21 12:30:24 GMT 2025","Sun Sep 21 12:30:25 GMT 2025","1478","","","","RepositoriesTests.RepositoriesTests.CompetitionRepositoryUnitTests","RepositoriesTests.RepositoriesTests.CompetitionRepositoryUnitTests.GetAllCompetitions_Basic(dt: DataLimiter { PartitionIndex = 1, Partition = 1, HasNoLimit = False, FirstIndex = 1, LastIndex = 2 })","RepositoriesTests.RepositoriesTests.CompetitionRepositoryUnitTests.GetAllCompetitions_Basic(DataLimiter dt)",""
"passed","Sun Sep 21 12:28:30 GMT 2025","Sun Sep 21 12:28:34 GMT 2025","4091","","","","RepositoriesTests.RepositoriesTests.PlayerParticipationRepositoryTests","RepositoriesTests.RepositoriesTests.PlayerParticipationRepositoryTests.GetParticipation(bindPlayer: False, bindCompetition: True)","RepositoriesTests.RepositoriesTests.PlayerParticipationRepositoryTests.GetParticipation(Boolean bindPlayer, Boolean bindCompetition)",""
"passed","Sun Sep 21 12:27:23 GMT 2025","Sun Sep 21 12:27:23 GMT 2025","7","","","","ServicesUnitTests.ServiceTests.PlayerParticipationServiceTests","ServicesUnitTests.ServiceTests.PlayerParticipationServiceTests.PlayerParticipationServiceTests_GetLeaderboard","ServicesUnitTests.ServiceTests.PlayerParticipationServiceTests.PlayerParticipationServiceTests_GetLeaderboard",""
"passed","Sun Sep 21 12:27:23 GMT 2025","Sun Sep 21 12:27:23 GMT 2025","10","","","","ServicesUnitTests.ServiceTests.AuthServiceTests","ServicesUnitTests.ServiceTests.AuthServiceTests.AuthService_LogIn_Success","ServicesUnitTests.ServiceTests.AuthServiceTests.AuthService_LogIn_Success",""
"passed","Sun Sep 21 12:27:23 GMT 2025","Sun Sep 21 12:27:23 GMT 2025","96","","","","ServicesUnitTests.ServiceTests.PlayerProfileServiceTests","ServicesUnitTests.ServiceTests.PlayerProfileServiceTests.PlayerProfileService_UpdatePlayerProfile","ServicesUnitTests.ServiceTests.PlayerProfileServiceTests.PlayerProfileService_UpdatePlayerProfile",""
