"Status","Start Time","Stop Time","Duration in ms","Parent Suite","Suite","Sub Suite","Test Class","Test Method","Name","Description"
"passed","Fri Sep 26 18:56:53 GMT 2025","Fri Sep 26 18:56:57 GMT 2025","3401","","","","RepositoriesTests.RepositoriesTests.CompetitionLevelRepositoryTests","RepositoriesTests.RepositoriesTests.CompetitionLevelRepositoryTests.GetLevelDataTests(platform: ""Android"", maxVersion: 5, data: [1, 2, 3])","RepositoriesTests.RepositoriesTests.CompetitionLevelRepositoryTests.GetLevelDataTests(String platform, Nullable<Int32> maxVersion, Byte[] data)",""
"passed","Fri Sep 26 18:55:18 GMT 2025","Fri Sep 26 18:55:18 GMT 2025","14","","","","ServicesUnitTests.ServiceTests.CompetitionLevelServiceTests","ServicesUnitTests.ServiceTests.CompetitionLevelServiceTests.GetCompetitionLevel_CallsRepositoryWithParameters","ServicesUnitTests.ServiceTests.CompetitionLevelServiceTests.GetCompetitionLevel_CallsRepositoryWithParameters",""
"passed","Fri Sep 26 18:57:46 GMT 2025","Fri Sep 26 18:57:49 GMT 2025","2770","","","","RepositoriesTests.RepositoriesTests.CompetitionLevelRepositoryTests","RepositoriesTests.RepositoriesTests.CompetitionLevelRepositoryTests.AddCompetitionLevel","RepositoriesTests.RepositoriesTests.CompetitionLevelRepositoryTests.AddCompetitionLevel",""
"passed","Fri Sep 26 18:55:18 GMT 2025","Fri Sep 26 18:55:18 GMT 2025","4","","","","ServicesUnitTests.ServiceTests.PlayerParticipationServiceTests","ServicesUnitTests.ServiceTests.PlayerParticipationServiceTests.PlayerParticipationServiceTests_SubmitParticipation_TOO_LATE","ServicesUnitTests.ServiceTests.PlayerParticipationServiceTests.PlayerParticipationServiceTests_SubmitParticipation_TOO_LATE",""
"passed","Fri Sep 26 18:55:18 GMT 2025","Fri Sep 26 18:55:18 GMT 2025","5","","","","ServicesUnitTests.ServiceTests.RewardDescriptionServiceTests","ServicesUnitTests.ServiceTests.RewardDescriptionServiceTests.RewardDescriptionServiceTests_UpdateRewardDescription_Ok","ServicesUnitTests.ServiceTests.RewardDescriptionServiceTests.RewardDescriptionServiceTests_UpdateRewardDescription_Ok",""
"passed","Fri Sep 26 18:55:18 GMT 2025","Fri Sep 26 18:55:18 GMT 2025","6","","","","ServicesUnitTests.ValidatorTests.PlayerProfileValidatorTests","ServicesUnitTests.ValidatorTests.PlayerProfileValidatorTests.CheckAccount(comp: Account { Email = null, Id = null, Login = null }, expected: False)","ServicesUnitTests.ValidatorTests.PlayerProfileValidatorTests.CheckAccount(Account comp, Boolean expected)",""
"passed","Fri Sep 26 19:00:39 GMT 2025","Fri Sep 26 19:00:39 GMT 2025","27","","","","IntegrationalTests.AuthIntegrationTests","IntegrationalTests.AuthIntegrationTests.CreateAccount_BadPassword(password: ""abcd"")","IntegrationalTests.AuthIntegrationTests.CreateAccount_BadPassword(String password)",""
"passed","Fri Sep 26 18:57:14 GMT 2025","Fri Sep 26 18:57:17 GMT 2025","3091","","","","RepositoriesTests.RepositoriesTests.PlayerParticipationRepositoryTests","RepositoriesTests.RepositoriesTests.PlayerParticipationRepositoryTests.GetLeaderboard(dt: DataLimiter { PartitionIndex = 1, Partition = 2, HasNoLimit = False, FirstIndex = 2, LastIndex = 4 }, bindPlayer: True, bindCompetition: False)","RepositoriesTests.RepositoriesTests.PlayerParticipationRepositoryTests.GetLeaderboard(DataLimiter dt, Boolean bindPlayer, Boolean bindCompetition)",""
"passed","Fri Sep 26 18:55:18 GMT 2025","Fri Sep 26 18:55:18 GMT 2025","3","","","","ServicesUnitTests.ServiceTests.CompetitionServiceTests","ServicesUnitTests.ServiceTests.CompetitionServiceTests.CompetitionServiceTests_CreateCompetition_Bad1","ServicesUnitTests.ServiceTests.CompetitionServiceTests.CompetitionServiceTests_CreateCompetition_Bad1",""
"passed","Fri Sep 26 18:56:02 GMT 2025","Fri Sep 26 18:56:23 GMT 2025","21545","","","","RepositoriesTests.RepositoriesTests.SessionRepositoryUnitTests","RepositoriesTests.RepositoriesTests.SessionRepositoryUnitTests.CreateSessionTokenFor_Failure","RepositoriesTests.RepositoriesTests.SessionRepositoryUnitTests.CreateSessionTokenFor_Failure",""
"passed","Fri Sep 26 18:57:12 GMT 2025","Fri Sep 26 18:57:15 GMT 2025","3191","","","","RepositoriesTests.RepositoriesTests.GranterTests.BasicRewardGranterTests","RepositoriesTests.RepositoriesTests.GranterTests.BasicRewardGranterTests.GetMultipleRewardData(conditions: [PlaceGrantCondition { maxPlace = 1, minPlace = 1, Type = ""place"" }, RankGrantCondition { maxRank = 1, minRank = 0.5, Type = ""rank"" }])","RepositoriesTests.RepositoriesTests.GranterTests.BasicRewardGranterTests.GetMultipleRewardData(GrantCondition[] conditions)",""
"passed","Fri Sep 26 18:58:28 GMT 2025","Fri Sep 26 18:58:30 GMT 2025","1504","","","","RepositoriesTests.RepositoriesTests.CompetitionRepositoryUnitTests","RepositoriesTests.RepositoriesTests.CompetitionRepositoryUnitTests.GetAllCompetitions_Basic(dt: DataLimiter { PartitionIndex = 0, Partition = 3, HasNoLimit = False, FirstIndex = 0, LastIndex = 3 })","RepositoriesTests.RepositoriesTests.CompetitionRepositoryUnitTests.GetAllCompetitions_Basic(DataLimiter dt)",""
"passed","Fri Sep 26 19:00:39 GMT 2025","Fri Sep 26 19:00:39 GMT 2025","155","","","","IntegrationalTests.AuthIntegrationTests","IntegrationalTests.AuthIntegrationTests.CreateAccount_BadNickname(name: ""****"")","IntegrationalTests.AuthIntegrationTests.CreateAccount_BadNickname(String name)",""
"passed","Fri Sep 26 18:55:18 GMT 2025","Fri Sep 26 18:55:18 GMT 2025","0","","","","ServicesUnitTests.ValidatorTests.PlayerProfileValidatorTests","ServicesUnitTests.ValidatorTests.PlayerProfileValidatorTests.CheckAccountCreation(comp: AccountCreationData { Account = CompetitiveBackend.Core.Objects.Account, Password = 123a5678 }, expected: False)","ServicesUnitTests.ValidatorTests.PlayerProfileValidatorTests.CheckAccountCreation(AccountCreationData comp, Boolean expected)",""
"passed","Fri Sep 26 18:55:18 GMT 2025","Fri Sep 26 18:55:18 GMT 2025","1","","","","ServicesUnitTests.ValidatorTests.PlayerProfileValidatorTests","ServicesUnitTests.ValidatorTests.PlayerProfileValidatorTests.CheckAccountCreation(comp: AccountCreationData { Account = CompetitiveBackend.Core.Objects.Account, Password = 12345678a }, expected: False)","ServicesUnitTests.ValidatorTests.PlayerProfileValidatorTests.CheckAccountCreation(AccountCreationData comp, Boolean expected)",""
"passed","Fri Sep 26 18:58:27 GMT 2025","Fri Sep 26 18:58:28 GMT 2025","1471","","","","RepositoriesTests.RepositoriesTests.CompetitionRepositoryUnitTests","RepositoriesTests.RepositoriesTests.CompetitionRepositoryUnitTests.GetCompetition_Failure","RepositoriesTests.RepositoriesTests.CompetitionRepositoryUnitTests.GetCompetition_Failure",""
"passed","Fri Sep 26 18:55:18 GMT 2025","Fri Sep 26 18:55:18 GMT 2025","0","","","","ServicesUnitTests.ValidatorTests.PlayerProfileValidatorTests","ServicesUnitTests.ValidatorTests.PlayerProfileValidatorTests.CheckAccountCreation(comp: AccountCreationData { Account = CompetitiveBackend.Core.Objects.Account, Password = 123456a }, expected: False)","ServicesUnitTests.ValidatorTests.PlayerProfileValidatorTests.CheckAccountCreation(AccountCreationData comp, Boolean expected)",""
"passed","Fri Sep 26 18:55:18 GMT 2025","Fri Sep 26 18:55:18 GMT 2025","0","","","","ServicesUnitTests.ValidatorTests.PlayerProfileValidatorTests","ServicesUnitTests.ValidatorTests.PlayerProfileValidatorTests.CheckAccountCreation(comp: AccountCreationData { Account = CompetitiveBackend.Core.Objects.Account, Password =  }, expected: False)","ServicesUnitTests.ValidatorTests.PlayerProfileValidatorTests.CheckAccountCreation(AccountCreationData comp, Boolean expected)",""
"passed","Fri Sep 26 18:58:21 GMT 2025","Fri Sep 26 18:58:22 GMT 2025","1601","","","","RepositoriesTests.RepositoriesTests.CompetitionRepositoryUnitTests","RepositoriesTests.RepositoriesTests.CompetitionRepositoryUnitTests.UpdateCompetition_Success","RepositoriesTests.RepositoriesTests.CompetitionRepositoryUnitTests.UpdateCompetition_Success",""
"passed","Fri Sep 26 18:57:44 GMT 2025","Fri Sep 26 18:57:46 GMT 2025","2758","","","","RepositoriesTests.RepositoriesTests.CompetitionLevelRepositoryTests","RepositoriesTests.RepositoriesTests.CompetitionLevelRepositoryTests.GetSpecificLevelData(idx: 3)","RepositoriesTests.RepositoriesTests.CompetitionLevelRepositoryTests.GetSpecificLevelData(Int32 idx)",""
"passed","Fri Sep 26 18:57:36 GMT 2025","Fri Sep 26 18:57:39 GMT 2025","2981","","","","RepositoriesTests.RepositoriesTests.PlayerProfileRepositoryUnitTests","RepositoriesTests.RepositoriesTests.PlayerProfileRepositoryUnitTests.UpdatePlayerProfileImage_Success","RepositoriesTests.RepositoriesTests.PlayerProfileRepositoryUnitTests.UpdatePlayerProfileImage_Success",""
"passed","Fri Sep 26 18:56:51 GMT 2025","Fri Sep 26 18:56:55 GMT 2025","3873","","","","RepositoriesTests.RepositoriesTests.CompetitionRewardRepositoryTests","RepositoriesTests.RepositoriesTests.CompetitionRewardRepositoryTests.AddCompetitionReward_DifferentRanks(cond: RankGrantCondition { maxRank = 1, minRank = 0.5, Type = ""rank"" }, idx: 1)","RepositoriesTests.RepositoriesTests.CompetitionRewardRepositoryTests.AddCompetitionReward_DifferentRanks(GrantCondition cond, Int32 idx)",""
"passed","Fri Sep 26 18:55:18 GMT 2025","Fri Sep 26 18:55:18 GMT 2025","9","","","","ServicesUnitTests.ServiceTests.CompetitionLevelServiceTests","ServicesUnitTests.ServiceTests.CompetitionLevelServiceTests.GetCompetitionLevelData_CallsRepositoryWithData","ServicesUnitTests.ServiceTests.CompetitionLevelServiceTests.GetCompetitionLevelData_CallsRepositoryWithData",""
"passed","Fri Sep 26 18:55:18 GMT 2025","Fri Sep 26 18:55:18 GMT 2025","5","","","","ServicesUnitTests.ServiceTests.CompetitionServiceTests","ServicesUnitTests.ServiceTests.CompetitionServiceTests.CompetitionServiceTest_GetAllCompetitions","ServicesUnitTests.ServiceTests.CompetitionServiceTests.CompetitionServiceTest_GetAllCompetitions",""
"passed","Fri Sep 26 18:57:39 GMT 2025","Fri Sep 26 18:57:41 GMT 2025","1740","","","","RepositoriesTests.RepositoriesTests.PlayerProfileRepositoryUnitTests","RepositoriesTests.RepositoriesTests.PlayerProfileRepositoryUnitTests.UpdatePlayerProfileImage_Failure","RepositoriesTests.RepositoriesTests.PlayerProfileRepositoryUnitTests.UpdatePlayerProfileImage_Failure",""
"passed","Fri Sep 26 18:57:29 GMT 2025","Fri Sep 26 18:57:32 GMT 2025","2797","","","","RepositoriesTests.RepositoriesTests.CompetitionRewardRepositoryTests","RepositoriesTests.RepositoriesTests.CompetitionRewardRepositoryTests.DeleteCompetitionReward_Failure","RepositoriesTests.RepositoriesTests.CompetitionRewardRepositoryTests.DeleteCompetitionReward_Failure",""
"passed","Fri Sep 26 18:55:18 GMT 2025","Fri Sep 26 18:55:18 GMT 2025","0","","","","ServicesUnitTests.ValidatorTests.PlayerProfileValidatorTests","ServicesUnitTests.ValidatorTests.PlayerProfileValidatorTests.CheckAccountCreation(comp: AccountCreationData { Account = CompetitiveBackend.Core.Objects.Account, Password = 12345678a }, expected: True)","ServicesUnitTests.ValidatorTests.PlayerProfileValidatorTests.CheckAccountCreation(AccountCreationData comp, Boolean expected)",""
"passed","Fri Sep 26 18:55:18 GMT 2025","Fri Sep 26 18:55:18 GMT 2025","8","","","","ServicesUnitTests.ServiceTests.CompetitionRewardSchedulerTests","ServicesUnitTests.ServiceTests.CompetitionRewardSchedulerTests.CompetitionRewardSchedulerTests_OnCompetitionCreated","ServicesUnitTests.ServiceTests.CompetitionRewardSchedulerTests.CompetitionRewardSchedulerTests_OnCompetitionCreated",""
"passed","Fri Sep 26 18:55:18 GMT 2025","Fri Sep 26 18:55:18 GMT 2025","0","","","","ServicesUnitTests.ValidatorTests.CompetitionValidatorTests","ServicesUnitTests.ValidatorTests.CompetitionValidatorTests.CheckOK(comp: Competition { Description = ""**********"", EndDate = 2025-01-01T01:10:01.0000000, Id = null, Name = ""Abo"", StartDate = 2025-01-01T01:01:01.0000000 }, expected: False)","ServicesUnitTests.ValidatorTests.CompetitionValidatorTests.CheckOK(Competition comp, Boolean expected)",""
"passed","Fri Sep 26 18:57:58 GMT 2025","Fri Sep 26 18:57:59 GMT 2025","1513","","","","RepositoriesTests.RepositoriesTests.PlayerRewardRepositoryBasicTests","RepositoriesTests.RepositoriesTests.PlayerRewardRepositoryBasicTests.AddReward_Success","RepositoriesTests.RepositoriesTests.PlayerRewardRepositoryBasicTests.AddReward_Success",""
"passed","Fri Sep 26 18:56:39 GMT 2025","Fri Sep 26 18:56:43 GMT 2025","3553","","","","RepositoriesTests.RepositoriesTests.PlayerParticipationRepositoryTests","RepositoriesTests.RepositoriesTests.PlayerParticipationRepositoryTests.GetParticipation(bindPlayer: False, bindCompetition: False)","RepositoriesTests.RepositoriesTests.PlayerParticipationRepositoryTests.GetParticipation(Boolean bindPlayer, Boolean bindCompetition)",""
"passed","Fri Sep 26 18:55:18 GMT 2025","Fri Sep 26 18:55:18 GMT 2025","0","","","","ServicesUnitTests.ValidatorTests.PlayerProfileValidatorTests","ServicesUnitTests.ValidatorTests.PlayerProfileValidatorTests.CheckAccountCreation(comp: AccountCreationData { Account = CompetitiveBackend.Core.Objects.Account, Password = 1234 }, expected: False)","ServicesUnitTests.ValidatorTests.PlayerProfileValidatorTests.CheckAccountCreation(AccountCreationData comp, Boolean expected)",""
"passed","Fri Sep 26 18:56:55 GMT 2025","Fri Sep 26 18:56:58 GMT 2025","3476","","","","RepositoriesTests.RepositoriesTests.PlayerParticipationRepositoryTests","RepositoriesTests.RepositoriesTests.PlayerParticipationRepositoryTests.CreateParticipationTest","RepositoriesTests.RepositoriesTests.PlayerParticipationRepositoryTests.CreateParticipationTest",""
"passed","Fri Sep 26 18:55:18 GMT 2025","Fri Sep 26 18:55:18 GMT 2025","0","","","","ServicesUnitTests.ValidatorTests.PlayerProfileValidatorTests","ServicesUnitTests.ValidatorTests.PlayerProfileValidatorTests.CheckAccountCreation(comp: AccountCreationData { Account = CompetitiveBackend.Core.Objects.Account, Password = 1234 }, expected: False)","ServicesUnitTests.ValidatorTests.PlayerProfileValidatorTests.CheckAccountCreation(AccountCreationData comp, Boolean expected)",""
"passed","Fri Sep 26 18:55:18 GMT 2025","Fri Sep 26 18:55:18 GMT 2025","16","","","","ServicesUnitTests.ServiceTests.AuthServiceTests","ServicesUnitTests.ServiceTests.AuthServiceTests.AuthService_CreateAccount_Failure","ServicesUnitTests.ServiceTests.AuthServiceTests.AuthService_CreateAccount_Failure",""
"passed","Fri Sep 26 18:58:03 GMT 2025","Fri Sep 26 18:58:06 GMT 2025","2672","","","","RepositoriesTests.RepositoriesTests.CompetitionRepositoryUnitTests","RepositoriesTests.RepositoriesTests.CompetitionRepositoryUnitTests.CreateCompetition_UtcSuccess","RepositoriesTests.RepositoriesTests.CompetitionRepositoryUnitTests.CreateCompetition_UtcSuccess",""
"passed","Fri Sep 26 18:56:42 GMT 2025","Fri Sep 26 18:56:46 GMT 2025","3709","","","","RepositoriesTests.RepositoriesTests.CompetitionLevelRepositoryTests","RepositoriesTests.RepositoriesTests.CompetitionLevelRepositoryTests.GetSpecificLevelDataInfo(idx: 1)","RepositoriesTests.RepositoriesTests.CompetitionLevelRepositoryTests.GetSpecificLevelDataInfo(Int32 idx)",""
"passed","Fri Sep 26 18:57:32 GMT 2025","Fri Sep 26 18:57:34 GMT 2025","1682","","","","RepositoriesTests.RepositoriesTests.CompetitionLevelRepositoryTests","RepositoriesTests.RepositoriesTests.CompetitionLevelRepositoryTests.DeleteCompetitionLevelData(idx: 2)","RepositoriesTests.RepositoriesTests.CompetitionLevelRepositoryTests.DeleteCompetitionLevelData(Int32 idx)",""
"passed","Fri Sep 26 18:57:50 GMT 2025","Fri Sep 26 18:57:51 GMT 2025","1503","","","","RepositoriesTests.RepositoriesTests.PlayerProfileRepositoryUnitTests","RepositoriesTests.RepositoriesTests.PlayerProfileRepositoryUnitTests.GetPlayerProfile_Success","RepositoriesTests.RepositoriesTests.PlayerProfileRepositoryUnitTests.GetPlayerProfile_Success",""
"passed","Fri Sep 26 18:55:18 GMT 2025","Fri Sep 26 18:55:18 GMT 2025","0","","","","ServicesUnitTests.ValidatorTests.PlayerProfileValidatorTests","ServicesUnitTests.ValidatorTests.PlayerProfileValidatorTests.CheckAccountCreation(comp: AccountCreationData { Account = CompetitiveBackend.Core.Objects.Account, Password = 12345678 }, expected: False)","ServicesUnitTests.ValidatorTests.PlayerProfileValidatorTests.CheckAccountCreation(AccountCreationData comp, Boolean expected)",""
"passed","Fri Sep 26 18:55:18 GMT 2025","Fri Sep 26 18:55:18 GMT 2025","0","","","","ServicesUnitTests.ValidatorTests.PlayerProfileValidatorTests","ServicesUnitTests.ValidatorTests.PlayerProfileValidatorTests.CheckAccountCreation(comp: AccountCreationData { Account = CompetitiveBackend.Core.Objects.Account, Password = 1234 }, expected: False)","ServicesUnitTests.ValidatorTests.PlayerProfileValidatorTests.CheckAccountCreation(AccountCreationData comp, Boolean expected)",""
"passed","Fri Sep 26 18:58:36 GMT 2025","Fri Sep 26 18:58:37 GMT 2025","1462","","","","RepositoriesTests.RepositoriesTests.CompetitionRepositoryUnitTests","RepositoriesTests.RepositoriesTests.CompetitionRepositoryUnitTests.GetAllCompetitions_Basic(dt: DataLimiter { PartitionIndex = 0, Partition = 0, HasNoLimit = True, FirstIndex = 0, LastIndex = 0 })","RepositoriesTests.RepositoriesTests.CompetitionRepositoryUnitTests.GetAllCompetitions_Basic(DataLimiter dt)",""
"passed","Fri Sep 26 18:55:18 GMT 2025","Fri Sep 26 18:55:18 GMT 2025","0","","","","ServicesUnitTests.ValidatorTests.PlayerProfileValidatorTests","ServicesUnitTests.ValidatorTests.PlayerProfileValidatorTests.CheckAccount(comp: Account { Email = null, Id = null, Login = ""amog"" }, expected: True)","ServicesUnitTests.ValidatorTests.PlayerProfileValidatorTests.CheckAccount(Account comp, Boolean expected)",""
"passed","Fri Sep 26 19:00:36 GMT 2025","Fri Sep 26 19:00:39 GMT 2025","2534","","","","IntegrationalTests.PlayerGetInfoTests","IntegrationalTests.PlayerGetInfoTests.GetAccountInfo","IntegrationalTests.PlayerGetInfoTests.GetAccountInfo",""
"passed","Fri Sep 26 18:58:06 GMT 2025","Fri Sep 26 18:58:08 GMT 2025","2614","","","","RepositoriesTests.RepositoriesTests.CompetitionRepositoryUnitTests","RepositoriesTests.RepositoriesTests.CompetitionRepositoryUnitTests.GetCompetition_Success","RepositoriesTests.RepositoriesTests.CompetitionRepositoryUnitTests.GetCompetition_Success",""
"passed","Fri Sep 26 18:57:53 GMT 2025","Fri Sep 26 18:57:56 GMT 2025","2632","","","","RepositoriesTests.RepositoriesTests.CompetitionLevelRepositoryTests","RepositoriesTests.RepositoriesTests.CompetitionLevelRepositoryTests.GetSpecificLevelData_Failure","RepositoriesTests.RepositoriesTests.CompetitionLevelRepositoryTests.GetSpecificLevelData_Failure",""
"passed","Fri Sep 26 18:56:57 GMT 2025","Fri Sep 26 18:57:00 GMT 2025","3138","","","","RepositoriesTests.RepositoriesTests.CompetitionLevelRepositoryTests","RepositoriesTests.RepositoriesTests.CompetitionLevelRepositoryTests.GetLevelDataTests(platform: null, maxVersion: null, data: [4, 5, 6])","RepositoriesTests.RepositoriesTests.CompetitionLevelRepositoryTests.GetLevelDataTests(String platform, Nullable<Int32> maxVersion, Byte[] data)",""
"passed","Fri Sep 26 18:55:18 GMT 2025","Fri Sep 26 18:55:18 GMT 2025","9","","","","ServicesUnitTests.ServiceTests.RewardDescriptionServiceTests","ServicesUnitTests.ServiceTests.RewardDescriptionServiceTests.RewardDescriptionServiceTests_UpdateRewardDescription_Ok2","ServicesUnitTests.ServiceTests.RewardDescriptionServiceTests.RewardDescriptionServiceTests_UpdateRewardDescription_Ok2",""
"passed","Fri Sep 26 18:57:08 GMT 2025","Fri Sep 26 18:57:11 GMT 2025","3120","","","","RepositoriesTests.RepositoriesTests.CompetitionRewardRepositoryTests","RepositoriesTests.RepositoriesTests.CompetitionRewardRepositoryTests.GetCompetitionRewards_Success(idx: 3)","RepositoriesTests.RepositoriesTests.CompetitionRewardRepositoryTests.GetCompetitionRewards_Success(Int32 idx)",""
"passed","Fri Sep 26 18:55:18 GMT 2025","Fri Sep 26 18:55:18 GMT 2025","5","","","","ServicesUnitTests.ServiceTests.CompetitionRewardServiceTests","ServicesUnitTests.ServiceTests.CompetitionRewardServiceTests.CompetitionRewardServiceTests_UpdateCompetitionReward","ServicesUnitTests.ServiceTests.CompetitionRewardServiceTests.CompetitionRewardServiceTests_UpdateCompetitionReward",""
"passed","Fri Sep 26 18:57:29 GMT 2025","Fri Sep 26 18:57:32 GMT 2025","2773","","","","RepositoriesTests.RepositoriesTests.CompetitionLevelRepositoryTests","RepositoriesTests.RepositoriesTests.CompetitionLevelRepositoryTests.GetAllLevelData","RepositoriesTests.RepositoriesTests.CompetitionLevelRepositoryTests.GetAllLevelData",""
"passed","Fri Sep 26 18:55:18 GMT 2025","Fri Sep 26 18:55:18 GMT 2025","0","","","","ServicesUnitTests.ValidatorTests.PlayerProfileValidatorTests","ServicesUnitTests.ValidatorTests.PlayerProfileValidatorTests.CheckAccountCreation(comp: AccountCreationData { Account = CompetitiveBackend.Core.Objects.Account, Password =  }, expected: False)","ServicesUnitTests.ValidatorTests.PlayerProfileValidatorTests.CheckAccountCreation(AccountCreationData comp, Boolean expected)",""
"passed","Fri Sep 26 19:00:39 GMT 2025","Fri Sep 26 19:00:39 GMT 2025","53","","","","IntegrationalTests.CompetitionIntegrationTests","IntegrationalTests.CompetitionIntegrationTests.CompetitionFetchPage","IntegrationalTests.CompetitionIntegrationTests.CompetitionFetchPage",""
"passed","Fri Sep 26 18:57:22 GMT 2025","Fri Sep 26 18:57:25 GMT 2025","3100","","","","RepositoriesTests.RepositoriesTests.CompetitionLevelRepositoryTests","RepositoriesTests.RepositoriesTests.CompetitionLevelRepositoryTests.UpdateCompetitionLevelInfo(idx: 3)","RepositoriesTests.RepositoriesTests.CompetitionLevelRepositoryTests.UpdateCompetitionLevelInfo(Int32 idx)",""
"passed","Fri Sep 26 18:58:08 GMT 2025","Fri Sep 26 18:58:10 GMT 2025","2596","","","","RepositoriesTests.RepositoriesTests.PlayerRewardRepositoryBasicTests","RepositoriesTests.RepositoriesTests.PlayerRewardRepositoryBasicTests.GetPlayerRewards_Success(dt: DataLimiter { PartitionIndex = 0, Partition = 1, HasNoLimit = False, FirstIndex = 0, LastIndex = 1 })","RepositoriesTests.RepositoriesTests.PlayerRewardRepositoryBasicTests.GetPlayerRewards_Success(DataLimiter dt)",""
"passed","Fri Sep 26 18:57:41 GMT 2025","Fri Sep 26 18:57:44 GMT 2025","2686","","","","RepositoriesTests.RepositoriesTests.CompetitionLevelRepositoryTests","RepositoriesTests.RepositoriesTests.CompetitionLevelRepositoryTests.GetSpecificLevelData(idx: 1)","RepositoriesTests.RepositoriesTests.CompetitionLevelRepositoryTests.GetSpecificLevelData(Int32 idx)",""
"passed","Fri Sep 26 18:55:18 GMT 2025","Fri Sep 26 18:55:18 GMT 2025","8","","","","ServicesUnitTests.ServiceTests.RewardDescriptionServiceTests","ServicesUnitTests.ServiceTests.RewardDescriptionServiceTests.RewardDescriptionServiceTests_SetRewardIcon","ServicesUnitTests.ServiceTests.RewardDescriptionServiceTests.RewardDescriptionServiceTests_SetRewardIcon",""
"passed","Fri Sep 26 19:00:39 GMT 2025","Fri Sep 26 19:00:39 GMT 2025","19","","","","IntegrationalTests.AuthIntegrationTests","IntegrationalTests.AuthIntegrationTests.CreateAccount_BadPassword(password: """")","IntegrationalTests.AuthIntegrationTests.CreateAccount_BadPassword(String password)",""
"passed","Fri Sep 26 18:55:18 GMT 2025","Fri Sep 26 18:55:18 GMT 2025","34","","","","ServicesUnitTests.ServiceTests.CompetitionLevelServiceTests","ServicesUnitTests.ServiceTests.CompetitionLevelServiceTests.DeleteLevelData_CallsRepositoryWithCorrectId","ServicesUnitTests.ServiceTests.CompetitionLevelServiceTests.DeleteLevelData_CallsRepositoryWithCorrectId",""
"passed","Fri Sep 26 18:57:34 GMT 2025","Fri Sep 26 18:57:37 GMT 2025","2781","","","","RepositoriesTests.RepositoriesTests.PlayerParticipationRepositoryTests","RepositoriesTests.RepositoriesTests.PlayerParticipationRepositoryTests.GetPlayerParticipations(dt: DataLimiter { PartitionIndex = 1, Partition = 2, HasNoLimit = False, FirstIndex = 2, LastIndex = 4 }, bindPlayer: False, bindCompetition: False)","RepositoriesTests.RepositoriesTests.PlayerParticipationRepositoryTests.GetPlayerParticipations(DataLimiter dt, Boolean bindPlayer, Boolean bindCompetition)",""
"passed","Fri Sep 26 18:56:54 GMT 2025","Fri Sep 26 18:56:57 GMT 2025","3386","","","","RepositoriesTests.RepositoriesTests.GranterTests.StoredProcedureGranterTests","RepositoriesTests.RepositoriesTests.GranterTests.StoredProcedureGranterTests.GrantRewardsByPlace(minPlace: 2, maxPlace: 4)","RepositoriesTests.RepositoriesTests.GranterTests.StoredProcedureGranterTests.GrantRewardsByPlace(Int32 minPlace, Int32 maxPlace)",""
"passed","Fri Sep 26 18:56:33 GMT 2025","Fri Sep 26 18:56:37 GMT 2025","4154","","","","RepositoriesTests.RepositoriesTests.SessionRepositoryUnitTests","RepositoriesTests.RepositoriesTests.SessionRepositoryUnitTests.CreateSessionToken_Unknown","RepositoriesTests.RepositoriesTests.SessionRepositoryUnitTests.CreateSessionToken_Unknown",""
"passed","Fri Sep 26 18:56:01 GMT 2025","Fri Sep 26 18:56:24 GMT 2025","22120","","","","RepositoriesTests.RepositoriesTests.AccountRepositoryUnitTests","RepositoriesTests.RepositoriesTests.AccountRepositoryUnitTests.CreateAccountTest","RepositoriesTests.RepositoriesTests.AccountRepositoryUnitTests.CreateAccountTest",""
"passed","Fri Sep 26 18:56:55 GMT 2025","Fri Sep 26 18:56:58 GMT 2025","3589","","","","RepositoriesTests.RepositoriesTests.CompetitionRewardRepositoryTests","RepositoriesTests.RepositoriesTests.CompetitionRewardRepositoryTests.AddCompetitionReward_DifferentRanks(cond: RankGrantCondition { maxRank = 0.5, minRank = 0, Type = ""rank"" }, idx: 2)","RepositoriesTests.RepositoriesTests.CompetitionRewardRepositoryTests.AddCompetitionReward_DifferentRanks(GrantCondition cond, Int32 idx)",""
"passed","Fri Sep 26 18:57:49 GMT 2025","Fri Sep 26 18:57:52 GMT 2025","2621","","","","RepositoriesTests.RepositoriesTests.CompetitionLevelRepositoryTests","RepositoriesTests.RepositoriesTests.CompetitionLevelRepositoryTests.GetAllLevelData_Empty","RepositoriesTests.RepositoriesTests.CompetitionLevelRepositoryTests.GetAllLevelData_Empty",""
"passed","Fri Sep 26 18:55:18 GMT 2025","Fri Sep 26 18:55:18 GMT 2025","3","","","","ServicesUnitTests.ServiceTests.CompetitionRewardServiceTests","ServicesUnitTests.ServiceTests.CompetitionRewardServiceTests.CompetitionRewardServiceTests_GetCompetitionRewards(etalon: 1)","ServicesUnitTests.ServiceTests.CompetitionRewardServiceTests.CompetitionRewardServiceTests_GetCompetitionRewards(Int32 etalon)",""
"passed","Fri Sep 26 18:55:18 GMT 2025","Fri Sep 26 18:55:18 GMT 2025","0","","","","ServicesUnitTests.ValidatorTests.PlayerProfileValidatorTests","ServicesUnitTests.ValidatorTests.PlayerProfileValidatorTests.CheckPlayerProfile(comp: PlayerProfile { Description = ""****************"", Id = 0, Name = ""***"" }, expected: False)","ServicesUnitTests.ValidatorTests.PlayerProfileValidatorTests.CheckPlayerProfile(PlayerProfile comp, Boolean expected)",""
"passed","Fri Sep 26 18:57:35 GMT 2025","Fri Sep 26 18:57:36 GMT 2025","1694","","","","RepositoriesTests.RepositoriesTests.CompetitionRewardRepositoryTests","RepositoriesTests.RepositoriesTests.CompetitionRewardRepositoryTests.GetCompetitionReward_Success(idx: 2)","RepositoriesTests.RepositoriesTests.CompetitionRewardRepositoryTests.GetCompetitionReward_Success(Int32 idx)",""
"passed","Fri Sep 26 18:55:18 GMT 2025","Fri Sep 26 18:55:18 GMT 2025","0","","","","ServicesUnitTests.ValidatorTests.PlayerProfileValidatorTests","ServicesUnitTests.ValidatorTests.PlayerProfileValidatorTests.CheckAccountCreation(comp: AccountCreationData { Account = CompetitiveBackend.Core.Objects.Account, Password =  }, expected: False)","ServicesUnitTests.ValidatorTests.PlayerProfileValidatorTests.CheckAccountCreation(AccountCreationData comp, Boolean expected)",""
"passed","Fri Sep 26 18:57:38 GMT 2025","Fri Sep 26 18:57:41 GMT 2025","2652","","","","RepositoriesTests.RepositoriesTests.CompetitionLevelRepositoryTests","RepositoriesTests.RepositoriesTests.CompetitionLevelRepositoryTests.GetSpecificLevelData(idx: 2)","RepositoriesTests.RepositoriesTests.CompetitionLevelRepositoryTests.GetSpecificLevelData(Int32 idx)",""
"passed","Fri Sep 26 18:57:18 GMT 2025","Fri Sep 26 18:57:21 GMT 2025","3043","","","","RepositoriesTests.RepositoriesTests.CompetitionRewardRepositoryTests","RepositoriesTests.RepositoriesTests.CompetitionRewardRepositoryTests.DeleteCompetitionReward_Success(idx: 2)","RepositoriesTests.RepositoriesTests.CompetitionRewardRepositoryTests.DeleteCompetitionReward_Success(Int32 idx)",""
"passed","Fri Sep 26 18:56:47 GMT 2025","Fri Sep 26 18:56:51 GMT 2025","3820","","","","RepositoriesTests.RepositoriesTests.RewardDescriptionRepositoryTests","RepositoriesTests.RepositoriesTests.RewardDescriptionRepositoryTests.GetRewardIcon_Empty","RepositoriesTests.RepositoriesTests.RewardDescriptionRepositoryTests.GetRewardIcon_Empty",""
"passed","Fri Sep 26 18:55:18 GMT 2025","Fri Sep 26 18:55:18 GMT 2025","2","","","","ServicesUnitTests.ServiceTests.AuthServiceTests","ServicesUnitTests.ServiceTests.AuthServiceTests.AuthService_LogIn_BadPassword","ServicesUnitTests.ServiceTests.AuthServiceTests.AuthService_LogIn_BadPassword",""
"passed","Fri Sep 26 18:55:18 GMT 2025","Fri Sep 26 18:55:18 GMT 2025","0","","","","ServicesUnitTests.ValidatorTests.PlayerProfileValidatorTests","ServicesUnitTests.ValidatorTests.PlayerProfileValidatorTests.CheckAccount(comp: Account { Email = """", Id = null, Login = ""amogus"" }, expected: True)","ServicesUnitTests.ValidatorTests.PlayerProfileValidatorTests.CheckAccount(Account comp, Boolean expected)",""
"passed","Fri Sep 26 18:57:44 GMT 2025","Fri Sep 26 18:57:47 GMT 2025","2785","","","","RepositoriesTests.RepositoriesTests.PlayerProfileRepositoryUnitTests","RepositoriesTests.RepositoriesTests.PlayerProfileRepositoryUnitTests.UpdatePlayerProfile_Failure","RepositoriesTests.RepositoriesTests.PlayerProfileRepositoryUnitTests.UpdatePlayerProfile_Failure",""
"passed","Fri Sep 26 19:00:39 GMT 2025","Fri Sep 26 19:00:39 GMT 2025","14","","","","IntegrationalTests.AuthIntegrationTests","IntegrationalTests.AuthIntegrationTests.CreateAccount_BadPassword(password: ""123456"")","IntegrationalTests.AuthIntegrationTests.CreateAccount_BadPassword(String password)",""
"passed","Fri Sep 26 18:55:18 GMT 2025","Fri Sep 26 18:55:18 GMT 2025","5","","","","ServicesUnitTests.ServiceTests.PlayerProfileServiceTests","ServicesUnitTests.ServiceTests.PlayerProfileServiceTests.PlayerProfileService_UpdatePlayerProfileImage","ServicesUnitTests.ServiceTests.PlayerProfileServiceTests.PlayerProfileService_UpdatePlayerProfileImage",""
"passed","Fri Sep 26 18:55:18 GMT 2025","Fri Sep 26 18:55:18 GMT 2025","16","","","","ServicesUnitTests.ValidatorTests.PasswordConstraintTests","ServicesUnitTests.ValidatorTests.PasswordConstraintTests.LettersPasswordTest(password: ""______"", isValid: False)","ServicesUnitTests.ValidatorTests.PasswordConstraintTests.LettersPasswordTest(String password, Boolean isValid)",""
"passed","Fri Sep 26 18:55:18 GMT 2025","Fri Sep 26 18:55:18 GMT 2025","8","","","","ServicesUnitTests.ServiceTests.PlayerParticipationServiceTests","ServicesUnitTests.ServiceTests.PlayerParticipationServiceTests.PlayerParticipationServiceTests_SubmitParticipation_DISCARD","ServicesUnitTests.ServiceTests.PlayerParticipationServiceTests.PlayerParticipationServiceTests_SubmitParticipation_DISCARD",""
"passed","Fri Sep 26 18:57:11 GMT 2025","Fri Sep 26 18:57:14 GMT 2025","3109","","","","RepositoriesTests.RepositoriesTests.PlayerParticipationRepositoryTests","RepositoriesTests.RepositoriesTests.PlayerParticipationRepositoryTests.GetLeaderboard(dt: DataLimiter { PartitionIndex = 1, Partition = 2, HasNoLimit = False, FirstIndex = 2, LastIndex = 4 }, bindPlayer: False, bindCompetition: False)","RepositoriesTests.RepositoriesTests.PlayerParticipationRepositoryTests.GetLeaderboard(DataLimiter dt, Boolean bindPlayer, Boolean bindCompetition)",""
"passed","Fri Sep 26 18:56:50 GMT 2025","Fri Sep 26 18:56:54 GMT 2025","3904","","","","RepositoriesTests.RepositoriesTests.GranterTests.StoredProcedureGranterTests","RepositoriesTests.RepositoriesTests.GranterTests.StoredProcedureGranterTests.GrantRewardsByPlace(minPlace: 5, maxPlace: 6)","RepositoriesTests.RepositoriesTests.GranterTests.StoredProcedureGranterTests.GrantRewardsByPlace(Int32 minPlace, Int32 maxPlace)",""
"passed","Fri Sep 26 18:57:06 GMT 2025","Fri Sep 26 18:57:09 GMT 2025","3074","","","","RepositoriesTests.RepositoriesTests.CompetitionLevelRepositoryTests","RepositoriesTests.RepositoriesTests.CompetitionLevelRepositoryTests.GetLevelDataTests(platform: ""Windows"", maxVersion: null, data: [7, 8, 9])","RepositoriesTests.RepositoriesTests.CompetitionLevelRepositoryTests.GetLevelDataTests(String platform, Nullable<Int32> maxVersion, Byte[] data)",""
"passed","Fri Sep 26 18:55:18 GMT 2025","Fri Sep 26 18:55:18 GMT 2025","23","","","","ServicesUnitTests.ServiceTests.CompetitionRewardSchedulerTests","ServicesUnitTests.ServiceTests.CompetitionRewardSchedulerTests.CompetitionRewardSchedulerTests_OnRecievedMessage_Ok","ServicesUnitTests.ServiceTests.CompetitionRewardSchedulerTests.CompetitionRewardSchedulerTests_OnRecievedMessage_Ok",""
"passed","Fri Sep 26 18:57:41 GMT 2025","Fri Sep 26 18:57:44 GMT 2025","2839","","","","RepositoriesTests.RepositoriesTests.PlayerProfileRepositoryUnitTests","RepositoriesTests.RepositoriesTests.PlayerProfileRepositoryUnitTests.GetPlayerProfile_Failure","RepositoriesTests.RepositoriesTests.PlayerProfileRepositoryUnitTests.GetPlayerProfile_Failure",""
"passed","Fri Sep 26 18:56:43 GMT 2025","Fri Sep 26 18:56:47 GMT 2025","3990","","","","RepositoriesTests.RepositoriesTests.PlayerParticipationRepositoryTests","RepositoriesTests.RepositoriesTests.PlayerParticipationRepositoryTests.GetParticipation(bindPlayer: True, bindCompetition: True)","RepositoriesTests.RepositoriesTests.PlayerParticipationRepositoryTests.GetParticipation(Boolean bindPlayer, Boolean bindCompetition)",""
"passed","Fri Sep 26 18:56:29 GMT 2025","Fri Sep 26 18:56:35 GMT 2025","5382","","","","RepositoriesTests.RepositoriesTests.RewardDescriptionRepositoryTests","RepositoriesTests.RepositoriesTests.RewardDescriptionRepositoryTests.GetRewardIcon_Success","RepositoriesTests.RepositoriesTests.RewardDescriptionRepositoryTests.GetRewardIcon_Success",""
"passed","Fri Sep 26 18:55:18 GMT 2025","Fri Sep 26 18:55:18 GMT 2025","5","","","","ServicesUnitTests.ServiceTests.AuthServiceTests","ServicesUnitTests.ServiceTests.AuthServiceTests.AuthService_LogIn_RepositoryException","ServicesUnitTests.ServiceTests.AuthServiceTests.AuthService_LogIn_RepositoryException",""
"passed","Fri Sep 26 18:55:18 GMT 2025","Fri Sep 26 18:55:18 GMT 2025","1","","","","ServicesUnitTests.ValidatorTests.PasswordConstraintTests","ServicesUnitTests.ValidatorTests.PasswordConstraintTests.LettersPasswordTest(password: ""___A___"", isValid: True)","ServicesUnitTests.ValidatorTests.PasswordConstraintTests.LettersPasswordTest(String password, Boolean isValid)",""
"passed","Fri Sep 26 18:57:17 GMT 2025","Fri Sep 26 18:57:20 GMT 2025","3210","","","","RepositoriesTests.RepositoriesTests.PlayerParticipationRepositoryTests","RepositoriesTests.RepositoriesTests.PlayerParticipationRepositoryTests.GetLeaderboard(dt: DataLimiter { PartitionIndex = 1, Partition = 2, HasNoLimit = False, FirstIndex = 2, LastIndex = 4 }, bindPlayer: False, bindCompetition: True)","RepositoriesTests.RepositoriesTests.PlayerParticipationRepositoryTests.GetLeaderboard(DataLimiter dt, Boolean bindPlayer, Boolean bindCompetition)",""
"passed","Fri Sep 26 19:00:39 GMT 2025","Fri Sep 26 19:00:39 GMT 2025","109","","","","IntegrationalTests.AuthIntegrationTests","IntegrationalTests.AuthIntegrationTests.CreateAccount_BadNickname(name: ""_"")","IntegrationalTests.AuthIntegrationTests.CreateAccount_BadNickname(String name)",""
"passed","Fri Sep 26 18:57:20 GMT 2025","Fri Sep 26 18:57:23 GMT 2025","3009","","","","RepositoriesTests.RepositoriesTests.PlayerParticipationRepositoryTests","RepositoriesTests.RepositoriesTests.PlayerParticipationRepositoryTests.GetLeaderboard(dt: DataLimiter { PartitionIndex = 1, Partition = 2, HasNoLimit = False, FirstIndex = 2, LastIndex = 4 }, bindPlayer: True, bindCompetition: True)","RepositoriesTests.RepositoriesTests.PlayerParticipationRepositoryTests.GetLeaderboard(DataLimiter dt, Boolean bindPlayer, Boolean bindCompetition)",""
"passed","Fri Sep 26 18:55:18 GMT 2025","Fri Sep 26 18:55:18 GMT 2025","9","","","","ServicesUnitTests.ServiceTests.RewardDescriptionServiceTests","ServicesUnitTests.ServiceTests.RewardDescriptionServiceTests.RewardDescriptionServiceTests_GetAllRewardDescriptions","ServicesUnitTests.ServiceTests.RewardDescriptionServiceTests.RewardDescriptionServiceTests_GetAllRewardDescriptions",""
"passed","Fri Sep 26 18:56:24 GMT 2025","Fri Sep 26 18:56:29 GMT 2025","5302","","","","RepositoriesTests.RepositoriesTests.RewardDescriptionRepositoryTests","RepositoriesTests.RepositoriesTests.RewardDescriptionRepositoryTests.GetRewardIcon_Failure","RepositoriesTests.RepositoriesTests.RewardDescriptionRepositoryTests.GetRewardIcon_Failure",""
"passed","Fri Sep 26 18:55:18 GMT 2025","Fri Sep 26 18:55:18 GMT 2025","0","","","","ServicesUnitTests.ValidatorTests.PlayerProfileValidatorTests","ServicesUnitTests.ValidatorTests.PlayerProfileValidatorTests.CheckAccountCreation(comp: AccountCreationData { Account = CompetitiveBackend.Core.Objects.Account, Password = 1234 }, expected: False)","ServicesUnitTests.ValidatorTests.PlayerProfileValidatorTests.CheckAccountCreation(AccountCreationData comp, Boolean expected)",""
"passed","Fri Sep 26 18:55:18 GMT 2025","Fri Sep 26 18:55:18 GMT 2025","0","","","","ServicesUnitTests.ValidatorTests.PlayerProfileValidatorTests","ServicesUnitTests.ValidatorTests.PlayerProfileValidatorTests.CheckAccountCreation(comp: AccountCreationData { Account = CompetitiveBackend.Core.Objects.Account, Password = 123456a }, expected: False)","ServicesUnitTests.ValidatorTests.PlayerProfileValidatorTests.CheckAccountCreation(AccountCreationData comp, Boolean expected)",""
"passed","Fri Sep 26 18:55:18 GMT 2025","Fri Sep 26 18:55:18 GMT 2025","4","","","","ServicesUnitTests.ServiceTests.PlayerParticipationServiceTests","ServicesUnitTests.ServiceTests.PlayerParticipationServiceTests.PlayerParticipationServiceTests_SubmitParticipation_UPDATE","ServicesUnitTests.ServiceTests.PlayerParticipationServiceTests.PlayerParticipationServiceTests_SubmitParticipation_UPDATE",""
"passed","Fri Sep 26 18:55:18 GMT 2025","Fri Sep 26 18:55:18 GMT 2025","1","","","","ServicesUnitTests.ValidatorTests.PlayerProfileValidatorTests","ServicesUnitTests.ValidatorTests.PlayerProfileValidatorTests.CheckAccountCreation(comp: AccountCreationData { Account = CompetitiveBackend.Core.Objects.Account, Password = 123a5678 }, expected: True)","ServicesUnitTests.ValidatorTests.PlayerProfileValidatorTests.CheckAccountCreation(AccountCreationData comp, Boolean expected)",""
"passed","Fri Sep 26 18:55:18 GMT 2025","Fri Sep 26 18:55:18 GMT 2025","1","","","","ServicesUnitTests.ValidatorTests.PasswordConstraintTests","ServicesUnitTests.ValidatorTests.PasswordConstraintTests.LettersPasswordTest(password: ""123"", isValid: False)","ServicesUnitTests.ValidatorTests.PasswordConstraintTests.LettersPasswordTest(String password, Boolean isValid)",""
"passed","Fri Sep 26 18:55:18 GMT 2025","Fri Sep 26 18:55:18 GMT 2025","0","","","","ServicesUnitTests.ValidatorTests.PlayerProfileValidatorTests","ServicesUnitTests.ValidatorTests.PlayerProfileValidatorTests.CheckPlayerProfile(comp: PlayerProfile { Description = ""*"", Id = 0, Name = ""****************"" }, expected: True)","ServicesUnitTests.ValidatorTests.PlayerProfileValidatorTests.CheckPlayerProfile(PlayerProfile comp, Boolean expected)",""
"passed","Fri Sep 26 18:55:18 GMT 2025","Fri Sep 26 18:55:18 GMT 2025","11","","","","ServicesUnitTests.ServiceTests.PlayerParticipationServiceTests","ServicesUnitTests.ServiceTests.PlayerParticipationServiceTests.PlayerParticipationServiceTests_DeleteParticipation","ServicesUnitTests.ServiceTests.PlayerParticipationServiceTests.PlayerParticipationServiceTests_DeleteParticipation",""
"passed","Fri Sep 26 18:55:18 GMT 2025","Fri Sep 26 18:55:18 GMT 2025","17","","","","ServicesUnitTests.ServiceTests.CompetitionServiceTests","ServicesUnitTests.ServiceTests.CompetitionServiceTests.CompetitionServiceTest_GetActiveCompetitions","ServicesUnitTests.ServiceTests.CompetitionServiceTests.CompetitionServiceTest_GetActiveCompetitions",""
"passed","Fri Sep 26 18:56:34 GMT 2025","Fri Sep 26 18:56:39 GMT 2025","5502","","","","RepositoriesTests.RepositoriesTests.PlayerParticipationRepositoryTests","RepositoriesTests.RepositoriesTests.PlayerParticipationRepositoryTests.GetParticipation(bindPlayer: False, bindCompetition: True)","RepositoriesTests.RepositoriesTests.PlayerParticipationRepositoryTests.GetParticipation(Boolean bindPlayer, Boolean bindCompetition)",""
"passed","Fri Sep 26 18:55:18 GMT 2025","Fri Sep 26 18:55:18 GMT 2025","116","","","","ServicesUnitTests.ServiceTests.CompetitionServiceTests","ServicesUnitTests.ServiceTests.CompetitionServiceTests.CompetitionServiceTests_CreateCompetition_OK","ServicesUnitTests.ServiceTests.CompetitionServiceTests.CompetitionServiceTests_CreateCompetition_OK",""
"passed","Fri Sep 26 18:56:39 GMT 2025","Fri Sep 26 18:56:43 GMT 2025","4021","","","","RepositoriesTests.RepositoriesTests.CompetitionRewardRepositoryTests","RepositoriesTests.RepositoriesTests.CompetitionRewardRepositoryTests.UpdateCompetitionReward(cond: PlaceGrantCondition { maxPlace = 2, minPlace = 2, Type = ""place"" }, idx: 4)","RepositoriesTests.RepositoriesTests.CompetitionRewardRepositoryTests.UpdateCompetitionReward(GrantCondition cond, Int32 idx)",""
"passed","Fri Sep 26 18:57:26 GMT 2025","Fri Sep 26 18:57:29 GMT 2025","2795","","","","RepositoriesTests.RepositoriesTests.CompetitionRewardRepositoryTests","RepositoriesTests.RepositoriesTests.CompetitionRewardRepositoryTests.AddCompetitionReward_Alien","RepositoriesTests.RepositoriesTests.CompetitionRewardRepositoryTests.AddCompetitionReward_Alien",""
"passed","Fri Sep 26 19:00:36 GMT 2025","Fri Sep 26 19:00:39 GMT 2025","2565","","","","IntegrationalTests.CompetitionLeaderboardTexts","IntegrationalTests.CompetitionLeaderboardTexts.GetLeaderboard","IntegrationalTests.CompetitionLeaderboardTexts.GetLeaderboard",""
"passed","Fri Sep 26 18:57:03 GMT 2025","Fri Sep 26 18:57:06 GMT 2025","3152","","","","RepositoriesTests.RepositoriesTests.CompetitionLevelRepositoryTests","RepositoriesTests.RepositoriesTests.CompetitionLevelRepositoryTests.GetLevelDataTests(platform: ""Missigno"", maxVersion: 10, data: null)","RepositoriesTests.RepositoriesTests.CompetitionLevelRepositoryTests.GetLevelDataTests(String platform, Nullable<Int32> maxVersion, Byte[] data)",""
"passed","Fri Sep 26 18:55:18 GMT 2025","Fri Sep 26 18:55:18 GMT 2025","0","","","","ServicesUnitTests.ValidatorTests.PlayerProfileValidatorTests","ServicesUnitTests.ValidatorTests.PlayerProfileValidatorTests.CheckPlayerProfile(comp: PlayerProfile { Description = ""****************"", Id = 0, Name = ""****"" }, expected: True)","ServicesUnitTests.ValidatorTests.PlayerProfileValidatorTests.CheckPlayerProfile(PlayerProfile comp, Boolean expected)",""
"passed","Fri Sep 26 18:58:31 GMT 2025","Fri Sep 26 18:58:33 GMT 2025","1489","","","","RepositoriesTests.RepositoriesTests.CompetitionRepositoryUnitTests","RepositoriesTests.RepositoriesTests.CompetitionRepositoryUnitTests.GetAllCompetitions_Basic(dt: DataLimiter { PartitionIndex = 0, Partition = 1, HasNoLimit = False, FirstIndex = 0, LastIndex = 1 })","RepositoriesTests.RepositoriesTests.CompetitionRepositoryUnitTests.GetAllCompetitions_Basic(DataLimiter dt)",""
"passed","Fri Sep 26 18:55:18 GMT 2025","Fri Sep 26 18:55:18 GMT 2025","0","","","","ServicesUnitTests.ValidatorTests.PasswordConstraintTests","ServicesUnitTests.ValidatorTests.PasswordConstraintTests.LettersPasswordTest(password: """", isValid: False)","ServicesUnitTests.ValidatorTests.PasswordConstraintTests.LettersPasswordTest(String password, Boolean isValid)",""
"passed","Fri Sep 26 18:55:18 GMT 2025","Fri Sep 26 18:55:18 GMT 2025","32","","","","ServicesUnitTests.ServiceTests.PlayerProfileServiceTests","ServicesUnitTests.ServiceTests.PlayerProfileServiceTests.PlayerProfileService_UpdatePlayerProfile_Failure","ServicesUnitTests.ServiceTests.PlayerProfileServiceTests.PlayerProfileService_UpdatePlayerProfile_Failure",""
"passed","Fri Sep 26 18:56:24 GMT 2025","Fri Sep 26 18:56:30 GMT 2025","6060","","","","RepositoriesTests.RepositoriesTests.CompetitionRewardRepositoryTests","RepositoriesTests.RepositoriesTests.CompetitionRewardRepositoryTests.UpdateCompetitionReward(cond: RankGrantCondition { maxRank = 1, minRank = 0.5, Type = ""rank"" }, idx: 1)","RepositoriesTests.RepositoriesTests.CompetitionRewardRepositoryTests.UpdateCompetitionReward(GrantCondition cond, Int32 idx)",""
"passed","Fri Sep 26 18:55:18 GMT 2025","Fri Sep 26 18:55:18 GMT 2025","2","","","","ServicesUnitTests.ServiceTests.CompetitionRewardServiceTests","ServicesUnitTests.ServiceTests.CompetitionRewardServiceTests.CompetitionRewardServiceTests_RemoveCompetitionReward(etalon: 5)","ServicesUnitTests.ServiceTests.CompetitionRewardServiceTests.CompetitionRewardServiceTests_RemoveCompetitionReward(Int32 etalon)",""
"passed","Fri Sep 26 18:57:07 GMT 2025","Fri Sep 26 18:57:11 GMT 2025","3154","","","","RepositoriesTests.RepositoriesTests.PlayerParticipationRepositoryTests","RepositoriesTests.RepositoriesTests.PlayerParticipationRepositoryTests.GetLeaderboard(dt: DataLimiter { PartitionIndex = 0, Partition = 0, HasNoLimit = True, FirstIndex = 0, LastIndex = 0 }, bindPlayer: True, bindCompetition: True)","RepositoriesTests.RepositoriesTests.PlayerParticipationRepositoryTests.GetLeaderboard(DataLimiter dt, Boolean bindPlayer, Boolean bindCompetition)",""
"passed","Fri Sep 26 18:55:18 GMT 2025","Fri Sep 26 18:55:18 GMT 2025","1","","","","ServicesUnitTests.ValidatorTests.PlayerProfileValidatorTests","ServicesUnitTests.ValidatorTests.PlayerProfileValidatorTests.CheckAccount(comp: Account { Email = """", Id = null, Login = """" }, expected: False)","ServicesUnitTests.ValidatorTests.PlayerProfileValidatorTests.CheckAccount(Account comp, Boolean expected)",""
"passed","Fri Sep 26 18:55:18 GMT 2025","Fri Sep 26 18:55:18 GMT 2025","0","","","","ServicesUnitTests.ValidatorTests.PlayerProfileValidatorTests","ServicesUnitTests.ValidatorTests.PlayerProfileValidatorTests.CheckAccountCreation(comp: AccountCreationData { Account = CompetitiveBackend.Core.Objects.Account, Password = 12345678 }, expected: False)","ServicesUnitTests.ValidatorTests.PlayerProfileValidatorTests.CheckAccountCreation(AccountCreationData comp, Boolean expected)",""
"passed","Fri Sep 26 18:56:01 GMT 2025","Fri Sep 26 18:56:24 GMT 2025","22309","","","","RepositoriesTests.RepositoriesTests.RewardDescriptionRepositoryTests","RepositoriesTests.RepositoriesTests.RewardDescriptionRepositoryTests.SetRewardIcon_Success","RepositoriesTests.RepositoriesTests.RewardDescriptionRepositoryTests.SetRewardIcon_Success",""
"passed","Fri Sep 26 18:57:15 GMT 2025","Fri Sep 26 18:57:18 GMT 2025","3137","","","","RepositoriesTests.RepositoriesTests.CompetitionLevelRepositoryTests","RepositoriesTests.RepositoriesTests.CompetitionLevelRepositoryTests.UpdateCompetitionLevelData(idx: 2)","RepositoriesTests.RepositoriesTests.CompetitionLevelRepositoryTests.UpdateCompetitionLevelData(Int32 idx)",""
"passed","Fri Sep 26 18:55:18 GMT 2025","Fri Sep 26 18:55:18 GMT 2025","38","","","","ServicesUnitTests.ValidatorTests.PasswordConstraintTests","ServicesUnitTests.ValidatorTests.PasswordConstraintTests.LengthPasswordTest(password: ""12344919293921391293"", isValid: True)","ServicesUnitTests.ValidatorTests.PasswordConstraintTests.LengthPasswordTest(String password, Boolean isValid)",""
"passed","Fri Sep 26 18:57:32 GMT 2025","Fri Sep 26 18:57:35 GMT 2025","2821","","","","RepositoriesTests.RepositoriesTests.CompetitionRewardRepositoryTests","RepositoriesTests.RepositoriesTests.CompetitionRewardRepositoryTests.GetCompetitionReward_Success(idx: 1)","RepositoriesTests.RepositoriesTests.CompetitionRewardRepositoryTests.GetCompetitionReward_Success(Int32 idx)",""
"passed","Fri Sep 26 18:57:04 GMT 2025","Fri Sep 26 18:57:07 GMT 2025","3193","","","","RepositoriesTests.RepositoriesTests.PlayerParticipationRepositoryTests","RepositoriesTests.RepositoriesTests.PlayerParticipationRepositoryTests.GetLeaderboard(dt: DataLimiter { PartitionIndex = 0, Partition = 0, HasNoLimit = True, FirstIndex = 0, LastIndex = 0 }, bindPlayer: False, bindCompetition: True)","RepositoriesTests.RepositoriesTests.PlayerParticipationRepositoryTests.GetLeaderboard(DataLimiter dt, Boolean bindPlayer, Boolean bindCompetition)",""
"passed","Fri Sep 26 18:55:18 GMT 2025","Fri Sep 26 18:55:18 GMT 2025","5","","","","ServicesUnitTests.ServiceTests.CompetitionServiceTests","ServicesUnitTests.ServiceTests.CompetitionServiceTests.CompetitionServiceTest_UpdateCompetition_OK2","ServicesUnitTests.ServiceTests.CompetitionServiceTests.CompetitionServiceTest_UpdateCompetition_OK2",""
"passed","Fri Sep 26 18:57:28 GMT 2025","Fri Sep 26 18:57:31 GMT 2025","2605","","","","RepositoriesTests.RepositoriesTests.PlayerParticipationRepositoryTests","RepositoriesTests.RepositoriesTests.PlayerParticipationRepositoryTests.GetPlayerParticipations(dt: DataLimiter { PartitionIndex = 0, Partition = 0, HasNoLimit = True, FirstIndex = 0, LastIndex = 0 }, bindPlayer: False, bindCompetition: True)","RepositoriesTests.RepositoriesTests.PlayerParticipationRepositoryTests.GetPlayerParticipations(DataLimiter dt, Boolean bindPlayer, Boolean bindCompetition)",""
"passed","Fri Sep 26 18:55:18 GMT 2025","Fri Sep 26 18:55:18 GMT 2025","3","","","","ServicesUnitTests.ServiceTests.CompetitionRewardSchedulerTests","ServicesUnitTests.ServiceTests.CompetitionRewardSchedulerTests.CompetitionRewardSchedulerTests_OnRecievedMessage_Skip","ServicesUnitTests.ServiceTests.CompetitionRewardSchedulerTests.CompetitionRewardSchedulerTests_OnRecievedMessage_Skip",""
"passed","Fri Sep 26 18:58:08 GMT 2025","Fri Sep 26 18:58:10 GMT 2025","1492","","","","RepositoriesTests.RepositoriesTests.CompetitionRepositoryUnitTests","RepositoriesTests.RepositoriesTests.CompetitionRepositoryUnitTests.GetAllCompetitions_Empty(dt: DataLimiter { PartitionIndex = 0, Partition = 3, HasNoLimit = False, FirstIndex = 0, LastIndex = 3 })","RepositoriesTests.RepositoriesTests.CompetitionRepositoryUnitTests.GetAllCompetitions_Empty(DataLimiter dt)",""
"passed","Fri Sep 26 18:56:34 GMT 2025","Fri Sep 26 18:56:39 GMT 2025","5140","","","","RepositoriesTests.RepositoriesTests.AccountRepositoryUnitTests","RepositoriesTests.RepositoriesTests.AccountRepositoryUnitTests.GetAccount_Erroneous_Id","RepositoriesTests.RepositoriesTests.AccountRepositoryUnitTests.GetAccount_Erroneous_Id",""
"passed","Fri Sep 26 18:55:18 GMT 2025","Fri Sep 26 18:55:18 GMT 2025","0","","","","ServicesUnitTests.ValidatorTests.PlayerProfileValidatorTests","ServicesUnitTests.ValidatorTests.PlayerProfileValidatorTests.CheckAccountCreation(comp: AccountCreationData { Account = CompetitiveBackend.Core.Objects.Account, Password =  }, expected: False)","ServicesUnitTests.ValidatorTests.PlayerProfileValidatorTests.CheckAccountCreation(AccountCreationData comp, Boolean expected)",""
"passed","Fri Sep 26 18:55:18 GMT 2025","Fri Sep 26 18:55:18 GMT 2025","0","","","","ServicesUnitTests.ValidatorTests.PlayerProfileValidatorTests","ServicesUnitTests.ValidatorTests.PlayerProfileValidatorTests.CheckAccountCreation(comp: AccountCreationData { Account = CompetitiveBackend.Core.Objects.Account, Password = 12345678 }, expected: False)","ServicesUnitTests.ValidatorTests.PlayerProfileValidatorTests.CheckAccountCreation(AccountCreationData comp, Boolean expected)",""
"passed","Fri Sep 26 18:55:18 GMT 2025","Fri Sep 26 18:55:18 GMT 2025","2","","","","ServicesUnitTests.ValidatorTests.PasswordConstraintTests","ServicesUnitTests.ValidatorTests.PasswordConstraintTests.LettersPasswordTest(password: ""12345A"", isValid: True)","ServicesUnitTests.ValidatorTests.PasswordConstraintTests.LettersPasswordTest(String password, Boolean isValid)",""
"passed","Fri Sep 26 18:58:18 GMT 2025","Fri Sep 26 18:58:19 GMT 2025","1408","","","","RepositoriesTests.RepositoriesTests.CompetitionRepositoryUnitTests","RepositoriesTests.RepositoriesTests.CompetitionRepositoryUnitTests.GetAllCompetitions_Empty(dt: DataLimiter { PartitionIndex = 0, Partition = 0, HasNoLimit = True, FirstIndex = 0, LastIndex = 0 })","RepositoriesTests.RepositoriesTests.CompetitionRepositoryUnitTests.GetAllCompetitions_Empty(DataLimiter dt)",""
"passed","Fri Sep 26 18:56:46 GMT 2025","Fri Sep 26 18:56:50 GMT 2025","4160","","","","RepositoriesTests.RepositoriesTests.GranterTests.StoredProcedureGranterTests","RepositoriesTests.RepositoriesTests.GranterTests.StoredProcedureGranterTests.GrantRewardsByPlace(minPlace: 1, maxPlace: 1)","RepositoriesTests.RepositoriesTests.GranterTests.StoredProcedureGranterTests.GrantRewardsByPlace(Int32 minPlace, Int32 maxPlace)",""
"passed","Fri Sep 26 18:58:33 GMT 2025","Fri Sep 26 18:58:34 GMT 2025","1479","","","","RepositoriesTests.RepositoriesTests.CompetitionRepositoryUnitTests","RepositoriesTests.RepositoriesTests.CompetitionRepositoryUnitTests.GetAllCompetitions_Basic(dt: DataLimiter { PartitionIndex = 1, Partition = 1, HasNoLimit = False, FirstIndex = 1, LastIndex = 2 })","RepositoriesTests.RepositoriesTests.CompetitionRepositoryUnitTests.GetAllCompetitions_Basic(DataLimiter dt)",""
"passed","Fri Sep 26 18:55:18 GMT 2025","Fri Sep 26 18:55:18 GMT 2025","6","","","","ServicesUnitTests.ServiceTests.CompetitionServiceTests","ServicesUnitTests.ServiceTests.CompetitionServiceTests.CompetitionServiceTest_UpdateCompetition_Bad2","ServicesUnitTests.ServiceTests.CompetitionServiceTests.CompetitionServiceTest_UpdateCompetition_Bad2",""
"passed","Fri Sep 26 18:55:18 GMT 2025","Fri Sep 26 18:55:18 GMT 2025","5","","","","ServicesUnitTests.ServiceTests.RewardDescriptionServiceTests","ServicesUnitTests.ServiceTests.RewardDescriptionServiceTests.RewardDescriptionServiceTests_GetRewardIcon","ServicesUnitTests.ServiceTests.RewardDescriptionServiceTests.RewardDescriptionServiceTests_GetRewardIcon",""
"passed","Fri Sep 26 18:55:18 GMT 2025","Fri Sep 26 18:55:18 GMT 2025","12","","","","ServicesUnitTests.ServiceTests.CompetitionLevelServiceTests","ServicesUnitTests.ServiceTests.CompetitionLevelServiceTests.GetCompetitionLevel_WithoutOptionalParameters_UsesNulls","ServicesUnitTests.ServiceTests.CompetitionLevelServiceTests.GetCompetitionLevel_WithoutOptionalParameters_UsesNulls",""
"passed","Fri Sep 26 18:56:43 GMT 2025","Fri Sep 26 18:56:47 GMT 2025","3940","","","","RepositoriesTests.RepositoriesTests.CompetitionRewardRepositoryTests","RepositoriesTests.RepositoriesTests.CompetitionRewardRepositoryTests.UpdateCompetitionReward(cond: PlaceGrantCondition { maxPlace = 50, minPlace = 4, Type = ""place"" }, idx: 5)","RepositoriesTests.RepositoriesTests.CompetitionRewardRepositoryTests.UpdateCompetitionReward(GrantCondition cond, Int32 idx)",""
"passed","Fri Sep 26 18:57:57 GMT 2025","Fri Sep 26 18:58:00 GMT 2025","2650","","","","RepositoriesTests.RepositoriesTests.CompetitionLevelRepositoryTests","RepositoriesTests.RepositoriesTests.CompetitionLevelRepositoryTests.UpdateCompetitionLevelData_Failure","RepositoriesTests.RepositoriesTests.CompetitionLevelRepositoryTests.UpdateCompetitionLevelData_Failure",""
"passed","Fri Sep 26 18:56:01 GMT 2025","Fri Sep 26 18:56:24 GMT 2025","22545","","","","RepositoriesTests.RepositoriesTests.CompetitionRewardRepositoryTests","RepositoriesTests.RepositoriesTests.CompetitionRewardRepositoryTests.UpdateCompetitionReward(cond: RankGrantCondition { maxRank = 1, minRank = 0, Type = ""rank"" }, idx: 0)","RepositoriesTests.RepositoriesTests.CompetitionRewardRepositoryTests.UpdateCompetitionReward(GrantCondition cond, Int32 idx)",""
"passed","Fri Sep 26 18:55:18 GMT 2025","Fri Sep 26 18:55:18 GMT 2025","5","","","","ServicesUnitTests.ServiceTests.PlayerParticipationServiceTests","ServicesUnitTests.ServiceTests.PlayerParticipationServiceTests.PlayerParticipationServiceTests_SubmitParticipation_TOO_EARLY","ServicesUnitTests.ServiceTests.PlayerParticipationServiceTests.PlayerParticipationServiceTests_SubmitParticipation_TOO_EARLY",""
"passed","Fri Sep 26 18:55:18 GMT 2025","Fri Sep 26 18:55:18 GMT 2025","0","","","","ServicesUnitTests.ValidatorTests.PlayerProfileValidatorTests","ServicesUnitTests.ValidatorTests.PlayerProfileValidatorTests.CheckAccountCreation(comp: AccountCreationData { Account = CompetitiveBackend.Core.Objects.Account, Password = 123456a }, expected: False)","ServicesUnitTests.ValidatorTests.PlayerProfileValidatorTests.CheckAccountCreation(AccountCreationData comp, Boolean expected)",""
"passed","Fri Sep 26 18:57:47 GMT 2025","Fri Sep 26 18:57:49 GMT 2025","2759","","","","RepositoriesTests.RepositoriesTests.PlayerParticipationRepositoryTests","RepositoriesTests.RepositoriesTests.PlayerParticipationRepositoryTests.DeleteParticipation_Failure","RepositoriesTests.RepositoriesTests.PlayerParticipationRepositoryTests.DeleteParticipation_Failure",""
"passed","Fri Sep 26 18:58:25 GMT 2025","Fri Sep 26 18:58:27 GMT 2025","1494","","","","RepositoriesTests.RepositoriesTests.CompetitionRepositoryUnitTests","RepositoriesTests.RepositoriesTests.CompetitionRepositoryUnitTests.GetActualCompetitions_Basic","RepositoriesTests.RepositoriesTests.CompetitionRepositoryUnitTests.GetActualCompetitions_Basic",""
"passed","Fri Sep 26 19:00:39 GMT 2025","Fri Sep 26 19:00:39 GMT 2025","36","","","","IntegrationalTests.CompetitionRewardsTest","IntegrationalTests.CompetitionRewardsTest.ParticipateNoLoggedIn","IntegrationalTests.CompetitionRewardsTest.ParticipateNoLoggedIn",""
"passed","Fri Sep 26 18:56:39 GMT 2025","Fri Sep 26 18:56:42 GMT 2025","3458","","","","RepositoriesTests.RepositoriesTests.AccountRepositoryUnitTests","RepositoriesTests.RepositoriesTests.AccountRepositoryUnitTests.GetAccount_Success_Login","RepositoriesTests.RepositoriesTests.AccountRepositoryUnitTests.GetAccount_Success_Login",""
"passed","Fri Sep 26 18:57:00 GMT 2025","Fri Sep 26 18:57:03 GMT 2025","3129","","","","RepositoriesTests.RepositoriesTests.CompetitionLevelRepositoryTests","RepositoriesTests.RepositoriesTests.CompetitionLevelRepositoryTests.GetLevelDataTests(platform: ""Android"", maxVersion: 0, data: null)","RepositoriesTests.RepositoriesTests.CompetitionLevelRepositoryTests.GetLevelDataTests(String platform, Nullable<Int32> maxVersion, Byte[] data)",""
"passed","Fri Sep 26 18:55:18 GMT 2025","Fri Sep 26 18:55:18 GMT 2025","6","","","","ServicesUnitTests.ServiceTests.CompetitionRewardServiceTests","ServicesUnitTests.ServiceTests.CompetitionRewardServiceTests.CompetitionRewardServiceTests_RemoveCompetitionReward(etalon: 2)","ServicesUnitTests.ServiceTests.CompetitionRewardServiceTests.CompetitionRewardServiceTests_RemoveCompetitionReward(Int32 etalon)",""
"passed","Fri Sep 26 18:58:14 GMT 2025","Fri Sep 26 18:58:16 GMT 2025","2531","","","","RepositoriesTests.RepositoriesTests.CompetitionRepositoryUnitTests","RepositoriesTests.RepositoriesTests.CompetitionRepositoryUnitTests.GetAllCompetitions_Empty(dt: DataLimiter { PartitionIndex = 1, Partition = 1, HasNoLimit = False, FirstIndex = 1, LastIndex = 2 })","RepositoriesTests.RepositoriesTests.CompetitionRepositoryUnitTests.GetAllCompetitions_Empty(DataLimiter dt)",""
"passed","Fri Sep 26 18:58:04 GMT 2025","Fri Sep 26 18:58:06 GMT 2025","2649","","","","RepositoriesTests.RepositoriesTests.PlayerRewardRepositoryBasicTests","RepositoriesTests.RepositoriesTests.PlayerRewardRepositoryBasicTests.GetPlayerRewards_Success(dt: DataLimiter { PartitionIndex = 0, Partition = 3, HasNoLimit = False, FirstIndex = 0, LastIndex = 3 })","RepositoriesTests.RepositoriesTests.PlayerRewardRepositoryBasicTests.GetPlayerRewards_Success(DataLimiter dt)",""
"passed","Fri Sep 26 18:55:18 GMT 2025","Fri Sep 26 18:55:18 GMT 2025","4","","","","ServicesUnitTests.ServiceTests.RewardDescriptionServiceTests","ServicesUnitTests.ServiceTests.RewardDescriptionServiceTests.RewardDescriptionServiceTests_CreateRewardDescription_Failure","ServicesUnitTests.ServiceTests.RewardDescriptionServiceTests.RewardDescriptionServiceTests_CreateRewardDescription_Failure",""
"passed","Fri Sep 26 18:55:18 GMT 2025","Fri Sep 26 18:55:18 GMT 2025","0","","","","ServicesUnitTests.ValidatorTests.PlayerProfileValidatorTests","ServicesUnitTests.ValidatorTests.PlayerProfileValidatorTests.CheckAccountCreation(comp: AccountCreationData { Account = CompetitiveBackend.Core.Objects.Account, Password = 12345678a }, expected: False)","ServicesUnitTests.ValidatorTests.PlayerProfileValidatorTests.CheckAccountCreation(AccountCreationData comp, Boolean expected)",""
"passed","Fri Sep 26 18:56:43 GMT 2025","Fri Sep 26 18:56:47 GMT 2025","4215","","","","RepositoriesTests.RepositoriesTests.RewardDescriptionRepositoryTests","RepositoriesTests.RepositoriesTests.RewardDescriptionRepositoryTests.CreateRewardDescription_Success","RepositoriesTests.RepositoriesTests.RewardDescriptionRepositoryTests.CreateRewardDescription_Success",""
"passed","Fri Sep 26 18:55:18 GMT 2025","Fri Sep 26 18:55:18 GMT 2025","3","","","","ServicesUnitTests.ServiceTests.PlayerRewardServiceTests","ServicesUnitTests.ServiceTests.PlayerRewardServiceTests.PlayerRewardServiceTest_GrantRewardToPlayer_Failure","ServicesUnitTests.ServiceTests.PlayerRewardServiceTests.PlayerRewardServiceTest_GrantRewardToPlayer_Failure",""
"passed","Fri Sep 26 18:56:58 GMT 2025","Fri Sep 26 18:57:02 GMT 2025","3382","","","","RepositoriesTests.RepositoriesTests.CompetitionRewardRepositoryTests","RepositoriesTests.RepositoriesTests.CompetitionRewardRepositoryTests.AddCompetitionReward_DifferentRanks(cond: PlaceGrantCondition { maxPlace = 2, minPlace = 1, Type = ""place"" }, idx: 3)","RepositoriesTests.RepositoriesTests.CompetitionRewardRepositoryTests.AddCompetitionReward_DifferentRanks(GrantCondition cond, Int32 idx)",""
"passed","Fri Sep 26 18:55:18 GMT 2025","Fri Sep 26 18:55:18 GMT 2025","1","","","","ServicesUnitTests.ValidatorTests.PlayerProfileValidatorTests","ServicesUnitTests.ValidatorTests.PlayerProfileValidatorTests.CheckAccountCreation(comp: AccountCreationData { Account = CompetitiveBackend.Core.Objects.Account, Password =  }, expected: False)","ServicesUnitTests.ValidatorTests.PlayerProfileValidatorTests.CheckAccountCreation(AccountCreationData comp, Boolean expected)",""
"passed","Fri Sep 26 18:58:15 GMT 2025","Fri Sep 26 18:58:16 GMT 2025","1573","","","","RepositoriesTests.RepositoriesTests.PlayerRewardRepositoryBasicTests","RepositoriesTests.RepositoriesTests.PlayerRewardRepositoryBasicTests.GetPlayerRewards_Success(dt: DataLimiter { PartitionIndex = 0, Partition = 0, HasNoLimit = True, FirstIndex = 0, LastIndex = 0 })","RepositoriesTests.RepositoriesTests.PlayerRewardRepositoryBasicTests.GetPlayerRewards_Success(DataLimiter dt)",""
"passed","Fri Sep 26 18:56:02 GMT 2025","Fri Sep 26 18:56:23 GMT 2025","21717","","","","RepositoriesTests.RepositoriesTests.PlayerParticipationRepositoryTests","RepositoriesTests.RepositoriesTests.PlayerParticipationRepositoryTests.UpdateParticipationTest","RepositoriesTests.RepositoriesTests.PlayerParticipationRepositoryTests.UpdateParticipationTest",""
"passed","Fri Sep 26 18:56:51 GMT 2025","Fri Sep 26 18:56:55 GMT 2025","3749","","","","RepositoriesTests.RepositoriesTests.PlayerParticipationRepositoryTests","RepositoriesTests.RepositoriesTests.PlayerParticipationRepositoryTests.UpdateParticipationTest_Failure","RepositoriesTests.RepositoriesTests.PlayerParticipationRepositoryTests.UpdateParticipationTest_Failure",""
"passed","Fri Sep 26 18:55:18 GMT 2025","Fri Sep 26 18:55:18 GMT 2025","4","","","","ServicesUnitTests.ServiceTests.CompetitionServiceTests","ServicesUnitTests.ServiceTests.CompetitionServiceTests.CompetitionServiceTests_CreateCompetition_Bad2","ServicesUnitTests.ServiceTests.CompetitionServiceTests.CompetitionServiceTests_CreateCompetition_Bad2",""
"passed","Fri Sep 26 18:55:18 GMT 2025","Fri Sep 26 18:55:18 GMT 2025","0","","","","ServicesUnitTests.ValidatorTests.CompetitionValidatorTests","ServicesUnitTests.ValidatorTests.CompetitionValidatorTests.CheckOK(comp: Competition { Description = ""*********"", EndDate = 2025-01-01T01:10:01.0000000, Id = null, Name = ""Colon"", StartDate = 2025-01-01T01:01:01.0000000 }, expected: False)","ServicesUnitTests.ValidatorTests.CompetitionValidatorTests.CheckOK(Competition comp, Boolean expected)",""
"passed","Fri Sep 26 18:56:28 GMT 2025","Fri Sep 26 18:56:34 GMT 2025","5360","","","","RepositoriesTests.RepositoriesTests.PlayerParticipationRepositoryTests","RepositoriesTests.RepositoriesTests.PlayerParticipationRepositoryTests.GetParticipation(bindPlayer: True, bindCompetition: False)","RepositoriesTests.RepositoriesTests.PlayerParticipationRepositoryTests.GetParticipation(Boolean bindPlayer, Boolean bindCompetition)",""
"passed","Fri Sep 26 18:55:18 GMT 2025","Fri Sep 26 18:55:18 GMT 2025","2","","","","ServicesUnitTests.ServiceTests.AuthServiceTests","ServicesUnitTests.ServiceTests.AuthServiceTests.AuthService_CreateAccount_Success","ServicesUnitTests.ServiceTests.AuthServiceTests.AuthService_CreateAccount_Success",""
"passed","Fri Sep 26 18:56:51 GMT 2025","Fri Sep 26 18:56:55 GMT 2025","3918","","","","RepositoriesTests.RepositoriesTests.RewardDescriptionRepositoryTests","RepositoriesTests.RepositoriesTests.RewardDescriptionRepositoryTests.UpdateRewardDescription_Success","RepositoriesTests.RepositoriesTests.RewardDescriptionRepositoryTests.UpdateRewardDescription_Success",""
"passed","Fri Sep 26 18:55:18 GMT 2025","Fri Sep 26 18:55:18 GMT 2025","1","","","","ServicesUnitTests.ValidatorTests.PlayerProfileValidatorTests","ServicesUnitTests.ValidatorTests.PlayerProfileValidatorTests.CheckAccountCreation(comp: AccountCreationData { Account = CompetitiveBackend.Core.Objects.Account, Password = 12345678a }, expected: False)","ServicesUnitTests.ValidatorTests.PlayerProfileValidatorTests.CheckAccountCreation(AccountCreationData comp, Boolean expected)",""
"passed","Fri Sep 26 18:55:18 GMT 2025","Fri Sep 26 18:55:18 GMT 2025","7","","","","ServicesUnitTests.ServiceTests.PlayerParticipationServiceTests","ServicesUnitTests.ServiceTests.PlayerParticipationServiceTests.PlayerParticipationServiceTests_SubmitParticipation_CREATE","ServicesUnitTests.ServiceTests.PlayerParticipationServiceTests.PlayerParticipationServiceTests_SubmitParticipation_CREATE",""
"passed","Fri Sep 26 18:57:15 GMT 2025","Fri Sep 26 18:57:18 GMT 2025","3111","","","","RepositoriesTests.RepositoriesTests.GranterTests.BasicRewardGranterTests","RepositoriesTests.RepositoriesTests.GranterTests.BasicRewardGranterTests.GetMultipleRewardData(conditions: [RankGrantCondition { maxRank = 0.75, minRank = 0.25, Type = ""rank"" }, RankGrantCondition { maxRank = 1, minRank = 0.5, Type = ""rank"" }])","RepositoriesTests.RepositoriesTests.GranterTests.BasicRewardGranterTests.GetMultipleRewardData(GrantCondition[] conditions)",""
"passed","Fri Sep 26 18:57:55 GMT 2025","Fri Sep 26 18:57:58 GMT 2025","2583","","","","RepositoriesTests.RepositoriesTests.PlayerProfileRepositoryUnitTests","RepositoriesTests.RepositoriesTests.PlayerProfileRepositoryUnitTests.GetPlayerProfileImage_Failure","RepositoriesTests.RepositoriesTests.PlayerProfileRepositoryUnitTests.GetPlayerProfileImage_Failure",""
"passed","Fri Sep 26 18:55:18 GMT 2025","Fri Sep 26 18:55:18 GMT 2025","0","","","","ServicesUnitTests.ValidatorTests.PlayerProfileValidatorTests","ServicesUnitTests.ValidatorTests.PlayerProfileValidatorTests.CheckAccountCreation(comp: AccountCreationData { Account = CompetitiveBackend.Core.Objects.Account, Password = 123456a }, expected: False)","ServicesUnitTests.ValidatorTests.PlayerProfileValidatorTests.CheckAccountCreation(AccountCreationData comp, Boolean expected)",""
"passed","Fri Sep 26 18:55:18 GMT 2025","Fri Sep 26 18:55:18 GMT 2025","1","","","","ServicesUnitTests.ValidatorTests.PasswordConstraintTests","ServicesUnitTests.ValidatorTests.PasswordConstraintTests.LengthPasswordTest(password: ""1234"", isValid: True)","ServicesUnitTests.ValidatorTests.PasswordConstraintTests.LengthPasswordTest(String password, Boolean isValid)",""
"passed","Fri Sep 26 18:57:01 GMT 2025","Fri Sep 26 18:57:04 GMT 2025","3058","","","","RepositoriesTests.RepositoriesTests.PlayerParticipationRepositoryTests","RepositoriesTests.RepositoriesTests.PlayerParticipationRepositoryTests.GetLeaderboard(dt: DataLimiter { PartitionIndex = 0, Partition = 0, HasNoLimit = True, FirstIndex = 0, LastIndex = 0 }, bindPlayer: True, bindCompetition: False)","RepositoriesTests.RepositoriesTests.PlayerParticipationRepositoryTests.GetLeaderboard(DataLimiter dt, Boolean bindPlayer, Boolean bindCompetition)",""
"passed","Fri Sep 26 18:55:18 GMT 2025","Fri Sep 26 18:55:18 GMT 2025","7","","","","ServicesUnitTests.ServiceTests.CompetitionLevelServiceTests","ServicesUnitTests.ServiceTests.CompetitionLevelServiceTests.UpdateCompetitionLevelData_CallsRepositoryWithParameters","ServicesUnitTests.ServiceTests.CompetitionLevelServiceTests.UpdateCompetitionLevelData_CallsRepositoryWithParameters",""
"passed","Fri Sep 26 18:57:24 GMT 2025","Fri Sep 26 18:57:26 GMT 2025","2785","","","","RepositoriesTests.RepositoriesTests.CompetitionRewardRepositoryTests","RepositoriesTests.RepositoriesTests.CompetitionRewardRepositoryTests.UpdateCompetitionReward_Alien","RepositoriesTests.RepositoriesTests.CompetitionRewardRepositoryTests.UpdateCompetitionReward_Alien",""
"passed","Fri Sep 26 18:55:18 GMT 2025","Fri Sep 26 18:55:18 GMT 2025","8","","","","ServicesUnitTests.ServiceTests.CompetitionServiceTests","ServicesUnitTests.ServiceTests.CompetitionServiceTests.CompetitionServiceTest_GetCompetition","ServicesUnitTests.ServiceTests.CompetitionServiceTests.CompetitionServiceTest_GetCompetition",""
"passed","Fri Sep 26 19:00:39 GMT 2025","Fri Sep 26 19:00:39 GMT 2025","50","","","","IntegrationalTests.PlayerGetInfoTests","IntegrationalTests.PlayerGetInfoTests.GetAccountInfoFailure","IntegrationalTests.PlayerGetInfoTests.GetAccountInfoFailure",""
"passed","Fri Sep 26 18:58:19 GMT 2025","Fri Sep 26 18:58:21 GMT 2025","1399","","","","RepositoriesTests.RepositoriesTests.CompetitionRepositoryUnitTests","RepositoriesTests.RepositoriesTests.CompetitionRepositoryUnitTests.UpdateCompetition_Failure2","RepositoriesTests.RepositoriesTests.CompetitionRepositoryUnitTests.UpdateCompetition_Failure2",""
"passed","Fri Sep 26 18:57:54 GMT 2025","Fri Sep 26 18:57:55 GMT 2025","1649","","","","RepositoriesTests.RepositoriesTests.PlayerProfileRepositoryUnitTests","RepositoriesTests.RepositoriesTests.PlayerProfileRepositoryUnitTests.UpdatePlayerProfile_Success","RepositoriesTests.RepositoriesTests.PlayerProfileRepositoryUnitTests.UpdatePlayerProfile_Success",""
"passed","Fri Sep 26 18:56:48 GMT 2025","Fri Sep 26 18:56:52 GMT 2025","4080","","","","RepositoriesTests.RepositoriesTests.GranterTests.BasicRewardGranterTests","RepositoriesTests.RepositoriesTests.GranterTests.BasicRewardGranterTests.GrantRewardsByRank(minRank: 0.5, maxRank: 1)","RepositoriesTests.RepositoriesTests.GranterTests.BasicRewardGranterTests.GrantRewardsByRank(Single minRank, Single maxRank)",""
"passed","Fri Sep 26 18:55:18 GMT 2025","Fri Sep 26 18:55:18 GMT 2025","2","","","","ServicesUnitTests.ServiceTests.AuthServiceTests","ServicesUnitTests.ServiceTests.AuthServiceTests.AuthService_GetSessionToken","ServicesUnitTests.ServiceTests.AuthServiceTests.AuthService_GetSessionToken",""
"passed","Fri Sep 26 18:55:18 GMT 2025","Fri Sep 26 18:55:18 GMT 2025","7","","","","ServicesUnitTests.ServiceTests.CompetitionRewardSchedulerTests","ServicesUnitTests.ServiceTests.CompetitionRewardSchedulerTests.CompetitionRewardSchedulerTests_OnCompetitionUpdated","ServicesUnitTests.ServiceTests.CompetitionRewardSchedulerTests.CompetitionRewardSchedulerTests_OnCompetitionUpdated",""
"passed","Fri Sep 26 18:55:18 GMT 2025","Fri Sep 26 18:55:18 GMT 2025","0","","","","ServicesUnitTests.ValidatorTests.CompetitionValidatorTests","ServicesUnitTests.ValidatorTests.CompetitionValidatorTests.CheckOK(comp: Competition { Description = ""***********"", EndDate = 2025-01-01T01:10:01.0000000, Id = null, Name = ""Colon"", StartDate = 2025-01-01T01:01:01.0000000 }, expected: True)","ServicesUnitTests.ValidatorTests.CompetitionValidatorTests.CheckOK(Competition comp, Boolean expected)",""
"passed","Fri Sep 26 18:56:24 GMT 2025","Fri Sep 26 18:56:28 GMT 2025","4835","","","","RepositoriesTests.RepositoriesTests.AccountRepositoryUnitTests","RepositoriesTests.RepositoriesTests.AccountRepositoryUnitTests.GetAccount_Success_ID","RepositoriesTests.RepositoriesTests.AccountRepositoryUnitTests.GetAccount_Success_ID",""
"passed","Fri Sep 26 18:57:09 GMT 2025","Fri Sep 26 18:57:12 GMT 2025","3186","","","","RepositoriesTests.RepositoriesTests.CompetitionLevelRepositoryTests","RepositoriesTests.RepositoriesTests.CompetitionLevelRepositoryTests.GetLevelDataTests(platform: ""Android"", maxVersion: null, data: [4, 5, 6])","RepositoriesTests.RepositoriesTests.CompetitionLevelRepositoryTests.GetLevelDataTests(String platform, Nullable<Int32> maxVersion, Byte[] data)",""
"passed","Fri Sep 26 18:55:18 GMT 2025","Fri Sep 26 18:55:18 GMT 2025","2","","","","ServicesUnitTests.ServiceTests.CompetitionLevelServiceTests","ServicesUnitTests.ServiceTests.CompetitionLevelServiceTests.GetCompetitionLevelInfo_CallsRepositoryWithData","ServicesUnitTests.ServiceTests.CompetitionLevelServiceTests.GetCompetitionLevelInfo_CallsRepositoryWithData",""
"passed","Fri Sep 26 18:57:47 GMT 2025","Fri Sep 26 18:57:50 GMT 2025","2754","","","","RepositoriesTests.RepositoriesTests.PlayerProfileRepositoryUnitTests","RepositoriesTests.RepositoriesTests.PlayerProfileRepositoryUnitTests.GetPlayerProfileImage_Empty","RepositoriesTests.RepositoriesTests.PlayerProfileRepositoryUnitTests.GetPlayerProfileImage_Empty",""
"passed","Fri Sep 26 19:00:38 GMT 2025","Fri Sep 26 19:00:38 GMT 2025","662","","","","IntegrationalTests.AuthIntegrationTests","IntegrationalTests.AuthIntegrationTests.CreateAccount_BadNickname(name: """")","IntegrationalTests.AuthIntegrationTests.CreateAccount_BadNickname(String name)",""
"passed","Fri Sep 26 18:58:12 GMT 2025","Fri Sep 26 18:58:15 GMT 2025","2623","","","","RepositoriesTests.RepositoriesTests.PlayerRewardRepositoryBasicTests","RepositoriesTests.RepositoriesTests.PlayerRewardRepositoryBasicTests.GetPlayerRewards_Success(dt: DataLimiter { PartitionIndex = 2, Partition = 1, HasNoLimit = False, FirstIndex = 2, LastIndex = 3 })","RepositoriesTests.RepositoriesTests.PlayerRewardRepositoryBasicTests.GetPlayerRewards_Success(DataLimiter dt)",""
"passed","Fri Sep 26 18:55:18 GMT 2025","Fri Sep 26 18:55:18 GMT 2025","9","","","","ServicesUnitTests.ServiceTests.PlayerParticipationServiceTests","ServicesUnitTests.ServiceTests.PlayerParticipationServiceTests.PlayerParticipationServiceTests_GetPlayerParticipations","ServicesUnitTests.ServiceTests.PlayerParticipationServiceTests.PlayerParticipationServiceTests_GetPlayerParticipations",""
"passed","Fri Sep 26 18:57:12 GMT 2025","Fri Sep 26 18:57:15 GMT 2025","3118","","","","RepositoriesTests.RepositoriesTests.CompetitionLevelRepositoryTests","RepositoriesTests.RepositoriesTests.CompetitionLevelRepositoryTests.UpdateCompetitionLevelData(idx: 3)","RepositoriesTests.RepositoriesTests.CompetitionLevelRepositoryTests.UpdateCompetitionLevelData(Int32 idx)",""
"passed","Fri Sep 26 18:55:18 GMT 2025","Fri Sep 26 18:55:18 GMT 2025","0","","","","ServicesUnitTests.ValidatorTests.PlayerProfileValidatorTests","ServicesUnitTests.ValidatorTests.PlayerProfileValidatorTests.CheckAccountCreation(comp: AccountCreationData { Account = CompetitiveBackend.Core.Objects.Account, Password = 12345678 }, expected: False)","ServicesUnitTests.ValidatorTests.PlayerProfileValidatorTests.CheckAccountCreation(AccountCreationData comp, Boolean expected)",""
"passed","Fri Sep 26 18:57:31 GMT 2025","Fri Sep 26 18:57:34 GMT 2025","2642","","","","RepositoriesTests.RepositoriesTests.PlayerParticipationRepositoryTests","RepositoriesTests.RepositoriesTests.PlayerParticipationRepositoryTests.GetPlayerParticipations(dt: DataLimiter { PartitionIndex = 0, Partition = 0, HasNoLimit = True, FirstIndex = 0, LastIndex = 0 }, bindPlayer: True, bindCompetition: True)","RepositoriesTests.RepositoriesTests.PlayerParticipationRepositoryTests.GetPlayerParticipations(DataLimiter dt, Boolean bindPlayer, Boolean bindCompetition)",""
"passed","Fri Sep 26 19:00:38 GMT 2025","Fri Sep 26 19:00:39 GMT 2025","1403","","","","IntegrationalTests.ConflictingLoginTests","IntegrationalTests.ConflictingLoginTests.ConflictingLogin","IntegrationalTests.ConflictingLoginTests.ConflictingLogin",""
"passed","Fri Sep 26 18:55:18 GMT 2025","Fri Sep 26 18:55:18 GMT 2025","103","","","","ServicesUnitTests.ServiceTests.PlayerProfileServiceTests","ServicesUnitTests.ServiceTests.PlayerProfileServiceTests.PlayerProfileService_UpdatePlayerProfile","ServicesUnitTests.ServiceTests.PlayerProfileServiceTests.PlayerProfileService_UpdatePlayerProfile",""
"passed","Fri Sep 26 18:57:21 GMT 2025","Fri Sep 26 18:57:24 GMT 2025","2901","","","","RepositoriesTests.RepositoriesTests.CompetitionRewardRepositoryTests","RepositoriesTests.RepositoriesTests.CompetitionRewardRepositoryTests.DeleteCompetitionReward_Success(idx: 1)","RepositoriesTests.RepositoriesTests.CompetitionRewardRepositoryTests.DeleteCompetitionReward_Success(Int32 idx)",""
"passed","Fri Sep 26 18:57:02 GMT 2025","Fri Sep 26 18:57:05 GMT 2025","3375","","","","RepositoriesTests.RepositoriesTests.CompetitionRewardRepositoryTests","RepositoriesTests.RepositoriesTests.CompetitionRewardRepositoryTests.AddCompetitionReward_DifferentRanks(cond: PlaceGrantCondition { maxPlace = 2, minPlace = 2, Type = ""place"" }, idx: 4)","RepositoriesTests.RepositoriesTests.CompetitionRewardRepositoryTests.AddCompetitionReward_DifferentRanks(GrantCondition cond, Int32 idx)",""
"passed","Fri Sep 26 18:57:56 GMT 2025","Fri Sep 26 18:57:57 GMT 2025","1533","","","","RepositoriesTests.RepositoriesTests.CompetitionLevelRepositoryTests","RepositoriesTests.RepositoriesTests.CompetitionLevelRepositoryTests.DeleteCompetitionLevelData_Failure","RepositoriesTests.RepositoriesTests.CompetitionLevelRepositoryTests.DeleteCompetitionLevelData_Failure",""
"passed","Fri Sep 26 19:00:39 GMT 2025","Fri Sep 26 19:00:39 GMT 2025","44","","","","IntegrationalTests.AuthIntegrationTests","IntegrationalTests.AuthIntegrationTests.LogIn","IntegrationalTests.AuthIntegrationTests.LogIn",""
"passed","Fri Sep 26 18:58:16 GMT 2025","Fri Sep 26 18:58:18 GMT 2025","1445","","","","RepositoriesTests.RepositoriesTests.CompetitionRepositoryUnitTests","RepositoriesTests.RepositoriesTests.CompetitionRepositoryUnitTests.GetAllCompetitions_Empty(dt: DataLimiter { PartitionIndex = 2, Partition = 1, HasNoLimit = False, FirstIndex = 2, LastIndex = 3 })","RepositoriesTests.RepositoriesTests.CompetitionRepositoryUnitTests.GetAllCompetitions_Empty(DataLimiter dt)",""
"passed","Fri Sep 26 18:57:18 GMT 2025","Fri Sep 26 18:57:21 GMT 2025","3108","","","","RepositoriesTests.RepositoriesTests.GranterTests.BasicRewardGranterTests","RepositoriesTests.RepositoriesTests.GranterTests.BasicRewardGranterTests.GetMultipleRewardData(conditions: [RankGrantCondition { maxRank = 0, minRank = 0, Type = ""rank"" }, PlaceGrantCondition { maxPlace = 1, minPlace = 1, Type = ""place"" }])","RepositoriesTests.RepositoriesTests.GranterTests.BasicRewardGranterTests.GetMultipleRewardData(GrantCondition[] conditions)",""
"passed","Fri Sep 26 18:56:35 GMT 2025","Fri Sep 26 18:56:39 GMT 2025","4271","","","","RepositoriesTests.RepositoriesTests.CompetitionRewardRepositoryTests","RepositoriesTests.RepositoriesTests.CompetitionRewardRepositoryTests.UpdateCompetitionReward(cond: PlaceGrantCondition { maxPlace = 2, minPlace = 1, Type = ""place"" }, idx: 3)","RepositoriesTests.RepositoriesTests.CompetitionRewardRepositoryTests.UpdateCompetitionReward(GrantCondition cond, Int32 idx)",""
"passed","Fri Sep 26 18:57:36 GMT 2025","Fri Sep 26 18:57:38 GMT 2025","1782","","","","RepositoriesTests.RepositoriesTests.CompetitionLevelRepositoryTests","RepositoriesTests.RepositoriesTests.CompetitionLevelRepositoryTests.DeleteCompetitionLevelData(idx: 3)","RepositoriesTests.RepositoriesTests.CompetitionLevelRepositoryTests.DeleteCompetitionLevelData(Int32 idx)",""
"passed","Fri Sep 26 18:55:18 GMT 2025","Fri Sep 26 18:55:18 GMT 2025","2","","","","ServicesUnitTests.ServiceTests.RewardDescriptionServiceTests","ServicesUnitTests.ServiceTests.RewardDescriptionServiceTests.RewardDescriptionServiceTests_GetRewardDescription","ServicesUnitTests.ServiceTests.RewardDescriptionServiceTests.RewardDescriptionServiceTests_GetRewardDescription",""
"passed","Fri Sep 26 18:55:18 GMT 2025","Fri Sep 26 18:55:18 GMT 2025","0","","","","ServicesUnitTests.ValidatorTests.PlayerProfileValidatorTests","ServicesUnitTests.ValidatorTests.PlayerProfileValidatorTests.CheckPlayerProfile(comp: PlayerProfile { Description = ""*****************"", Id = 0, Name = ""****************"" }, expected: False)","ServicesUnitTests.ValidatorTests.PlayerProfileValidatorTests.CheckPlayerProfile(PlayerProfile comp, Boolean expected)",""
"passed","Fri Sep 26 18:57:59 GMT 2025","Fri Sep 26 18:58:02 GMT 2025","2649","","","","RepositoriesTests.RepositoriesTests.PlayerRewardRepositoryBasicTests","RepositoriesTests.RepositoriesTests.PlayerRewardRepositoryBasicTests.DeleteReward_Failure","RepositoriesTests.RepositoriesTests.PlayerRewardRepositoryBasicTests.DeleteReward_Failure",""
"passed","Fri Sep 26 18:58:16 GMT 2025","Fri Sep 26 18:58:18 GMT 2025","1576","","","","RepositoriesTests.RepositoriesTests.PlayerRewardRepositoryBasicTests","RepositoriesTests.RepositoriesTests.PlayerRewardRepositoryBasicTests.DeleteReward_Success","RepositoriesTests.RepositoriesTests.PlayerRewardRepositoryBasicTests.DeleteReward_Success",""
"passed","Fri Sep 26 18:57:51 GMT 2025","Fri Sep 26 18:57:54 GMT 2025","2605","","","","RepositoriesTests.RepositoriesTests.PlayerProfileRepositoryUnitTests","RepositoriesTests.RepositoriesTests.PlayerProfileRepositoryUnitTests.GetPlayerProfileImage_Success","RepositoriesTests.RepositoriesTests.PlayerProfileRepositoryUnitTests.GetPlayerProfileImage_Success",""
"passed","Fri Sep 26 18:57:26 GMT 2025","Fri Sep 26 18:57:29 GMT 2025","2845","","","","RepositoriesTests.RepositoriesTests.CompetitionLevelRepositoryTests","RepositoriesTests.RepositoriesTests.CompetitionLevelRepositoryTests.UpdateCompetitionLevelInfo(idx: 2)","RepositoriesTests.RepositoriesTests.CompetitionLevelRepositoryTests.UpdateCompetitionLevelInfo(Int32 idx)",""
"passed","Fri Sep 26 18:55:18 GMT 2025","Fri Sep 26 18:55:18 GMT 2025","1","","","","ServicesUnitTests.ValidatorTests.PlayerProfileValidatorTests","ServicesUnitTests.ValidatorTests.PlayerProfileValidatorTests.CheckAccountCreation(comp: AccountCreationData { Account = CompetitiveBackend.Core.Objects.Account, Password = 1234 }, expected: False)","ServicesUnitTests.ValidatorTests.PlayerProfileValidatorTests.CheckAccountCreation(AccountCreationData comp, Boolean expected)",""
"passed","Fri Sep 26 18:55:18 GMT 2025","Fri Sep 26 18:55:18 GMT 2025","0","","","","ServicesUnitTests.ValidatorTests.PlayerProfileValidatorTests","ServicesUnitTests.ValidatorTests.PlayerProfileValidatorTests.CheckAccountCreation(comp: AccountCreationData { Account = CompetitiveBackend.Core.Objects.Account, Password = 123456a }, expected: False)","ServicesUnitTests.ValidatorTests.PlayerProfileValidatorTests.CheckAccountCreation(AccountCreationData comp, Boolean expected)",""
"passed","Fri Sep 26 18:55:18 GMT 2025","Fri Sep 26 18:55:18 GMT 2025","2","","","","ServicesUnitTests.ServiceTests.PlayerRewardServiceTests","ServicesUnitTests.ServiceTests.PlayerRewardServiceTests.PlayerRewardServiceTest_GrantRewardToPlayer","ServicesUnitTests.ServiceTests.PlayerRewardServiceTests.PlayerRewardServiceTest_GrantRewardToPlayer",""
"passed","Fri Sep 26 18:56:58 GMT 2025","Fri Sep 26 18:57:01 GMT 2025","3210","","","","RepositoriesTests.RepositoriesTests.PlayerParticipationRepositoryTests","RepositoriesTests.RepositoriesTests.PlayerParticipationRepositoryTests.GetLeaderboard(dt: DataLimiter { PartitionIndex = 0, Partition = 0, HasNoLimit = True, FirstIndex = 0, LastIndex = 0 }, bindPlayer: False, bindCompetition: False)","RepositoriesTests.RepositoriesTests.PlayerParticipationRepositoryTests.GetLeaderboard(DataLimiter dt, Boolean bindPlayer, Boolean bindCompetition)",""
"passed","Fri Sep 26 18:55:18 GMT 2025","Fri Sep 26 18:55:18 GMT 2025","4","","","","ServicesUnitTests.ServiceTests.PlayerParticipationServiceTests","ServicesUnitTests.ServiceTests.PlayerParticipationServiceTests.PlayerParticipationServiceTests_GetParticipation","ServicesUnitTests.ServiceTests.PlayerParticipationServiceTests.PlayerParticipationServiceTests_GetParticipation",""
"passed","Fri Sep 26 18:56:40 GMT 2025","Fri Sep 26 18:56:44 GMT 2025","4105","","","","RepositoriesTests.RepositoriesTests.GranterTests.BasicRewardGranterTests","RepositoriesTests.RepositoriesTests.GranterTests.BasicRewardGranterTests.GrantRewardsByRank(minRank: 0, maxRank: 1)","RepositoriesTests.RepositoriesTests.GranterTests.BasicRewardGranterTests.GrantRewardsByRank(Single minRank, Single maxRank)",""
"passed","Fri Sep 26 18:55:18 GMT 2025","Fri Sep 26 18:55:18 GMT 2025","0","","","","ServicesUnitTests.ValidatorTests.PlayerProfileValidatorTests","ServicesUnitTests.ValidatorTests.PlayerProfileValidatorTests.CheckPlayerProfile(comp: PlayerProfile { Description = ""****************"", Id = 0, Name = ""****************"" }, expected: True)","ServicesUnitTests.ValidatorTests.PlayerProfileValidatorTests.CheckPlayerProfile(PlayerProfile comp, Boolean expected)",""
"passed","Fri Sep 26 18:57:18 GMT 2025","Fri Sep 26 18:57:22 GMT 2025","3102","","","","RepositoriesTests.RepositoriesTests.CompetitionLevelRepositoryTests","RepositoriesTests.RepositoriesTests.CompetitionLevelRepositoryTests.UpdateCompetitionLevelData(idx: 1)","RepositoriesTests.RepositoriesTests.CompetitionLevelRepositoryTests.UpdateCompetitionLevelData(Int32 idx)",""
"passed","Fri Sep 26 18:55:18 GMT 2025","Fri Sep 26 18:55:18 GMT 2025","0","","","","ServicesUnitTests.ValidatorTests.PlayerProfileValidatorTests","ServicesUnitTests.ValidatorTests.PlayerProfileValidatorTests.CheckAccountCreation(comp: AccountCreationData { Account = CompetitiveBackend.Core.Objects.Account, Password = 123a5678 }, expected: False)","ServicesUnitTests.ValidatorTests.PlayerProfileValidatorTests.CheckAccountCreation(AccountCreationData comp, Boolean expected)",""
"passed","Fri Sep 26 18:56:38 GMT 2025","Fri Sep 26 18:56:43 GMT 2025","4557","","","","RepositoriesTests.RepositoriesTests.RewardDescriptionRepositoryTests","RepositoriesTests.RepositoriesTests.RewardDescriptionRepositoryTests.UpdateRewardDescription_Failure","RepositoriesTests.RepositoriesTests.RewardDescriptionRepositoryTests.UpdateRewardDescription_Failure",""
"passed","Fri Sep 26 18:55:18 GMT 2025","Fri Sep 26 18:55:18 GMT 2025","0","","","","ServicesUnitTests.ValidatorTests.PlayerProfileValidatorTests","ServicesUnitTests.ValidatorTests.PlayerProfileValidatorTests.CheckAccount(comp: Account { Email = """", Id = null, Login = ""*****************"" }, expected: False)","ServicesUnitTests.ValidatorTests.PlayerProfileValidatorTests.CheckAccount(Account comp, Boolean expected)",""
"passed","Fri Sep 26 18:57:34 GMT 2025","Fri Sep 26 18:57:36 GMT 2025","2791","","","","RepositoriesTests.RepositoriesTests.CompetitionLevelRepositoryTests","RepositoriesTests.RepositoriesTests.CompetitionLevelRepositoryTests.DeleteCompetitionLevelData(idx: 1)","RepositoriesTests.RepositoriesTests.CompetitionLevelRepositoryTests.DeleteCompetitionLevelData(Int32 idx)",""
"passed","Fri Sep 26 18:57:06 GMT 2025","Fri Sep 26 18:57:09 GMT 2025","3094","","","","RepositoriesTests.RepositoriesTests.GranterTests.BasicRewardGranterTests","RepositoriesTests.RepositoriesTests.GranterTests.BasicRewardGranterTests.GrantRewardsWithoutParticipants","RepositoriesTests.RepositoriesTests.GranterTests.BasicRewardGranterTests.GrantRewardsWithoutParticipants",""
"passed","Fri Sep 26 18:55:18 GMT 2025","Fri Sep 26 18:55:18 GMT 2025","4","","","","ServicesUnitTests.ServiceTests.CompetitionLevelServiceTests","ServicesUnitTests.ServiceTests.CompetitionLevelServiceTests.UpdateCompetitionLevelInfo_CallsRepositoryWithData","ServicesUnitTests.ServiceTests.CompetitionLevelServiceTests.UpdateCompetitionLevelInfo_CallsRepositoryWithData",""
"passed","Fri Sep 26 18:56:44 GMT 2025","Fri Sep 26 18:56:48 GMT 2025","4148","","","","RepositoriesTests.RepositoriesTests.GranterTests.BasicRewardGranterTests","RepositoriesTests.RepositoriesTests.GranterTests.BasicRewardGranterTests.GrantRewardsByRank(minRank: 1, maxRank: 1)","RepositoriesTests.RepositoriesTests.GranterTests.BasicRewardGranterTests.GrantRewardsByRank(Single minRank, Single maxRank)",""
"passed","Fri Sep 26 19:00:38 GMT 2025","Fri Sep 26 19:00:39 GMT 2025","428","","","","IntegrationalTests.AuthIntegrationTests","IntegrationalTests.AuthIntegrationTests.CreateAccount_BadNickname(name: ""thats my login!"")","IntegrationalTests.AuthIntegrationTests.CreateAccount_BadNickname(String name)",""
"passed","Fri Sep 26 18:55:18 GMT 2025","Fri Sep 26 18:55:18 GMT 2025","11","","","","ServicesUnitTests.ServiceTests.PlayerProfileServiceTests","ServicesUnitTests.ServiceTests.PlayerProfileServiceTests.PlayerProfileService_GetPlayerProfileImage","ServicesUnitTests.ServiceTests.PlayerProfileServiceTests.PlayerProfileService_GetPlayerProfileImage",""
"passed","Fri Sep 26 18:55:18 GMT 2025","Fri Sep 26 18:55:18 GMT 2025","8","","","","ServicesUnitTests.ValidatorTests.CompetitionValidatorTests","ServicesUnitTests.ValidatorTests.CompetitionValidatorTests.CheckOK(comp: Competition { Description = ""**********"", EndDate = 2025-01-01T01:10:01.0000000, Id = null, Name = ""Abob"", StartDate = 2025-01-01T01:01:01.0000000 }, expected: True)","ServicesUnitTests.ValidatorTests.CompetitionValidatorTests.CheckOK(Competition comp, Boolean expected)",""
"passed","Fri Sep 26 18:55:18 GMT 2025","Fri Sep 26 18:55:18 GMT 2025","4","","","","ServicesUnitTests.ValidatorTests.PlayerProfileValidatorTests","ServicesUnitTests.ValidatorTests.PlayerProfileValidatorTests.CheckPlayerProfile(comp: PlayerProfile { Description = ""*"", Id = 0, Name = ""**********"" }, expected: True)","ServicesUnitTests.ValidatorTests.PlayerProfileValidatorTests.CheckPlayerProfile(PlayerProfile comp, Boolean expected)",""
"passed","Fri Sep 26 18:57:25 GMT 2025","Fri Sep 26 18:57:26 GMT 2025","1647","","","","RepositoriesTests.RepositoriesTests.CompetitionLevelRepositoryTests","RepositoriesTests.RepositoriesTests.CompetitionLevelRepositoryTests.UpdateCompetitionLevelInfo(idx: 1)","RepositoriesTests.RepositoriesTests.CompetitionLevelRepositoryTests.UpdateCompetitionLevelInfo(Int32 idx)",""
"passed","Fri Sep 26 18:57:39 GMT 2025","Fri Sep 26 18:57:41 GMT 2025","1703","","","","RepositoriesTests.RepositoriesTests.PlayerParticipationRepositoryTests","RepositoriesTests.RepositoriesTests.PlayerParticipationRepositoryTests.GetPlayerParticipations(dt: DataLimiter { PartitionIndex = 1, Partition = 2, HasNoLimit = False, FirstIndex = 2, LastIndex = 4 }, bindPlayer: False, bindCompetition: True)","RepositoriesTests.RepositoriesTests.PlayerParticipationRepositoryTests.GetPlayerParticipations(DataLimiter dt, Boolean bindPlayer, Boolean bindCompetition)",""
"passed","Fri Sep 26 19:00:39 GMT 2025","Fri Sep 26 19:00:39 GMT 2025","23","","","","IntegrationalTests.CompetitionIntegrationTests","IntegrationalTests.CompetitionIntegrationTests.CompetitionFetchAll","IntegrationalTests.CompetitionIntegrationTests.CompetitionFetchAll",""
"passed","Fri Sep 26 18:56:47 GMT 2025","Fri Sep 26 18:56:51 GMT 2025","3879","","","","RepositoriesTests.RepositoriesTests.PlayerParticipationRepositoryTests","RepositoriesTests.RepositoriesTests.PlayerParticipationRepositoryTests.CreateParticipationTest_AlreadyExist","RepositoriesTests.RepositoriesTests.PlayerParticipationRepositoryTests.CreateParticipationTest_AlreadyExist",""
"passed","Fri Sep 26 18:58:10 GMT 2025","Fri Sep 26 18:58:12 GMT 2025","2529","","","","RepositoriesTests.RepositoriesTests.CompetitionRepositoryUnitTests","RepositoriesTests.RepositoriesTests.CompetitionRepositoryUnitTests.GetAllCompetitions_Empty(dt: DataLimiter { PartitionIndex = 0, Partition = 2, HasNoLimit = False, FirstIndex = 0, LastIndex = 2 })","RepositoriesTests.RepositoriesTests.CompetitionRepositoryUnitTests.GetAllCompetitions_Empty(DataLimiter dt)",""
"passed","Fri Sep 26 18:55:18 GMT 2025","Fri Sep 26 18:55:18 GMT 2025","11","","","","ServicesUnitTests.ServiceTests.CompetitionServiceTests","ServicesUnitTests.ServiceTests.CompetitionServiceTests.CompetitionServiceTest_UpdateCompetition_Bad3","ServicesUnitTests.ServiceTests.CompetitionServiceTests.CompetitionServiceTest_UpdateCompetition_Bad3",""
"passed","Fri Sep 26 18:55:18 GMT 2025","Fri Sep 26 18:55:18 GMT 2025","11","","","","ServicesUnitTests.ValidatorTests.PlayerProfileValidatorTests","ServicesUnitTests.ValidatorTests.PlayerProfileValidatorTests.CheckAccountCreation(comp: AccountCreationData { Account = CompetitiveBackend.Core.Objects.Account, Password = 1234 }, expected: False)","ServicesUnitTests.ValidatorTests.PlayerProfileValidatorTests.CheckAccountCreation(AccountCreationData comp, Boolean expected)",""
"passed","Fri Sep 26 18:55:18 GMT 2025","Fri Sep 26 18:55:18 GMT 2025","10","","","","ServicesUnitTests.ServiceTests.PlayerProfileServiceTests","ServicesUnitTests.ServiceTests.PlayerProfileServiceTests.PlayerProfileService_GetPlayerProfile","ServicesUnitTests.ServiceTests.PlayerProfileServiceTests.PlayerProfileService_GetPlayerProfile",""
"passed","Fri Sep 26 18:58:02 GMT 2025","Fri Sep 26 18:58:03 GMT 2025","1514","","","","RepositoriesTests.RepositoriesTests.CompetitionLevelRepositoryTests","RepositoriesTests.RepositoriesTests.CompetitionLevelRepositoryTests.UpdateCompetitionLevel_Failure","RepositoriesTests.RepositoriesTests.CompetitionLevelRepositoryTests.UpdateCompetitionLevel_Failure",""
"passed","Fri Sep 26 18:55:18 GMT 2025","Fri Sep 26 18:55:18 GMT 2025","0","","","","ServicesUnitTests.ValidatorTests.PlayerProfileValidatorTests","ServicesUnitTests.ValidatorTests.PlayerProfileValidatorTests.CheckAccountCreation(comp: AccountCreationData { Account = CompetitiveBackend.Core.Objects.Account, Password = 12345678 }, expected: False)","ServicesUnitTests.ValidatorTests.PlayerProfileValidatorTests.CheckAccountCreation(AccountCreationData comp, Boolean expected)",""
"passed","Fri Sep 26 18:56:28 GMT 2025","Fri Sep 26 18:56:34 GMT 2025","5093","","","","RepositoriesTests.RepositoriesTests.AccountRepositoryUnitTests","RepositoriesTests.RepositoriesTests.AccountRepositoryUnitTests.GetAccount_Erroneous_Login","RepositoriesTests.RepositoriesTests.AccountRepositoryUnitTests.GetAccount_Erroneous_Login",""
"passed","Fri Sep 26 18:55:18 GMT 2025","Fri Sep 26 18:55:18 GMT 2025","3","","","","ServicesUnitTests.ServiceTests.CompetitionRewardServiceTests","ServicesUnitTests.ServiceTests.CompetitionRewardServiceTests.CompetitionRewardServiceTests_CreateCompetitionReward","ServicesUnitTests.ServiceTests.CompetitionRewardServiceTests.CompetitionRewardServiceTests_CreateCompetitionReward",""
"passed","Fri Sep 26 18:55:18 GMT 2025","Fri Sep 26 18:55:18 GMT 2025","6","","","","ServicesUnitTests.ServiceTests.CompetitionLevelServiceTests","ServicesUnitTests.ServiceTests.CompetitionLevelServiceTests.GetAllLevelData_CallsRepositoryWithCorrectId","ServicesUnitTests.ServiceTests.CompetitionLevelServiceTests.GetAllLevelData_CallsRepositoryWithCorrectId",""
"passed","Fri Sep 26 18:58:02 GMT 2025","Fri Sep 26 18:58:04 GMT 2025","1565","","","","RepositoriesTests.RepositoriesTests.PlayerRewardRepositoryBasicTests","RepositoriesTests.RepositoriesTests.PlayerRewardRepositoryBasicTests.AddReward_Failure","RepositoriesTests.RepositoriesTests.PlayerRewardRepositoryBasicTests.AddReward_Failure",""
"passed","Fri Sep 26 18:57:09 GMT 2025","Fri Sep 26 18:57:12 GMT 2025","3130","","","","RepositoriesTests.RepositoriesTests.GranterTests.BasicRewardGranterTests","RepositoriesTests.RepositoriesTests.GranterTests.BasicRewardGranterTests.GetMultipleRewardData(conditions: [PlaceGrantCondition { maxPlace = 1, minPlace = 1, Type = ""place"" }, PlaceGrantCondition { maxPlace = 2, minPlace = 2, Type = ""place"" }])","RepositoriesTests.RepositoriesTests.GranterTests.BasicRewardGranterTests.GetMultipleRewardData(GrantCondition[] conditions)",""
"passed","Fri Sep 26 18:57:03 GMT 2025","Fri Sep 26 18:57:06 GMT 2025","3184","","","","RepositoriesTests.RepositoriesTests.GranterTests.BasicRewardGranterTests","RepositoriesTests.RepositoriesTests.GranterTests.BasicRewardGranterTests.CannotGrantTwice","RepositoriesTests.RepositoriesTests.GranterTests.BasicRewardGranterTests.CannotGrantTwice",""
"passed","Fri Sep 26 18:55:18 GMT 2025","Fri Sep 26 18:55:18 GMT 2025","3","","","","ServicesUnitTests.ServiceTests.RewardDescriptionServiceTests","ServicesUnitTests.ServiceTests.RewardDescriptionServiceTests.RewardDescriptionServiceTests_UpdateRewardDescription_Failure","ServicesUnitTests.ServiceTests.RewardDescriptionServiceTests.RewardDescriptionServiceTests_UpdateRewardDescription_Failure",""
"passed","Fri Sep 26 18:55:18 GMT 2025","Fri Sep 26 18:55:18 GMT 2025","1","","","","ServicesUnitTests.ValidatorTests.PasswordConstraintTests","ServicesUnitTests.ValidatorTests.PasswordConstraintTests.LettersPasswordTest(password: ""1234__"", isValid: False)","ServicesUnitTests.ValidatorTests.PasswordConstraintTests.LettersPasswordTest(String password, Boolean isValid)",""
"passed","Fri Sep 26 18:57:01 GMT 2025","Fri Sep 26 18:57:04 GMT 2025","3079","","","","RepositoriesTests.RepositoriesTests.GranterTests.StoredProcedureGranterTests","RepositoriesTests.RepositoriesTests.GranterTests.StoredProcedureGranterTests.MissingCompetition","RepositoriesTests.RepositoriesTests.GranterTests.StoredProcedureGranterTests.MissingCompetition",""
"passed","Fri Sep 26 18:57:11 GMT 2025","Fri Sep 26 18:57:14 GMT 2025","3061","","","","RepositoriesTests.RepositoriesTests.CompetitionRewardRepositoryTests","RepositoriesTests.RepositoriesTests.CompetitionRewardRepositoryTests.GetCompetitionRewards_Success(idx: 1)","RepositoriesTests.RepositoriesTests.CompetitionRewardRepositoryTests.GetCompetitionRewards_Success(Int32 idx)",""
"passed","Fri Sep 26 18:56:52 GMT 2025","Fri Sep 26 18:56:56 GMT 2025","3801","","","","RepositoriesTests.RepositoriesTests.GranterTests.BasicRewardGranterTests","RepositoriesTests.RepositoriesTests.GranterTests.BasicRewardGranterTests.GrantRewardsByRank(minRank: 0.25, maxRank: 0.75)","RepositoriesTests.RepositoriesTests.GranterTests.BasicRewardGranterTests.GrantRewardsByRank(Single minRank, Single maxRank)",""
"passed","Fri Sep 26 18:55:18 GMT 2025","Fri Sep 26 18:55:18 GMT 2025","0","","","","ServicesUnitTests.ValidatorTests.PlayerProfileValidatorTests","ServicesUnitTests.ValidatorTests.PlayerProfileValidatorTests.CheckAccountCreation(comp: AccountCreationData { Account = CompetitiveBackend.Core.Objects.Account, Password = 12345678a }, expected: True)","ServicesUnitTests.ValidatorTests.PlayerProfileValidatorTests.CheckAccountCreation(AccountCreationData comp, Boolean expected)",""
"passed","Fri Sep 26 18:57:21 GMT 2025","Fri Sep 26 18:57:24 GMT 2025","3046","","","","RepositoriesTests.RepositoriesTests.GranterTests.BasicRewardGranterTests","RepositoriesTests.RepositoriesTests.GranterTests.BasicRewardGranterTests.GrantRewardsTwoParticipantsWithSameScore","RepositoriesTests.RepositoriesTests.GranterTests.BasicRewardGranterTests.GrantRewardsTwoParticipantsWithSameScore",""
"passed","Fri Sep 26 18:57:26 GMT 2025","Fri Sep 26 18:57:28 GMT 2025","2674","","","","RepositoriesTests.RepositoriesTests.PlayerParticipationRepositoryTests","RepositoriesTests.RepositoriesTests.PlayerParticipationRepositoryTests.GetPlayerParticipations(dt: DataLimiter { PartitionIndex = 0, Partition = 0, HasNoLimit = True, FirstIndex = 0, LastIndex = 0 }, bindPlayer: True, bindCompetition: False)","RepositoriesTests.RepositoriesTests.PlayerParticipationRepositoryTests.GetPlayerParticipations(DataLimiter dt, Boolean bindPlayer, Boolean bindCompetition)",""
"passed","Fri Sep 26 18:55:18 GMT 2025","Fri Sep 26 18:55:18 GMT 2025","0","","","","ServicesUnitTests.ValidatorTests.PlayerProfileValidatorTests","ServicesUnitTests.ValidatorTests.PlayerProfileValidatorTests.CheckPlayerProfile(comp: PlayerProfile { Description = ""*"", Id = 0, Name = ""*****************"" }, expected: False)","ServicesUnitTests.ValidatorTests.PlayerProfileValidatorTests.CheckPlayerProfile(PlayerProfile comp, Boolean expected)",""
"passed","Fri Sep 26 19:00:36 GMT 2025","Fri Sep 26 19:00:39 GMT 2025","2537","","","","IntegrationalTests.CompetitionIntegrationTests","IntegrationalTests.CompetitionIntegrationTests.CompetitionFetchOne","IntegrationalTests.CompetitionIntegrationTests.CompetitionFetchOne",""
"passed","Fri Sep 26 18:55:18 GMT 2025","Fri Sep 26 18:55:18 GMT 2025","9","","","","ServicesUnitTests.ServiceTests.RewardDescriptionServiceTests","ServicesUnitTests.ServiceTests.RewardDescriptionServiceTests.RewardDescriptionServiceTests_CreateRewardDescription","ServicesUnitTests.ServiceTests.RewardDescriptionServiceTests.RewardDescriptionServiceTests_CreateRewardDescription",""
"passed","Fri Sep 26 18:55:18 GMT 2025","Fri Sep 26 18:55:18 GMT 2025","0","","","","ServicesUnitTests.ValidatorTests.PlayerProfileValidatorTests","ServicesUnitTests.ValidatorTests.PlayerProfileValidatorTests.CheckAccountCreation(comp: AccountCreationData { Account = CompetitiveBackend.Core.Objects.Account, Password = 123a5678 }, expected: False)","ServicesUnitTests.ValidatorTests.PlayerProfileValidatorTests.CheckAccountCreation(AccountCreationData comp, Boolean expected)",""
"passed","Fri Sep 26 18:56:49 GMT 2025","Fri Sep 26 18:56:53 GMT 2025","3654","","","","RepositoriesTests.RepositoriesTests.CompetitionLevelRepositoryTests","RepositoriesTests.RepositoriesTests.CompetitionLevelRepositoryTests.GetSpecificLevelDataInfo(idx: 3)","RepositoriesTests.RepositoriesTests.CompetitionLevelRepositoryTests.GetSpecificLevelDataInfo(Int32 idx)",""
"passed","Fri Sep 26 18:57:41 GMT 2025","Fri Sep 26 18:57:44 GMT 2025","2868","","","","RepositoriesTests.RepositoriesTests.PlayerParticipationRepositoryTests","RepositoriesTests.RepositoriesTests.PlayerParticipationRepositoryTests.GetPlayerParticipations(dt: DataLimiter { PartitionIndex = 1, Partition = 2, HasNoLimit = False, FirstIndex = 2, LastIndex = 4 }, bindPlayer: True, bindCompetition: True)","RepositoriesTests.RepositoriesTests.PlayerParticipationRepositoryTests.GetPlayerParticipations(DataLimiter dt, Boolean bindPlayer, Boolean bindCompetition)",""
"passed","Fri Sep 26 18:57:19 GMT 2025","Fri Sep 26 18:57:22 GMT 2025","3134","","","","RepositoriesTests.RepositoriesTests.GranterTests.StoredProcedureGranterTests","RepositoriesTests.RepositoriesTests.GranterTests.StoredProcedureGranterTests.GrantRewardsTwoParticipants","RepositoriesTests.RepositoriesTests.GranterTests.StoredProcedureGranterTests.GrantRewardsTwoParticipants",""
"passed","Fri Sep 26 18:58:30 GMT 2025","Fri Sep 26 18:58:31 GMT 2025","1495","","","","RepositoriesTests.RepositoriesTests.CompetitionRepositoryUnitTests","RepositoriesTests.RepositoriesTests.CompetitionRepositoryUnitTests.GetAllCompetitions_Basic(dt: DataLimiter { PartitionIndex = 0, Partition = 2, HasNoLimit = False, FirstIndex = 0, LastIndex = 2 })","RepositoriesTests.RepositoriesTests.CompetitionRepositoryUnitTests.GetAllCompetitions_Basic(DataLimiter dt)",""
"passed","Fri Sep 26 18:55:18 GMT 2025","Fri Sep 26 18:55:18 GMT 2025","0","","","","ServicesUnitTests.ValidatorTests.PlayerProfileValidatorTests","ServicesUnitTests.ValidatorTests.PlayerProfileValidatorTests.CheckAccountCreation(comp: AccountCreationData { Account = CompetitiveBackend.Core.Objects.Account, Password =  }, expected: False)","ServicesUnitTests.ValidatorTests.PlayerProfileValidatorTests.CheckAccountCreation(AccountCreationData comp, Boolean expected)",""
"passed","Fri Sep 26 18:58:10 GMT 2025","Fri Sep 26 18:58:12 GMT 2025","1546","","","","RepositoriesTests.RepositoriesTests.PlayerRewardRepositoryBasicTests","RepositoriesTests.RepositoriesTests.PlayerRewardRepositoryBasicTests.GetPlayerRewards_Success(dt: DataLimiter { PartitionIndex = 1, Partition = 1, HasNoLimit = False, FirstIndex = 1, LastIndex = 2 })","RepositoriesTests.RepositoriesTests.PlayerRewardRepositoryBasicTests.GetPlayerRewards_Success(DataLimiter dt)",""
"passed","Fri Sep 26 18:56:30 GMT 2025","Fri Sep 26 18:56:35 GMT 2025","4464","","","","RepositoriesTests.RepositoriesTests.CompetitionRewardRepositoryTests","RepositoriesTests.RepositoriesTests.CompetitionRewardRepositoryTests.UpdateCompetitionReward(cond: RankGrantCondition { maxRank = 0.5, minRank = 0, Type = ""rank"" }, idx: 2)","RepositoriesTests.RepositoriesTests.CompetitionRewardRepositoryTests.UpdateCompetitionReward(GrantCondition cond, Int32 idx)",""
"passed","Fri Sep 26 18:55:18 GMT 2025","Fri Sep 26 18:55:18 GMT 2025","5","","","","ServicesUnitTests.ServiceTests.CompetitionRewardServiceTests","ServicesUnitTests.ServiceTests.CompetitionRewardServiceTests.CompetitionRewardServiceTests_GetCompetitionRewards(etalon: 5)","ServicesUnitTests.ServiceTests.CompetitionRewardServiceTests.CompetitionRewardServiceTests_GetCompetitionRewards(Int32 etalon)",""
"passed","Fri Sep 26 18:57:14 GMT 2025","Fri Sep 26 18:57:18 GMT 2025","3161","","","","RepositoriesTests.RepositoriesTests.CompetitionRewardRepositoryTests","RepositoriesTests.RepositoriesTests.CompetitionRewardRepositoryTests.GetCompetitionRewards_Success(idx: 2)","RepositoriesTests.RepositoriesTests.CompetitionRewardRepositoryTests.GetCompetitionRewards_Success(Int32 idx)",""
"passed","Fri Sep 26 18:56:35 GMT 2025","Fri Sep 26 18:56:38 GMT 2025","3798","","","","RepositoriesTests.RepositoriesTests.RewardDescriptionRepositoryTests","RepositoriesTests.RepositoriesTests.RewardDescriptionRepositoryTests.SetRewardIcon_Failure","RepositoriesTests.RepositoriesTests.RewardDescriptionRepositoryTests.SetRewardIcon_Failure",""
"passed","Fri Sep 26 18:57:05 GMT 2025","Fri Sep 26 18:57:08 GMT 2025","3281","","","","RepositoriesTests.RepositoriesTests.CompetitionRewardRepositoryTests","RepositoriesTests.RepositoriesTests.CompetitionRewardRepositoryTests.AddCompetitionReward_DifferentRanks(cond: PlaceGrantCondition { maxPlace = 50, minPlace = 4, Type = ""place"" }, idx: 5)","RepositoriesTests.RepositoriesTests.CompetitionRewardRepositoryTests.AddCompetitionReward_DifferentRanks(GrantCondition cond, Int32 idx)",""
"passed","Fri Sep 26 18:55:18 GMT 2025","Fri Sep 26 18:55:18 GMT 2025","1","","","","ServicesUnitTests.ValidatorTests.CompetitionValidatorTests","ServicesUnitTests.ValidatorTests.CompetitionValidatorTests.CheckOK(comp: Competition { Description = ""************"", EndDate = 2025-01-01T01:10:01.0000000, Id = null, Name = ""Colon"", StartDate = 2025-01-01T01:01:01.0000000 }, expected: False)","ServicesUnitTests.ValidatorTests.CompetitionValidatorTests.CheckOK(Competition comp, Boolean expected)",""
"passed","Fri Sep 26 18:55:18 GMT 2025","Fri Sep 26 18:55:18 GMT 2025","0","","","","ServicesUnitTests.ValidatorTests.PasswordConstraintTests","ServicesUnitTests.ValidatorTests.PasswordConstraintTests.LettersPasswordTest(password: ""12344919293921391293"", isValid: False)","ServicesUnitTests.ValidatorTests.PasswordConstraintTests.LettersPasswordTest(String password, Boolean isValid)",""
"passed","Fri Sep 26 19:00:39 GMT 2025","Fri Sep 26 19:00:39 GMT 2025","90","","","","IntegrationalTests.AuthIntegrationTests","IntegrationalTests.AuthIntegrationTests.CreateAccount","IntegrationalTests.AuthIntegrationTests.CreateAccount",""
"passed","Fri Sep 26 18:55:18 GMT 2025","Fri Sep 26 18:55:18 GMT 2025","4","","","","ServicesUnitTests.ServiceTests.AuthServiceTests","ServicesUnitTests.ServiceTests.AuthServiceTests.AuthService_LogIn_Success","ServicesUnitTests.ServiceTests.AuthServiceTests.AuthService_LogIn_Success",""
"passed","Fri Sep 26 18:58:24 GMT 2025","Fri Sep 26 18:58:25 GMT 2025","1442","","","","RepositoriesTests.RepositoriesTests.CompetitionRepositoryUnitTests","RepositoriesTests.RepositoriesTests.CompetitionRepositoryUnitTests.UpdateCompetition_Failure","RepositoriesTests.RepositoriesTests.CompetitionRepositoryUnitTests.UpdateCompetition_Failure",""
"passed","Fri Sep 26 18:56:28 GMT 2025","Fri Sep 26 18:56:33 GMT 2025","4730","","","","RepositoriesTests.RepositoriesTests.SessionRepositoryUnitTests","RepositoriesTests.RepositoriesTests.SessionRepositoryUnitTests.CreateSessionTokenFor_PlayerSuccess","RepositoriesTests.RepositoriesTests.SessionRepositoryUnitTests.CreateSessionTokenFor_PlayerSuccess",""
"passed","Fri Sep 26 18:55:18 GMT 2025","Fri Sep 26 18:55:18 GMT 2025","1","","","","ServicesUnitTests.ServiceTests.CompetitionRewardServiceTests","ServicesUnitTests.ServiceTests.CompetitionRewardServiceTests.CompetitionRewardServiceTests_GetCompetitionRewards(etalon: 2)","ServicesUnitTests.ServiceTests.CompetitionRewardServiceTests.CompetitionRewardServiceTests_GetCompetitionRewards(Int32 etalon)",""
"passed","Fri Sep 26 18:58:06 GMT 2025","Fri Sep 26 18:58:08 GMT 2025","1528","","","","RepositoriesTests.RepositoriesTests.PlayerRewardRepositoryBasicTests","RepositoriesTests.RepositoriesTests.PlayerRewardRepositoryBasicTests.GetPlayerRewards_Success(dt: DataLimiter { PartitionIndex = 0, Partition = 2, HasNoLimit = False, FirstIndex = 0, LastIndex = 2 })","RepositoriesTests.RepositoriesTests.PlayerRewardRepositoryBasicTests.GetPlayerRewards_Success(DataLimiter dt)",""
"passed","Fri Sep 26 18:58:34 GMT 2025","Fri Sep 26 18:58:36 GMT 2025","1477","","","","RepositoriesTests.RepositoriesTests.CompetitionRepositoryUnitTests","RepositoriesTests.RepositoriesTests.CompetitionRepositoryUnitTests.GetAllCompetitions_Basic(dt: DataLimiter { PartitionIndex = 2, Partition = 1, HasNoLimit = False, FirstIndex = 2, LastIndex = 3 })","RepositoriesTests.RepositoriesTests.CompetitionRepositoryUnitTests.GetAllCompetitions_Basic(DataLimiter dt)",""
"passed","Fri Sep 26 18:55:18 GMT 2025","Fri Sep 26 18:55:18 GMT 2025","1","","","","ServicesUnitTests.ValidatorTests.PlayerProfileValidatorTests","ServicesUnitTests.ValidatorTests.PlayerProfileValidatorTests.CheckAccountCreation(comp: AccountCreationData { Account = CompetitiveBackend.Core.Objects.Account, Password = 123a5678 }, expected: False)","ServicesUnitTests.ValidatorTests.PlayerProfileValidatorTests.CheckAccountCreation(AccountCreationData comp, Boolean expected)",""
"passed","Fri Sep 26 19:00:38 GMT 2025","Fri Sep 26 19:00:39 GMT 2025","1556","","","","IntegrationalTests.CompetitionRewardsTest","IntegrationalTests.CompetitionRewardsTest.GetRewards","IntegrationalTests.CompetitionRewardsTest.GetRewards",""
"passed","Fri Sep 26 18:56:23 GMT 2025","Fri Sep 26 18:56:28 GMT 2025","5005","","","","RepositoriesTests.RepositoriesTests.SessionRepositoryUnitTests","RepositoriesTests.RepositoriesTests.SessionRepositoryUnitTests.CreateSessionTokenFor_AdminSuccess","RepositoriesTests.RepositoriesTests.SessionRepositoryUnitTests.CreateSessionTokenFor_AdminSuccess",""
"passed","Fri Sep 26 19:03:07 GMT 2025","Fri Sep 26 19:03:10 GMT 2025","3322","","","","E2ETests.CreateAccountThenParticipateE2ETest","E2ETests.CreateAccountThenParticipateE2ETest.CompetitionFetchOne","E2ETests.CreateAccountThenParticipateE2ETest.CompetitionFetchOne",""
"passed","Fri Sep 26 18:55:18 GMT 2025","Fri Sep 26 18:55:18 GMT 2025","4","","","","ServicesUnitTests.ServiceTests.CompetitionServiceTests","ServicesUnitTests.ServiceTests.CompetitionServiceTests.CompetitionServiceTest_UpdateCompetition_OK","ServicesUnitTests.ServiceTests.CompetitionServiceTests.CompetitionServiceTest_UpdateCompetition_OK",""
"passed","Fri Sep 26 18:55:18 GMT 2025","Fri Sep 26 18:55:18 GMT 2025","2","","","","ServicesUnitTests.ValidatorTests.PlayerProfileValidatorTests","ServicesUnitTests.ValidatorTests.PlayerProfileValidatorTests.CheckAccount(comp: Account { Email = ""modus ponens"", Id = null, Login = ""amo"" }, expected: False)","ServicesUnitTests.ValidatorTests.PlayerProfileValidatorTests.CheckAccount(Account comp, Boolean expected)",""
"passed","Fri Sep 26 18:55:18 GMT 2025","Fri Sep 26 18:55:18 GMT 2025","9","","","","ServicesUnitTests.ServiceTests.PlayerRewardServiceTests","ServicesUnitTests.ServiceTests.PlayerRewardServiceTests.PlayerRewardServiceTest_GetAllRewardsOf","ServicesUnitTests.ServiceTests.PlayerRewardServiceTests.PlayerRewardServiceTest_GetAllRewardsOf",""
"passed","Fri Sep 26 18:55:18 GMT 2025","Fri Sep 26 18:55:18 GMT 2025","2","","","","ServicesUnitTests.ServiceTests.CompetitionRewardServiceTests","ServicesUnitTests.ServiceTests.CompetitionRewardServiceTests.CompetitionRewardServiceTests_RemoveCompetitionReward(etalon: 1)","ServicesUnitTests.ServiceTests.CompetitionRewardServiceTests.CompetitionRewardServiceTests_RemoveCompetitionReward(Int32 etalon)",""
"passed","Fri Sep 26 18:55:18 GMT 2025","Fri Sep 26 18:55:18 GMT 2025","3","","","","ServicesUnitTests.ServiceTests.PlayerParticipationServiceTests","ServicesUnitTests.ServiceTests.PlayerParticipationServiceTests.PlayerParticipationServiceTests_GetLeaderboard","ServicesUnitTests.ServiceTests.PlayerParticipationServiceTests.PlayerParticipationServiceTests_GetLeaderboard",""
"passed","Fri Sep 26 18:58:22 GMT 2025","Fri Sep 26 18:58:24 GMT 2025","1539","","","","RepositoriesTests.RepositoriesTests.CompetitionRepositoryUnitTests","RepositoriesTests.RepositoriesTests.CompetitionRepositoryUnitTests.CreateCompetition_Success","RepositoriesTests.RepositoriesTests.CompetitionRepositoryUnitTests.CreateCompetition_Success",""
"passed","Fri Sep 26 18:55:18 GMT 2025","Fri Sep 26 18:55:18 GMT 2025","11","","","","ServicesUnitTests.ServiceTests.CompetitionLevelServiceTests","ServicesUnitTests.ServiceTests.CompetitionLevelServiceTests.CreateLevelData_CallsRepositoryWithCorrectParameters","ServicesUnitTests.ServiceTests.CompetitionLevelServiceTests.CreateLevelData_CallsRepositoryWithCorrectParameters",""
"passed","Fri Sep 26 18:55:18 GMT 2025","Fri Sep 26 18:55:18 GMT 2025","28","","","","ServicesUnitTests.ServiceTests.CompetitionServiceTests","ServicesUnitTests.ServiceTests.CompetitionServiceTests.CompetitionServiceTest_UpdateCompetition_Bad1","ServicesUnitTests.ServiceTests.CompetitionServiceTests.CompetitionServiceTest_UpdateCompetition_Bad1",""
"passed","Fri Sep 26 18:55:18 GMT 2025","Fri Sep 26 18:55:18 GMT 2025","0","","","","ServicesUnitTests.ValidatorTests.PasswordConstraintTests","ServicesUnitTests.ValidatorTests.PasswordConstraintTests.LengthPasswordTest(password: """", isValid: False)","ServicesUnitTests.ValidatorTests.PasswordConstraintTests.LengthPasswordTest(String password, Boolean isValid)",""
"passed","Fri Sep 26 18:55:18 GMT 2025","Fri Sep 26 18:55:18 GMT 2025","0","","","","ServicesUnitTests.ValidatorTests.PlayerProfileValidatorTests","ServicesUnitTests.ValidatorTests.PlayerProfileValidatorTests.CheckAccountCreation(comp: AccountCreationData { Account = CompetitiveBackend.Core.Objects.Account, Password = 123a5678 }, expected: True)","ServicesUnitTests.ValidatorTests.PlayerProfileValidatorTests.CheckAccountCreation(AccountCreationData comp, Boolean expected)",""
"passed","Fri Sep 26 18:55:18 GMT 2025","Fri Sep 26 18:55:18 GMT 2025","1","","","","ServicesUnitTests.ValidatorTests.PasswordConstraintTests","ServicesUnitTests.ValidatorTests.PasswordConstraintTests.LengthPasswordTest(password: ""12345"", isValid: True)","ServicesUnitTests.ValidatorTests.PasswordConstraintTests.LengthPasswordTest(String password, Boolean isValid)",""
"passed","Fri Sep 26 18:55:18 GMT 2025","Fri Sep 26 18:55:18 GMT 2025","0","","","","ServicesUnitTests.ValidatorTests.PlayerProfileValidatorTests","ServicesUnitTests.ValidatorTests.PlayerProfileValidatorTests.CheckAccountCreation(comp: AccountCreationData { Account = CompetitiveBackend.Core.Objects.Account, Password = 12345678 }, expected: False)","ServicesUnitTests.ValidatorTests.PlayerProfileValidatorTests.CheckAccountCreation(AccountCreationData comp, Boolean expected)",""
"passed","Fri Sep 26 18:55:18 GMT 2025","Fri Sep 26 18:55:18 GMT 2025","2","","","","ServicesUnitTests.ServiceTests.PlayerRewardServiceTests","ServicesUnitTests.ServiceTests.PlayerRewardServiceTests.PlayerRewardServiceTest_DeleteReward","ServicesUnitTests.ServiceTests.PlayerRewardServiceTests.PlayerRewardServiceTest_DeleteReward",""
"passed","Fri Sep 26 18:55:18 GMT 2025","Fri Sep 26 18:55:18 GMT 2025","0","","","","ServicesUnitTests.ValidatorTests.PlayerProfileValidatorTests","ServicesUnitTests.ValidatorTests.PlayerProfileValidatorTests.CheckAccountCreation(comp: AccountCreationData { Account = CompetitiveBackend.Core.Objects.Account, Password = 12345678a }, expected: False)","ServicesUnitTests.ValidatorTests.PlayerProfileValidatorTests.CheckAccountCreation(AccountCreationData comp, Boolean expected)",""
"passed","Fri Sep 26 18:57:44 GMT 2025","Fri Sep 26 18:57:47 GMT 2025","2794","","","","RepositoriesTests.RepositoriesTests.PlayerParticipationRepositoryTests","RepositoriesTests.RepositoriesTests.PlayerParticipationRepositoryTests.DeleteParticipation","RepositoriesTests.RepositoriesTests.PlayerParticipationRepositoryTests.DeleteParticipation",""
"passed","Fri Sep 26 18:57:23 GMT 2025","Fri Sep 26 18:57:26 GMT 2025","2752","","","","RepositoriesTests.RepositoriesTests.PlayerParticipationRepositoryTests","RepositoriesTests.RepositoriesTests.PlayerParticipationRepositoryTests.GetPlayerParticipations(dt: DataLimiter { PartitionIndex = 0, Partition = 0, HasNoLimit = True, FirstIndex = 0, LastIndex = 0 }, bindPlayer: False, bindCompetition: False)","RepositoriesTests.RepositoriesTests.PlayerParticipationRepositoryTests.GetPlayerParticipations(DataLimiter dt, Boolean bindPlayer, Boolean bindCompetition)",""
"passed","Fri Sep 26 18:58:12 GMT 2025","Fri Sep 26 18:58:14 GMT 2025","1454","","","","RepositoriesTests.RepositoriesTests.CompetitionRepositoryUnitTests","RepositoriesTests.RepositoriesTests.CompetitionRepositoryUnitTests.GetAllCompetitions_Empty(dt: DataLimiter { PartitionIndex = 0, Partition = 1, HasNoLimit = False, FirstIndex = 0, LastIndex = 1 })","RepositoriesTests.RepositoriesTests.CompetitionRepositoryUnitTests.GetAllCompetitions_Empty(DataLimiter dt)",""
"passed","Fri Sep 26 18:57:37 GMT 2025","Fri Sep 26 18:57:39 GMT 2025","2831","","","","RepositoriesTests.RepositoriesTests.PlayerParticipationRepositoryTests","RepositoriesTests.RepositoriesTests.PlayerParticipationRepositoryTests.GetPlayerParticipations(dt: DataLimiter { PartitionIndex = 1, Partition = 2, HasNoLimit = False, FirstIndex = 2, LastIndex = 4 }, bindPlayer: True, bindCompetition: False)","RepositoriesTests.RepositoriesTests.PlayerParticipationRepositoryTests.GetPlayerParticipations(DataLimiter dt, Boolean bindPlayer, Boolean bindCompetition)",""
"passed","Fri Sep 26 18:55:18 GMT 2025","Fri Sep 26 18:55:18 GMT 2025","1","","","","ServicesUnitTests.ValidatorTests.PlayerProfileValidatorTests","ServicesUnitTests.ValidatorTests.PlayerProfileValidatorTests.CheckAccountCreation(comp: AccountCreationData { Account = CompetitiveBackend.Core.Objects.Account, Password = 123456a }, expected: False)","ServicesUnitTests.ValidatorTests.PlayerProfileValidatorTests.CheckAccountCreation(AccountCreationData comp, Boolean expected)",""
"passed","Fri Sep 26 18:56:42 GMT 2025","Fri Sep 26 18:56:46 GMT 2025","3873","","","","RepositoriesTests.RepositoriesTests.GranterTests.StoredProcedureGranterTests","RepositoriesTests.RepositoriesTests.GranterTests.StoredProcedureGranterTests.GrantRewardsByPlace(minPlace: 1, maxPlace: 5)","RepositoriesTests.RepositoriesTests.GranterTests.StoredProcedureGranterTests.GrantRewardsByPlace(Int32 minPlace, Int32 maxPlace)",""
"passed","Fri Sep 26 18:55:18 GMT 2025","Fri Sep 26 18:55:18 GMT 2025","0","","","","ServicesUnitTests.ValidatorTests.PasswordConstraintTests","ServicesUnitTests.ValidatorTests.PasswordConstraintTests.LengthPasswordTest(password: ""123"", isValid: False)","ServicesUnitTests.ValidatorTests.PasswordConstraintTests.LengthPasswordTest(String password, Boolean isValid)",""
"passed","Fri Sep 26 18:58:00 GMT 2025","Fri Sep 26 18:58:02 GMT 2025","1545","","","","RepositoriesTests.RepositoriesTests.CompetitionLevelRepositoryTests","RepositoriesTests.RepositoriesTests.CompetitionLevelRepositoryTests.GetSpecificLevelDataInfo_Failure","RepositoriesTests.RepositoriesTests.CompetitionLevelRepositoryTests.GetSpecificLevelDataInfo_Failure",""
"passed","Fri Sep 26 18:56:47 GMT 2025","Fri Sep 26 18:56:51 GMT 2025","3922","","","","RepositoriesTests.RepositoriesTests.CompetitionRewardRepositoryTests","RepositoriesTests.RepositoriesTests.CompetitionRewardRepositoryTests.AddCompetitionReward_DifferentRanks(cond: RankGrantCondition { maxRank = 1, minRank = 0, Type = ""rank"" }, idx: 0)","RepositoriesTests.RepositoriesTests.CompetitionRewardRepositoryTests.AddCompetitionReward_DifferentRanks(GrantCondition cond, Int32 idx)",""
"passed","Fri Sep 26 18:56:23 GMT 2025","Fri Sep 26 18:56:28 GMT 2025","5063","","","","RepositoriesTests.RepositoriesTests.PlayerParticipationRepositoryTests","RepositoriesTests.RepositoriesTests.PlayerParticipationRepositoryTests.GetParticipation_Missing","RepositoriesTests.RepositoriesTests.PlayerParticipationRepositoryTests.GetParticipation_Missing",""
"passed","Fri Sep 26 19:00:36 GMT 2025","Fri Sep 26 19:00:39 GMT 2025","2774","","","","IntegrationalTests.ParticipationTests","IntegrationalTests.ParticipationTests.Participate","IntegrationalTests.ParticipationTests.Participate",""
"passed","Fri Sep 26 18:57:52 GMT 2025","Fri Sep 26 18:57:53 GMT 2025","1512","","","","RepositoriesTests.RepositoriesTests.CompetitionLevelRepositoryTests","RepositoriesTests.RepositoriesTests.CompetitionLevelRepositoryTests.AddCompetitionLevel_Failure","RepositoriesTests.RepositoriesTests.CompetitionLevelRepositoryTests.AddCompetitionLevel_Failure",""
"passed","Fri Sep 26 19:00:39 GMT 2025","Fri Sep 26 19:00:39 GMT 2025","34","","","","IntegrationalTests.ParticipationTests","IntegrationalTests.ParticipationTests.ParticipateNoLoggedIn","IntegrationalTests.ParticipationTests.ParticipateNoLoggedIn",""
"passed","Fri Sep 26 18:55:18 GMT 2025","Fri Sep 26 18:55:18 GMT 2025","0","","","","ServicesUnitTests.ValidatorTests.CompetitionValidatorTests","ServicesUnitTests.ValidatorTests.CompetitionValidatorTests.CheckOK(comp: Competition { Description = ""**********"", EndDate = 2024-01-01T01:10:01.0000000, Id = null, Name = ""Abondus"", StartDate = 2025-01-01T01:01:01.0000000 }, expected: False)","ServicesUnitTests.ValidatorTests.CompetitionValidatorTests.CheckOK(Competition comp, Boolean expected)",""
"passed","Fri Sep 26 18:56:46 GMT 2025","Fri Sep 26 18:56:49 GMT 2025","3609","","","","RepositoriesTests.RepositoriesTests.CompetitionLevelRepositoryTests","RepositoriesTests.RepositoriesTests.CompetitionLevelRepositoryTests.GetSpecificLevelDataInfo(idx: 2)","RepositoriesTests.RepositoriesTests.CompetitionLevelRepositoryTests.GetSpecificLevelDataInfo(Int32 idx)",""
