"Status","Start Time","Stop Time","Duration in ms","Parent Suite","Suite","Sub Suite","Test Class","Test Method","Name","Description"
"passed","Fri Sep 19 17:37:05 GMT 2025","Fri Sep 19 17:37:08 GMT 2025","2745","","","","RepositoriesTests.RepositoriesTests.CompetitionLevelRepositoryTests","RepositoriesTests.RepositoriesTests.CompetitionLevelRepositoryTests.UpdateCompetitionLevelInfo(idx: 1)","RepositoriesTests.RepositoriesTests.CompetitionLevelRepositoryTests.UpdateCompetitionLevelInfo(Int32 idx)",""
"passed","Fri Sep 19 17:37:47 GMT 2025","Fri Sep 19 17:37:48 GMT 2025","1450","","","","RepositoriesTests.RepositoriesTests.CompetitionRepositoryUnitTests","RepositoriesTests.RepositoriesTests.CompetitionRepositoryUnitTests.GetAllCompetitions_Empty(dt: DataLimiter { PartitionIndex = 0, Partition = 1, HasNoLimit = False, FirstIndex = 0, LastIndex = 1 })","RepositoriesTests.RepositoriesTests.CompetitionRepositoryUnitTests.GetAllCompetitions_Empty(DataLimiter dt)",""
"passed","Fri Sep 19 17:35:08 GMT 2025","Fri Sep 19 17:35:08 GMT 2025","2","","","","ServicesUnitTests.ServiceTests.CompetitionLevelServiceTests","ServicesUnitTests.ServiceTests.CompetitionLevelServiceTests.GetCompetitionLevel_WithoutOptionalParameters_UsesNulls","ServicesUnitTests.ServiceTests.CompetitionLevelServiceTests.GetCompetitionLevel_WithoutOptionalParameters_UsesNulls",""
"passed","Fri Sep 19 17:35:08 GMT 2025","Fri Sep 19 17:35:08 GMT 2025","0","","","","ServicesUnitTests.ValidatorTests.CompetitionValidatorTests","ServicesUnitTests.ValidatorTests.CompetitionValidatorTests.CheckOK(comp: Competition { Description = ""**********"", EndDate = 2024-01-01T01:10:01.0000000, Id = null, Name = ""Abondus"", StartDate = 2025-01-01T01:01:01.0000000 }, expected: False)","ServicesUnitTests.ValidatorTests.CompetitionValidatorTests.CheckOK(Competition comp, Boolean expected)",""
"passed","Fri Sep 19 17:37:42 GMT 2025","Fri Sep 19 17:37:43 GMT 2025","1553","","","","RepositoriesTests.RepositoriesTests.PlayerRewardRepositoryBasicTests","RepositoriesTests.RepositoriesTests.PlayerRewardRepositoryBasicTests.GetPlayerRewards_Success(dt: DataLimiter { PartitionIndex = 0, Partition = 2, HasNoLimit = False, FirstIndex = 0, LastIndex = 2 })","RepositoriesTests.RepositoriesTests.PlayerRewardRepositoryBasicTests.GetPlayerRewards_Success(DataLimiter dt)",""
"passed","Fri Sep 19 17:36:28 GMT 2025","Fri Sep 19 17:36:31 GMT 2025","3402","","","","RepositoriesTests.RepositoriesTests.RewardDescriptionRepositoryTests","RepositoriesTests.RepositoriesTests.RewardDescriptionRepositoryTests.GetRewardIcon_Empty","RepositoriesTests.RepositoriesTests.RewardDescriptionRepositoryTests.GetRewardIcon_Empty",""
"passed","Fri Sep 19 17:35:08 GMT 2025","Fri Sep 19 17:35:08 GMT 2025","1","","","","ServicesUnitTests.ValidatorTests.PlayerProfileValidatorTests","ServicesUnitTests.ValidatorTests.PlayerProfileValidatorTests.CheckAccountCreation(comp: AccountCreationData { Account = CompetitiveBackend.Core.Objects.Account, Password = 12345678 }, expected: False)","ServicesUnitTests.ValidatorTests.PlayerProfileValidatorTests.CheckAccountCreation(AccountCreationData comp, Boolean expected)",""
"passed","Fri Sep 19 17:36:20 GMT 2025","Fri Sep 19 17:36:23 GMT 2025","3771","","","","RepositoriesTests.RepositoriesTests.AccountRepositoryUnitTests","RepositoriesTests.RepositoriesTests.AccountRepositoryUnitTests.GetAccount_Success_Login","RepositoriesTests.RepositoriesTests.AccountRepositoryUnitTests.GetAccount_Success_Login",""
"passed","Fri Sep 19 17:35:08 GMT 2025","Fri Sep 19 17:35:08 GMT 2025","0","","","","ServicesUnitTests.ValidatorTests.PlayerProfileValidatorTests","ServicesUnitTests.ValidatorTests.PlayerProfileValidatorTests.CheckAccountCreation(comp: AccountCreationData { Account = CompetitiveBackend.Core.Objects.Account, Password = 123a5678 }, expected: False)","ServicesUnitTests.ValidatorTests.PlayerProfileValidatorTests.CheckAccountCreation(AccountCreationData comp, Boolean expected)",""
"passed","Fri Sep 19 17:37:38 GMT 2025","Fri Sep 19 17:37:40 GMT 2025","2617","","","","RepositoriesTests.RepositoriesTests.PlayerRewardRepositoryBasicTests","RepositoriesTests.RepositoriesTests.PlayerRewardRepositoryBasicTests.AddReward_Failure","RepositoriesTests.RepositoriesTests.PlayerRewardRepositoryBasicTests.AddReward_Failure",""
"passed","Fri Sep 19 17:36:33 GMT 2025","Fri Sep 19 17:36:36 GMT 2025","3342","","","","RepositoriesTests.RepositoriesTests.PlayerParticipationRepositoryTests","RepositoriesTests.RepositoriesTests.PlayerParticipationRepositoryTests.CreateParticipationTest","RepositoriesTests.RepositoriesTests.PlayerParticipationRepositoryTests.CreateParticipationTest",""
"passed","Fri Sep 19 17:36:52 GMT 2025","Fri Sep 19 17:36:55 GMT 2025","3140","","","","RepositoriesTests.RepositoriesTests.GranterTests.BasicRewardGranterTests","RepositoriesTests.RepositoriesTests.GranterTests.BasicRewardGranterTests.GetMultipleRewardData(conditions: [PlaceGrantCondition { maxPlace = 1, minPlace = 1, Type = ""place"" }, RankGrantCondition { maxRank = 1, minRank = 0.5, Type = ""rank"" }])","RepositoriesTests.RepositoriesTests.GranterTests.BasicRewardGranterTests.GetMultipleRewardData(GrantCondition[] conditions)",""
"passed","Fri Sep 19 17:37:56 GMT 2025","Fri Sep 19 17:37:57 GMT 2025","1546","","","","RepositoriesTests.RepositoriesTests.CompetitionRepositoryUnitTests","RepositoriesTests.RepositoriesTests.CompetitionRepositoryUnitTests.CreateCompetition_Success","RepositoriesTests.RepositoriesTests.CompetitionRepositoryUnitTests.CreateCompetition_Success",""
"passed","Fri Sep 19 17:35:08 GMT 2025","Fri Sep 19 17:35:08 GMT 2025","10","","","","ServicesUnitTests.ServiceTests.CompetitionServiceTests","ServicesUnitTests.ServiceTests.CompetitionServiceTests.CompetitionServiceTest_GetAllCompetitions","ServicesUnitTests.ServiceTests.CompetitionServiceTests.CompetitionServiceTest_GetAllCompetitions",""
"passed","Fri Sep 19 17:36:29 GMT 2025","Fri Sep 19 17:36:33 GMT 2025","3863","","","","RepositoriesTests.RepositoriesTests.CompetitionRewardRepositoryTests","RepositoriesTests.RepositoriesTests.CompetitionRewardRepositoryTests.AddCompetitionReward_DifferentRanks(cond: RankGrantCondition { maxRank = 1, minRank = 0, Type = ""rank"" }, idx: 0)","RepositoriesTests.RepositoriesTests.CompetitionRewardRepositoryTests.AddCompetitionReward_DifferentRanks(GrantCondition cond, Int32 idx)",""
"passed","Fri Sep 19 17:36:29 GMT 2025","Fri Sep 19 17:36:33 GMT 2025","3998","","","","RepositoriesTests.RepositoriesTests.GranterTests.BasicRewardGranterTests","RepositoriesTests.RepositoriesTests.GranterTests.BasicRewardGranterTests.GrantRewardsByRank(minRank: 0.5, maxRank: 1)","RepositoriesTests.RepositoriesTests.GranterTests.BasicRewardGranterTests.GrantRewardsByRank(Single minRank, Single maxRank)",""
"passed","Fri Sep 19 17:35:08 GMT 2025","Fri Sep 19 17:35:08 GMT 2025","6","","","","ServicesUnitTests.ServiceTests.PlayerParticipationServiceTests","ServicesUnitTests.ServiceTests.PlayerParticipationServiceTests.PlayerParticipationServiceTests_GetLeaderboard","ServicesUnitTests.ServiceTests.PlayerParticipationServiceTests.PlayerParticipationServiceTests_GetLeaderboard",""
"passed","Fri Sep 19 17:36:41 GMT 2025","Fri Sep 19 17:36:44 GMT 2025","3121","","","","RepositoriesTests.RepositoriesTests.CompetitionLevelRepositoryTests","RepositoriesTests.RepositoriesTests.CompetitionLevelRepositoryTests.GetLevelDataTests(platform: ""Android"", maxVersion: 0, data: null)","RepositoriesTests.RepositoriesTests.CompetitionLevelRepositoryTests.GetLevelDataTests(String platform, Nullable<Int32> maxVersion, Byte[] data)",""
"passed","Fri Sep 19 17:37:28 GMT 2025","Fri Sep 19 17:37:30 GMT 2025","1578","","","","RepositoriesTests.RepositoriesTests.PlayerProfileRepositoryUnitTests","RepositoriesTests.RepositoriesTests.PlayerProfileRepositoryUnitTests.GetPlayerProfile_Success","RepositoriesTests.RepositoriesTests.PlayerProfileRepositoryUnitTests.GetPlayerProfile_Success",""
"passed","Fri Sep 19 17:36:21 GMT 2025","Fri Sep 19 17:36:25 GMT 2025","4018","","","","RepositoriesTests.RepositoriesTests.CompetitionRewardRepositoryTests","RepositoriesTests.RepositoriesTests.CompetitionRewardRepositoryTests.UpdateCompetitionReward(cond: PlaceGrantCondition { maxPlace = 2, minPlace = 2, Type = ""place"" }, idx: 4)","RepositoriesTests.RepositoriesTests.CompetitionRewardRepositoryTests.UpdateCompetitionReward(GrantCondition cond, Int32 idx)",""
"passed","Fri Sep 19 17:35:08 GMT 2025","Fri Sep 19 17:35:08 GMT 2025","0","","","","ServicesUnitTests.ValidatorTests.PlayerProfileValidatorTests","ServicesUnitTests.ValidatorTests.PlayerProfileValidatorTests.CheckAccountCreation(comp: AccountCreationData { Account = CompetitiveBackend.Core.Objects.Account, Password = 123a5678 }, expected: False)","ServicesUnitTests.ValidatorTests.PlayerProfileValidatorTests.CheckAccountCreation(AccountCreationData comp, Boolean expected)",""
"passed","Fri Sep 19 17:36:34 GMT 2025","Fri Sep 19 17:36:38 GMT 2025","3680","","","","RepositoriesTests.RepositoriesTests.GranterTests.StoredProcedureGranterTests","RepositoriesTests.RepositoriesTests.GranterTests.StoredProcedureGranterTests.GrantRewardsByPlace(minPlace: 2, maxPlace: 4)","RepositoriesTests.RepositoriesTests.GranterTests.StoredProcedureGranterTests.GrantRewardsByPlace(Int32 minPlace, Int32 maxPlace)",""
"passed","Fri Sep 19 17:37:26 GMT 2025","Fri Sep 19 17:37:28 GMT 2025","1685","","","","RepositoriesTests.RepositoriesTests.CompetitionLevelRepositoryTests","RepositoriesTests.RepositoriesTests.CompetitionLevelRepositoryTests.AddCompetitionLevel","RepositoriesTests.RepositoriesTests.CompetitionLevelRepositoryTests.AddCompetitionLevel",""
"passed","Fri Sep 19 17:36:27 GMT 2025","Fri Sep 19 17:36:31 GMT 2025","3893","","","","RepositoriesTests.RepositoriesTests.GranterTests.StoredProcedureGranterTests","RepositoriesTests.RepositoriesTests.GranterTests.StoredProcedureGranterTests.GrantRewardsByPlace(minPlace: 1, maxPlace: 1)","RepositoriesTests.RepositoriesTests.GranterTests.StoredProcedureGranterTests.GrantRewardsByPlace(Int32 minPlace, Int32 maxPlace)",""
"passed","Fri Sep 19 17:36:21 GMT 2025","Fri Sep 19 17:36:25 GMT 2025","4038","","","","RepositoriesTests.RepositoriesTests.GranterTests.BasicRewardGranterTests","RepositoriesTests.RepositoriesTests.GranterTests.BasicRewardGranterTests.GrantRewardsByRank(minRank: 0, maxRank: 1)","RepositoriesTests.RepositoriesTests.GranterTests.BasicRewardGranterTests.GrantRewardsByRank(Single minRank, Single maxRank)",""
"passed","Fri Sep 19 17:36:16 GMT 2025","Fri Sep 19 17:36:21 GMT 2025","4757","","","","RepositoriesTests.RepositoriesTests.CompetitionRewardRepositoryTests","RepositoriesTests.RepositoriesTests.CompetitionRewardRepositoryTests.UpdateCompetitionReward(cond: PlaceGrantCondition { maxPlace = 2, minPlace = 1, Type = ""place"" }, idx: 3)","RepositoriesTests.RepositoriesTests.CompetitionRewardRepositoryTests.UpdateCompetitionReward(GrantCondition cond, Int32 idx)",""
"passed","Fri Sep 19 17:35:08 GMT 2025","Fri Sep 19 17:35:08 GMT 2025","6","","","","ServicesUnitTests.ValidatorTests.PlayerProfileValidatorTests","ServicesUnitTests.ValidatorTests.PlayerProfileValidatorTests.CheckAccountCreation(comp: AccountCreationData { Account = CompetitiveBackend.Core.Objects.Account, Password = 1234 }, expected: False)","ServicesUnitTests.ValidatorTests.PlayerProfileValidatorTests.CheckAccountCreation(AccountCreationData comp, Boolean expected)",""
"passed","Fri Sep 19 17:36:46 GMT 2025","Fri Sep 19 17:36:49 GMT 2025","3042","","","","RepositoriesTests.RepositoriesTests.GranterTests.BasicRewardGranterTests","RepositoriesTests.RepositoriesTests.GranterTests.BasicRewardGranterTests.GrantRewardsWithoutParticipants","RepositoriesTests.RepositoriesTests.GranterTests.BasicRewardGranterTests.GrantRewardsWithoutParticipants",""
"passed","Fri Sep 19 17:35:08 GMT 2025","Fri Sep 19 17:35:08 GMT 2025","0","","","","ServicesUnitTests.ValidatorTests.PasswordConstraintTests","ServicesUnitTests.ValidatorTests.PasswordConstraintTests.LettersPasswordTest(password: ""___A___"", isValid: True)","ServicesUnitTests.ValidatorTests.PasswordConstraintTests.LettersPasswordTest(String password, Boolean isValid)",""
"passed","Fri Sep 19 17:35:08 GMT 2025","Fri Sep 19 17:35:08 GMT 2025","2","","","","ServicesUnitTests.ValidatorTests.CompetitionValidatorTests","ServicesUnitTests.ValidatorTests.CompetitionValidatorTests.CheckOK(comp: Competition { Description = ""**********"", EndDate = 2025-01-01T01:10:01.0000000, Id = null, Name = ""Abo"", StartDate = 2025-01-01T01:01:01.0000000 }, expected: False)","ServicesUnitTests.ValidatorTests.CompetitionValidatorTests.CheckOK(Competition comp, Boolean expected)",""
"passed","Fri Sep 19 17:35:08 GMT 2025","Fri Sep 19 17:35:08 GMT 2025","0","","","","ServicesUnitTests.ValidatorTests.PlayerProfileValidatorTests","ServicesUnitTests.ValidatorTests.PlayerProfileValidatorTests.CheckPlayerProfile(comp: PlayerProfile { Description = ""****************"", Id = 0, Name = ""****"" }, expected: True)","ServicesUnitTests.ValidatorTests.PlayerProfileValidatorTests.CheckPlayerProfile(PlayerProfile comp, Boolean expected)",""
"passed","Fri Sep 19 17:35:08 GMT 2025","Fri Sep 19 17:35:08 GMT 2025","0","","","","ServicesUnitTests.ValidatorTests.PlayerProfileValidatorTests","ServicesUnitTests.ValidatorTests.PlayerProfileValidatorTests.CheckAccountCreation(comp: AccountCreationData { Account = CompetitiveBackend.Core.Objects.Account, Password = 1234 }, expected: False)","ServicesUnitTests.ValidatorTests.PlayerProfileValidatorTests.CheckAccountCreation(AccountCreationData comp, Boolean expected)",""
"passed","Fri Sep 19 17:36:15 GMT 2025","Fri Sep 19 17:36:20 GMT 2025","4103","","","","RepositoriesTests.RepositoriesTests.AccountRepositoryUnitTests","RepositoriesTests.RepositoriesTests.AccountRepositoryUnitTests.GetAccount_Erroneous_Id","RepositoriesTests.RepositoriesTests.AccountRepositoryUnitTests.GetAccount_Erroneous_Id",""
"passed","Fri Sep 19 17:35:08 GMT 2025","Fri Sep 19 17:35:08 GMT 2025","0","","","","ServicesUnitTests.ValidatorTests.PlayerProfileValidatorTests","ServicesUnitTests.ValidatorTests.PlayerProfileValidatorTests.CheckAccountCreation(comp: AccountCreationData { Account = CompetitiveBackend.Core.Objects.Account, Password = 12345678a }, expected: False)","ServicesUnitTests.ValidatorTests.PlayerProfileValidatorTests.CheckAccountCreation(AccountCreationData comp, Boolean expected)",""
"passed","Fri Sep 19 17:35:08 GMT 2025","Fri Sep 19 17:35:08 GMT 2025","4","","","","ServicesUnitTests.ServiceTests.CompetitionLevelServiceTests","ServicesUnitTests.ServiceTests.CompetitionLevelServiceTests.GetCompetitionLevelInfo_CallsRepositoryWithData","ServicesUnitTests.ServiceTests.CompetitionLevelServiceTests.GetCompetitionLevelInfo_CallsRepositoryWithData",""
"passed","Fri Sep 19 17:35:08 GMT 2025","Fri Sep 19 17:35:08 GMT 2025","1","","","","ServicesUnitTests.ValidatorTests.PlayerProfileValidatorTests","ServicesUnitTests.ValidatorTests.PlayerProfileValidatorTests.CheckAccountCreation(comp: AccountCreationData { Account = CompetitiveBackend.Core.Objects.Account, Password =  }, expected: False)","ServicesUnitTests.ValidatorTests.PlayerProfileValidatorTests.CheckAccountCreation(AccountCreationData comp, Boolean expected)",""
"passed","Fri Sep 19 17:36:36 GMT 2025","Fri Sep 19 17:36:39 GMT 2025","2997","","","","RepositoriesTests.RepositoriesTests.PlayerParticipationRepositoryTests","RepositoriesTests.RepositoriesTests.PlayerParticipationRepositoryTests.GetLeaderboard(dt: DataLimiter { PartitionIndex = 0, Partition = 0, HasNoLimit = True, FirstIndex = 0, LastIndex = 0 }, bindPlayer: False, bindCompetition: False)","RepositoriesTests.RepositoriesTests.PlayerParticipationRepositoryTests.GetLeaderboard(DataLimiter dt, Boolean bindPlayer, Boolean bindCompetition)",""
"passed","Fri Sep 19 17:35:08 GMT 2025","Fri Sep 19 17:35:08 GMT 2025","4","","","","ServicesUnitTests.ServiceTests.CompetitionServiceTests","ServicesUnitTests.ServiceTests.CompetitionServiceTests.CompetitionServiceTest_UpdateCompetition_OK2","ServicesUnitTests.ServiceTests.CompetitionServiceTests.CompetitionServiceTest_UpdateCompetition_OK2",""
"passed","Fri Sep 19 17:35:08 GMT 2025","Fri Sep 19 17:35:08 GMT 2025","3","","","","ServicesUnitTests.ServiceTests.CompetitionLevelServiceTests","ServicesUnitTests.ServiceTests.CompetitionLevelServiceTests.UpdateCompetitionLevelInfo_CallsRepositoryWithData","ServicesUnitTests.ServiceTests.CompetitionLevelServiceTests.UpdateCompetitionLevelInfo_CallsRepositoryWithData",""
"passed","Fri Sep 19 17:35:08 GMT 2025","Fri Sep 19 17:35:08 GMT 2025","5","","","","ServicesUnitTests.ServiceTests.CompetitionRewardServiceTests","ServicesUnitTests.ServiceTests.CompetitionRewardServiceTests.CompetitionRewardServiceTests_GetCompetitionRewards(etalon: 2)","ServicesUnitTests.ServiceTests.CompetitionRewardServiceTests.CompetitionRewardServiceTests_GetCompetitionRewards(Int32 etalon)",""
"passed","Fri Sep 19 17:35:08 GMT 2025","Fri Sep 19 17:35:08 GMT 2025","0","","","","ServicesUnitTests.ValidatorTests.PlayerProfileValidatorTests","ServicesUnitTests.ValidatorTests.PlayerProfileValidatorTests.CheckAccountCreation(comp: AccountCreationData { Account = CompetitiveBackend.Core.Objects.Account, Password = 123a5678 }, expected: True)","ServicesUnitTests.ValidatorTests.PlayerProfileValidatorTests.CheckAccountCreation(AccountCreationData comp, Boolean expected)",""
"passed","Fri Sep 19 17:35:08 GMT 2025","Fri Sep 19 17:35:08 GMT 2025","4","","","","ServicesUnitTests.ValidatorTests.PasswordConstraintTests","ServicesUnitTests.ValidatorTests.PasswordConstraintTests.LettersPasswordTest(password: ""12345A"", isValid: True)","ServicesUnitTests.ValidatorTests.PasswordConstraintTests.LettersPasswordTest(String password, Boolean isValid)",""
"passed","Fri Sep 19 17:37:18 GMT 2025","Fri Sep 19 17:37:19 GMT 2025","1557","","","","RepositoriesTests.RepositoriesTests.CompetitionLevelRepositoryTests","RepositoriesTests.RepositoriesTests.CompetitionLevelRepositoryTests.DeleteCompetitionLevelData(idx: 3)","RepositoriesTests.RepositoriesTests.CompetitionLevelRepositoryTests.DeleteCompetitionLevelData(Int32 idx)",""
"passed","Fri Sep 19 17:35:08 GMT 2025","Fri Sep 19 17:35:08 GMT 2025","0","","","","ServicesUnitTests.ValidatorTests.PlayerProfileValidatorTests","ServicesUnitTests.ValidatorTests.PlayerProfileValidatorTests.CheckAccountCreation(comp: AccountCreationData { Account = CompetitiveBackend.Core.Objects.Account, Password = 123a5678 }, expected: False)","ServicesUnitTests.ValidatorTests.PlayerProfileValidatorTests.CheckAccountCreation(AccountCreationData comp, Boolean expected)",""
"passed","Fri Sep 19 17:36:33 GMT 2025","Fri Sep 19 17:36:36 GMT 2025","3470","","","","RepositoriesTests.RepositoriesTests.CompetitionRewardRepositoryTests","RepositoriesTests.RepositoriesTests.CompetitionRewardRepositoryTests.AddCompetitionReward_DifferentRanks(cond: RankGrantCondition { maxRank = 1, minRank = 0.5, Type = ""rank"" }, idx: 1)","RepositoriesTests.RepositoriesTests.CompetitionRewardRepositoryTests.AddCompetitionReward_DifferentRanks(GrantCondition cond, Int32 idx)",""
"passed","Fri Sep 19 17:36:49 GMT 2025","Fri Sep 19 17:36:52 GMT 2025","3090","","","","RepositoriesTests.RepositoriesTests.GranterTests.BasicRewardGranterTests","RepositoriesTests.RepositoriesTests.GranterTests.BasicRewardGranterTests.GetMultipleRewardData(conditions: [PlaceGrantCondition { maxPlace = 1, minPlace = 1, Type = ""place"" }, PlaceGrantCondition { maxPlace = 2, minPlace = 2, Type = ""place"" }])","RepositoriesTests.RepositoriesTests.GranterTests.BasicRewardGranterTests.GetMultipleRewardData(GrantCondition[] conditions)",""
"passed","Fri Sep 19 17:37:31 GMT 2025","Fri Sep 19 17:37:33 GMT 2025","1671","","","","RepositoriesTests.RepositoriesTests.PlayerProfileRepositoryUnitTests","RepositoriesTests.RepositoriesTests.PlayerProfileRepositoryUnitTests.UpdatePlayerProfile_Success","RepositoriesTests.RepositoriesTests.PlayerProfileRepositoryUnitTests.UpdatePlayerProfile_Success",""
"passed","Fri Sep 19 17:37:17 GMT 2025","Fri Sep 19 17:37:20 GMT 2025","2796","","","","RepositoriesTests.RepositoriesTests.PlayerProfileRepositoryUnitTests","RepositoriesTests.RepositoriesTests.PlayerProfileRepositoryUnitTests.UpdatePlayerProfileImage_Success","RepositoriesTests.RepositoriesTests.PlayerProfileRepositoryUnitTests.UpdatePlayerProfileImage_Success",""
"passed","Fri Sep 19 17:35:47 GMT 2025","Fri Sep 19 17:36:05 GMT 2025","18902","","","","RepositoriesTests.RepositoriesTests.SessionRepositoryUnitTests","RepositoriesTests.RepositoriesTests.SessionRepositoryUnitTests.CreateSessionTokenFor_Failure","RepositoriesTests.RepositoriesTests.SessionRepositoryUnitTests.CreateSessionTokenFor_Failure",""
"passed","Fri Sep 19 17:37:00 GMT 2025","Fri Sep 19 17:37:03 GMT 2025","3065","","","","RepositoriesTests.RepositoriesTests.GranterTests.StoredProcedureGranterTests","RepositoriesTests.RepositoriesTests.GranterTests.StoredProcedureGranterTests.GrantRewardsTwoParticipants","RepositoriesTests.RepositoriesTests.GranterTests.StoredProcedureGranterTests.GrantRewardsTwoParticipants",""
"passed","Fri Sep 19 17:37:51 GMT 2025","Fri Sep 19 17:37:52 GMT 2025","1589","","","","RepositoriesTests.RepositoriesTests.PlayerRewardRepositoryBasicTests","RepositoriesTests.RepositoriesTests.PlayerRewardRepositoryBasicTests.DeleteReward_Success","RepositoriesTests.RepositoriesTests.PlayerRewardRepositoryBasicTests.DeleteReward_Success",""
"passed","Fri Sep 19 17:35:08 GMT 2025","Fri Sep 19 17:35:08 GMT 2025","1","","","","ServicesUnitTests.ValidatorTests.PlayerProfileValidatorTests","ServicesUnitTests.ValidatorTests.PlayerProfileValidatorTests.CheckAccountCreation(comp: AccountCreationData { Account = CompetitiveBackend.Core.Objects.Account, Password = 123456a }, expected: False)","ServicesUnitTests.ValidatorTests.PlayerProfileValidatorTests.CheckAccountCreation(AccountCreationData comp, Boolean expected)",""
"passed","Fri Sep 19 17:35:08 GMT 2025","Fri Sep 19 17:35:08 GMT 2025","1","","","","ServicesUnitTests.ValidatorTests.PasswordConstraintTests","ServicesUnitTests.ValidatorTests.PasswordConstraintTests.LengthPasswordTest(password: ""123"", isValid: False)","ServicesUnitTests.ValidatorTests.PasswordConstraintTests.LengthPasswordTest(String password, Boolean isValid)",""
"passed","Fri Sep 19 17:36:53 GMT 2025","Fri Sep 19 17:36:56 GMT 2025","3015","","","","RepositoriesTests.RepositoriesTests.CompetitionRewardRepositoryTests","RepositoriesTests.RepositoriesTests.CompetitionRewardRepositoryTests.GetCompetitionRewards_Success(idx: 1)","RepositoriesTests.RepositoriesTests.CompetitionRewardRepositoryTests.GetCompetitionRewards_Success(Int32 idx)",""
"passed","Fri Sep 19 17:35:08 GMT 2025","Fri Sep 19 17:35:08 GMT 2025","3","","","","ServicesUnitTests.ServiceTests.CompetitionServiceTests","ServicesUnitTests.ServiceTests.CompetitionServiceTests.CompetitionServiceTest_GetCompetition","ServicesUnitTests.ServiceTests.CompetitionServiceTests.CompetitionServiceTest_GetCompetition",""
"passed","Fri Sep 19 17:35:08 GMT 2025","Fri Sep 19 17:35:08 GMT 2025","0","","","","ServicesUnitTests.ValidatorTests.PlayerProfileValidatorTests","ServicesUnitTests.ValidatorTests.PlayerProfileValidatorTests.CheckAccountCreation(comp: AccountCreationData { Account = CompetitiveBackend.Core.Objects.Account, Password = 12345678 }, expected: False)","ServicesUnitTests.ValidatorTests.PlayerProfileValidatorTests.CheckAccountCreation(AccountCreationData comp, Boolean expected)",""
"passed","Fri Sep 19 17:37:04 GMT 2025","Fri Sep 19 17:37:07 GMT 2025","2621","","","","RepositoriesTests.RepositoriesTests.CompetitionRewardRepositoryTests","RepositoriesTests.RepositoriesTests.CompetitionRewardRepositoryTests.UpdateCompetitionReward_Alien","RepositoriesTests.RepositoriesTests.CompetitionRewardRepositoryTests.UpdateCompetitionReward_Alien",""
"passed","Fri Sep 19 17:35:08 GMT 2025","Fri Sep 19 17:35:08 GMT 2025","1","","","","ServicesUnitTests.ServiceTests.CompetitionLevelServiceTests","ServicesUnitTests.ServiceTests.CompetitionLevelServiceTests.GetCompetitionLevelData_CallsRepositoryWithData","ServicesUnitTests.ServiceTests.CompetitionLevelServiceTests.GetCompetitionLevelData_CallsRepositoryWithData",""
"passed","Fri Sep 19 17:37:38 GMT 2025","Fri Sep 19 17:37:40 GMT 2025","1496","","","","RepositoriesTests.RepositoriesTests.CompetitionLevelRepositoryTests","RepositoriesTests.RepositoriesTests.CompetitionLevelRepositoryTests.UpdateCompetitionLevel_Failure","RepositoriesTests.RepositoriesTests.CompetitionLevelRepositoryTests.UpdateCompetitionLevel_Failure",""
"passed","Fri Sep 19 17:37:45 GMT 2025","Fri Sep 19 17:37:47 GMT 2025","1467","","","","RepositoriesTests.RepositoriesTests.CompetitionRepositoryUnitTests","RepositoriesTests.RepositoriesTests.CompetitionRepositoryUnitTests.GetAllCompetitions_Empty(dt: DataLimiter { PartitionIndex = 0, Partition = 2, HasNoLimit = False, FirstIndex = 0, LastIndex = 2 })","RepositoriesTests.RepositoriesTests.CompetitionRepositoryUnitTests.GetAllCompetitions_Empty(DataLimiter dt)",""
"passed","Fri Sep 19 17:36:51 GMT 2025","Fri Sep 19 17:36:54 GMT 2025","2967","","","","RepositoriesTests.RepositoriesTests.PlayerParticipationRepositoryTests","RepositoriesTests.RepositoriesTests.PlayerParticipationRepositoryTests.GetLeaderboard(dt: DataLimiter { PartitionIndex = 1, Partition = 2, HasNoLimit = False, FirstIndex = 2, LastIndex = 4 }, bindPlayer: True, bindCompetition: False)","RepositoriesTests.RepositoriesTests.PlayerParticipationRepositoryTests.GetLeaderboard(DataLimiter dt, Boolean bindPlayer, Boolean bindCompetition)",""
"passed","Fri Sep 19 17:35:08 GMT 2025","Fri Sep 19 17:35:08 GMT 2025","2","","","","ServicesUnitTests.ServiceTests.RewardDescriptionServiceTests","ServicesUnitTests.ServiceTests.RewardDescriptionServiceTests.RewardDescriptionServiceTests_GetRewardDescription","ServicesUnitTests.ServiceTests.RewardDescriptionServiceTests.RewardDescriptionServiceTests_GetRewardDescription",""
"passed","Fri Sep 19 17:37:08 GMT 2025","Fri Sep 19 17:37:10 GMT 2025","2818","","","","RepositoriesTests.RepositoriesTests.PlayerParticipationRepositoryTests","RepositoriesTests.RepositoriesTests.PlayerParticipationRepositoryTests.GetPlayerParticipations(dt: DataLimiter { PartitionIndex = 0, Partition = 0, HasNoLimit = True, FirstIndex = 0, LastIndex = 0 }, bindPlayer: True, bindCompetition: True)","RepositoriesTests.RepositoriesTests.PlayerParticipationRepositoryTests.GetPlayerParticipations(DataLimiter dt, Boolean bindPlayer, Boolean bindCompetition)",""
"passed","Fri Sep 19 17:39:12 GMT 2025","Fri Sep 19 17:39:13 GMT 2025","1575","","","","RepositoriesTests.RepositoriesTests.CompetitionE2ETests","RepositoriesTests.RepositoriesTests.CompetitionE2ETests.CompetitionFetchAll","RepositoriesTests.RepositoriesTests.CompetitionE2ETests.CompetitionFetchAll",""
"passed","Fri Sep 19 17:37:30 GMT 2025","Fri Sep 19 17:37:31 GMT 2025","1546","","","","RepositoriesTests.RepositoriesTests.PlayerProfileRepositoryUnitTests","RepositoriesTests.RepositoriesTests.PlayerProfileRepositoryUnitTests.GetPlayerProfileImage_Success","RepositoriesTests.RepositoriesTests.PlayerProfileRepositoryUnitTests.GetPlayerProfileImage_Success",""
"passed","Fri Sep 19 17:37:40 GMT 2025","Fri Sep 19 17:37:41 GMT 2025","1565","","","","RepositoriesTests.RepositoriesTests.CompetitionRepositoryUnitTests","RepositoriesTests.RepositoriesTests.CompetitionRepositoryUnitTests.CreateCompetition_UtcSuccess","RepositoriesTests.RepositoriesTests.CompetitionRepositoryUnitTests.CreateCompetition_UtcSuccess",""
"passed","Fri Sep 19 17:35:08 GMT 2025","Fri Sep 19 17:35:08 GMT 2025","4","","","","ServicesUnitTests.ServiceTests.AuthServiceTests","ServicesUnitTests.ServiceTests.AuthServiceTests.AuthService_LogIn_BadPassword","ServicesUnitTests.ServiceTests.AuthServiceTests.AuthService_LogIn_BadPassword",""
"passed","Fri Sep 19 17:36:57 GMT 2025","Fri Sep 19 17:37:00 GMT 2025","3026","","","","RepositoriesTests.RepositoriesTests.PlayerParticipationRepositoryTests","RepositoriesTests.RepositoriesTests.PlayerParticipationRepositoryTests.GetLeaderboard(dt: DataLimiter { PartitionIndex = 1, Partition = 2, HasNoLimit = False, FirstIndex = 2, LastIndex = 4 }, bindPlayer: True, bindCompetition: True)","RepositoriesTests.RepositoriesTests.PlayerParticipationRepositoryTests.GetLeaderboard(DataLimiter dt, Boolean bindPlayer, Boolean bindCompetition)",""
"passed","Fri Sep 19 17:35:08 GMT 2025","Fri Sep 19 17:35:08 GMT 2025","4","","","","ServicesUnitTests.ServiceTests.PlayerParticipationServiceTests","ServicesUnitTests.ServiceTests.PlayerParticipationServiceTests.PlayerParticipationServiceTests_GetParticipation","ServicesUnitTests.ServiceTests.PlayerParticipationServiceTests.PlayerParticipationServiceTests_GetParticipation",""
"passed","Fri Sep 19 17:36:23 GMT 2025","Fri Sep 19 17:36:27 GMT 2025","4008","","","","RepositoriesTests.RepositoriesTests.GranterTests.StoredProcedureGranterTests","RepositoriesTests.RepositoriesTests.GranterTests.StoredProcedureGranterTests.GrantRewardsByPlace(minPlace: 1, maxPlace: 5)","RepositoriesTests.RepositoriesTests.GranterTests.StoredProcedureGranterTests.GrantRewardsByPlace(Int32 minPlace, Int32 maxPlace)",""
"passed","Fri Sep 19 17:36:31 GMT 2025","Fri Sep 19 17:36:35 GMT 2025","3417","","","","RepositoriesTests.RepositoriesTests.RewardDescriptionRepositoryTests","RepositoriesTests.RepositoriesTests.RewardDescriptionRepositoryTests.UpdateRewardDescription_Success","RepositoriesTests.RepositoriesTests.RewardDescriptionRepositoryTests.UpdateRewardDescription_Success",""
"passed","Fri Sep 19 17:36:16 GMT 2025","Fri Sep 19 17:36:20 GMT 2025","4303","","","","RepositoriesTests.RepositoriesTests.SessionRepositoryUnitTests","RepositoriesTests.RepositoriesTests.SessionRepositoryUnitTests.CreateSessionToken_Unknown","RepositoriesTests.RepositoriesTests.SessionRepositoryUnitTests.CreateSessionToken_Unknown",""
"passed","Fri Sep 19 17:35:08 GMT 2025","Fri Sep 19 17:35:08 GMT 2025","1","","","","ServicesUnitTests.ValidatorTests.PlayerProfileValidatorTests","ServicesUnitTests.ValidatorTests.PlayerProfileValidatorTests.CheckPlayerProfile(comp: PlayerProfile { Description = ""****************"", Id = 0, Name = ""****************"" }, expected: True)","ServicesUnitTests.ValidatorTests.PlayerProfileValidatorTests.CheckPlayerProfile(PlayerProfile comp, Boolean expected)",""
"passed","Fri Sep 19 17:35:07 GMT 2025","Fri Sep 19 17:35:08 GMT 2025","49","","","","ServicesUnitTests.ValidatorTests.PasswordConstraintTests","ServicesUnitTests.ValidatorTests.PasswordConstraintTests.LengthPasswordTest(password: ""12344919293921391293"", isValid: True)","ServicesUnitTests.ValidatorTests.PasswordConstraintTests.LengthPasswordTest(String password, Boolean isValid)",""
"passed","Fri Sep 19 17:35:08 GMT 2025","Fri Sep 19 17:35:08 GMT 2025","1","","","","ServicesUnitTests.ValidatorTests.CompetitionValidatorTests","ServicesUnitTests.ValidatorTests.CompetitionValidatorTests.CheckOK(comp: Competition { Description = ""*********"", EndDate = 2025-01-01T01:10:01.0000000, Id = null, Name = ""Colon"", StartDate = 2025-01-01T01:01:01.0000000 }, expected: False)","ServicesUnitTests.ValidatorTests.CompetitionValidatorTests.CheckOK(Competition comp, Boolean expected)",""
"passed","Fri Sep 19 17:36:22 GMT 2025","Fri Sep 19 17:36:25 GMT 2025","3763","","","","RepositoriesTests.RepositoriesTests.PlayerParticipationRepositoryTests","RepositoriesTests.RepositoriesTests.PlayerParticipationRepositoryTests.GetParticipation(bindPlayer: True, bindCompetition: True)","RepositoriesTests.RepositoriesTests.PlayerParticipationRepositoryTests.GetParticipation(Boolean bindPlayer, Boolean bindCompetition)",""
"passed","Fri Sep 19 17:36:11 GMT 2025","Fri Sep 19 17:36:15 GMT 2025","4350","","","","RepositoriesTests.RepositoriesTests.AccountRepositoryUnitTests","RepositoriesTests.RepositoriesTests.AccountRepositoryUnitTests.GetAccount_Erroneous_Login","RepositoriesTests.RepositoriesTests.AccountRepositoryUnitTests.GetAccount_Erroneous_Login",""
"passed","Fri Sep 19 17:36:13 GMT 2025","Fri Sep 19 17:36:18 GMT 2025","4142","","","","RepositoriesTests.RepositoriesTests.PlayerParticipationRepositoryTests","RepositoriesTests.RepositoriesTests.PlayerParticipationRepositoryTests.GetParticipation(bindPlayer: False, bindCompetition: True)","RepositoriesTests.RepositoriesTests.PlayerParticipationRepositoryTests.GetParticipation(Boolean bindPlayer, Boolean bindCompetition)",""
"passed","Fri Sep 19 17:35:08 GMT 2025","Fri Sep 19 17:35:08 GMT 2025","7","","","","ServicesUnitTests.ServiceTests.PlayerParticipationServiceTests","ServicesUnitTests.ServiceTests.PlayerParticipationServiceTests.PlayerParticipationServiceTests_SubmitParticipation_TOO_LATE","ServicesUnitTests.ServiceTests.PlayerParticipationServiceTests.PlayerParticipationServiceTests_SubmitParticipation_TOO_LATE",""
"passed","Fri Sep 19 17:37:40 GMT 2025","Fri Sep 19 17:37:42 GMT 2025","1565","","","","RepositoriesTests.RepositoriesTests.PlayerRewardRepositoryBasicTests","RepositoriesTests.RepositoriesTests.PlayerRewardRepositoryBasicTests.GetPlayerRewards_Success(dt: DataLimiter { PartitionIndex = 0, Partition = 3, HasNoLimit = False, FirstIndex = 0, LastIndex = 3 })","RepositoriesTests.RepositoriesTests.PlayerRewardRepositoryBasicTests.GetPlayerRewards_Success(DataLimiter dt)",""
"passed","Fri Sep 19 17:35:08 GMT 2025","Fri Sep 19 17:35:08 GMT 2025","33","","","","ServicesUnitTests.ServiceTests.CompetitionRewardSchedulerTests","ServicesUnitTests.ServiceTests.CompetitionRewardSchedulerTests.CompetitionRewardSchedulerTests_OnCompetitionUpdated","ServicesUnitTests.ServiceTests.CompetitionRewardSchedulerTests.CompetitionRewardSchedulerTests_OnCompetitionUpdated",""
"passed","Fri Sep 19 17:35:08 GMT 2025","Fri Sep 19 17:35:08 GMT 2025","4","","","","ServicesUnitTests.ServiceTests.CompetitionLevelServiceTests","ServicesUnitTests.ServiceTests.CompetitionLevelServiceTests.CreateLevelData_CallsRepositoryWithCorrectParameters","ServicesUnitTests.ServiceTests.CompetitionLevelServiceTests.CreateLevelData_CallsRepositoryWithCorrectParameters",""
"passed","Fri Sep 19 17:35:08 GMT 2025","Fri Sep 19 17:35:08 GMT 2025","0","","","","ServicesUnitTests.ValidatorTests.PasswordConstraintTests","ServicesUnitTests.ValidatorTests.PasswordConstraintTests.LengthPasswordTest(password: ""12345"", isValid: True)","ServicesUnitTests.ValidatorTests.PasswordConstraintTests.LengthPasswordTest(String password, Boolean isValid)",""
"passed","Fri Sep 19 17:35:08 GMT 2025","Fri Sep 19 17:35:08 GMT 2025","0","","","","ServicesUnitTests.ValidatorTests.PlayerProfileValidatorTests","ServicesUnitTests.ValidatorTests.PlayerProfileValidatorTests.CheckPlayerProfile(comp: PlayerProfile { Description = ""*****************"", Id = 0, Name = ""****************"" }, expected: False)","ServicesUnitTests.ValidatorTests.PlayerProfileValidatorTests.CheckPlayerProfile(PlayerProfile comp, Boolean expected)",""
"passed","Fri Sep 19 17:35:08 GMT 2025","Fri Sep 19 17:35:08 GMT 2025","0","","","","ServicesUnitTests.ValidatorTests.PasswordConstraintTests","ServicesUnitTests.ValidatorTests.PasswordConstraintTests.LettersPasswordTest(password: ""______"", isValid: False)","ServicesUnitTests.ValidatorTests.PasswordConstraintTests.LettersPasswordTest(String password, Boolean isValid)",""
"passed","Fri Sep 19 17:35:08 GMT 2025","Fri Sep 19 17:35:08 GMT 2025","0","","","","ServicesUnitTests.ValidatorTests.PlayerProfileValidatorTests","ServicesUnitTests.ValidatorTests.PlayerProfileValidatorTests.CheckAccountCreation(comp: AccountCreationData { Account = CompetitiveBackend.Core.Objects.Account, Password = 123456a }, expected: False)","ServicesUnitTests.ValidatorTests.PlayerProfileValidatorTests.CheckAccountCreation(AccountCreationData comp, Boolean expected)",""
"passed","Fri Sep 19 17:35:08 GMT 2025","Fri Sep 19 17:35:08 GMT 2025","0","","","","ServicesUnitTests.ValidatorTests.PlayerProfileValidatorTests","ServicesUnitTests.ValidatorTests.PlayerProfileValidatorTests.CheckAccountCreation(comp: AccountCreationData { Account = CompetitiveBackend.Core.Objects.Account, Password = 12345678 }, expected: False)","ServicesUnitTests.ValidatorTests.PlayerProfileValidatorTests.CheckAccountCreation(AccountCreationData comp, Boolean expected)",""
"passed","Fri Sep 19 17:35:08 GMT 2025","Fri Sep 19 17:35:08 GMT 2025","0","","","","ServicesUnitTests.ValidatorTests.PlayerProfileValidatorTests","ServicesUnitTests.ValidatorTests.PlayerProfileValidatorTests.CheckAccountCreation(comp: AccountCreationData { Account = CompetitiveBackend.Core.Objects.Account, Password = 1234 }, expected: False)","ServicesUnitTests.ValidatorTests.PlayerProfileValidatorTests.CheckAccountCreation(AccountCreationData comp, Boolean expected)",""
"passed","Fri Sep 19 17:37:54 GMT 2025","Fri Sep 19 17:37:56 GMT 2025","1615","","","","RepositoriesTests.RepositoriesTests.CompetitionRepositoryUnitTests","RepositoriesTests.RepositoriesTests.CompetitionRepositoryUnitTests.UpdateCompetition_Success","RepositoriesTests.RepositoriesTests.CompetitionRepositoryUnitTests.UpdateCompetition_Success",""
"passed","Fri Sep 19 17:36:47 GMT 2025","Fri Sep 19 17:36:50 GMT 2025","3184","","","","RepositoriesTests.RepositoriesTests.CompetitionLevelRepositoryTests","RepositoriesTests.RepositoriesTests.CompetitionLevelRepositoryTests.GetLevelDataTests(platform: ""Windows"", maxVersion: null, data: [7, 8, 9])","RepositoriesTests.RepositoriesTests.CompetitionLevelRepositoryTests.GetLevelDataTests(String platform, Nullable<Int32> maxVersion, Byte[] data)",""
"passed","Fri Sep 19 17:36:56 GMT 2025","Fri Sep 19 17:36:59 GMT 2025","3023","","","","RepositoriesTests.RepositoriesTests.CompetitionLevelRepositoryTests","RepositoriesTests.RepositoriesTests.CompetitionLevelRepositoryTests.UpdateCompetitionLevelData(idx: 2)","RepositoriesTests.RepositoriesTests.CompetitionLevelRepositoryTests.UpdateCompetitionLevelData(Int32 idx)",""
"passed","Fri Sep 19 17:37:00 GMT 2025","Fri Sep 19 17:37:03 GMT 2025","2971","","","","RepositoriesTests.RepositoriesTests.PlayerParticipationRepositoryTests","RepositoriesTests.RepositoriesTests.PlayerParticipationRepositoryTests.GetPlayerParticipations(dt: DataLimiter { PartitionIndex = 0, Partition = 0, HasNoLimit = True, FirstIndex = 0, LastIndex = 0 }, bindPlayer: False, bindCompetition: False)","RepositoriesTests.RepositoriesTests.PlayerParticipationRepositoryTests.GetPlayerParticipations(DataLimiter dt, Boolean bindPlayer, Boolean bindCompetition)",""
"passed","Fri Sep 19 17:35:08 GMT 2025","Fri Sep 19 17:35:08 GMT 2025","12","","","","ServicesUnitTests.ServiceTests.PlayerRewardServiceTests","ServicesUnitTests.ServiceTests.PlayerRewardServiceTests.PlayerRewardServiceTest_GetAllRewardsOf","ServicesUnitTests.ServiceTests.PlayerRewardServiceTests.PlayerRewardServiceTest_GetAllRewardsOf",""
"passed","Fri Sep 19 17:35:08 GMT 2025","Fri Sep 19 17:35:08 GMT 2025","1","","","","ServicesUnitTests.ValidatorTests.CompetitionValidatorTests","ServicesUnitTests.ValidatorTests.CompetitionValidatorTests.CheckOK(comp: Competition { Description = ""************"", EndDate = 2025-01-01T01:10:01.0000000, Id = null, Name = ""Colon"", StartDate = 2025-01-01T01:01:01.0000000 }, expected: False)","ServicesUnitTests.ValidatorTests.CompetitionValidatorTests.CheckOK(Competition comp, Boolean expected)",""
"passed","Fri Sep 19 17:35:08 GMT 2025","Fri Sep 19 17:35:08 GMT 2025","6","","","","ServicesUnitTests.ServiceTests.CompetitionRewardServiceTests","ServicesUnitTests.ServiceTests.CompetitionRewardServiceTests.CompetitionRewardServiceTests_RemoveCompetitionReward(etalon: 2)","ServicesUnitTests.ServiceTests.CompetitionRewardServiceTests.CompetitionRewardServiceTests_RemoveCompetitionReward(Int32 etalon)",""
"passed","Fri Sep 19 17:35:08 GMT 2025","Fri Sep 19 17:35:08 GMT 2025","35","","","","ServicesUnitTests.ServiceTests.CompetitionRewardSchedulerTests","ServicesUnitTests.ServiceTests.CompetitionRewardSchedulerTests.CompetitionRewardSchedulerTests_OnRecievedMessage_Ok","ServicesUnitTests.ServiceTests.CompetitionRewardSchedulerTests.CompetitionRewardSchedulerTests_OnRecievedMessage_Ok",""
"passed","Fri Sep 19 17:35:08 GMT 2025","Fri Sep 19 17:35:08 GMT 2025","12","","","","ServicesUnitTests.ServiceTests.AuthServiceTests","ServicesUnitTests.ServiceTests.AuthServiceTests.AuthService_LogIn_Success","ServicesUnitTests.ServiceTests.AuthServiceTests.AuthService_LogIn_Success",""
"passed","Fri Sep 19 17:37:50 GMT 2025","Fri Sep 19 17:37:51 GMT 2025","1481","","","","RepositoriesTests.RepositoriesTests.CompetitionRepositoryUnitTests","RepositoriesTests.RepositoriesTests.CompetitionRepositoryUnitTests.GetAllCompetitions_Empty(dt: DataLimiter { PartitionIndex = 2, Partition = 1, HasNoLimit = False, FirstIndex = 2, LastIndex = 3 })","RepositoriesTests.RepositoriesTests.CompetitionRepositoryUnitTests.GetAllCompetitions_Empty(DataLimiter dt)",""
"passed","Fri Sep 19 17:35:08 GMT 2025","Fri Sep 19 17:35:08 GMT 2025","0","","","","ServicesUnitTests.ValidatorTests.PlayerProfileValidatorTests","ServicesUnitTests.ValidatorTests.PlayerProfileValidatorTests.CheckAccount(comp: Account { Email = null, Id = null, Login = ""amog"" }, expected: True)","ServicesUnitTests.ValidatorTests.PlayerProfileValidatorTests.CheckAccount(Account comp, Boolean expected)",""
"passed","Fri Sep 19 17:35:08 GMT 2025","Fri Sep 19 17:35:08 GMT 2025","6","","","","ServicesUnitTests.ServiceTests.PlayerProfileServiceTests","ServicesUnitTests.ServiceTests.PlayerProfileServiceTests.PlayerProfileService_UpdatePlayerProfile_Failure","ServicesUnitTests.ServiceTests.PlayerProfileServiceTests.PlayerProfileService_UpdatePlayerProfile_Failure",""
"passed","Fri Sep 19 17:35:08 GMT 2025","Fri Sep 19 17:35:08 GMT 2025","2","","","","ServicesUnitTests.ValidatorTests.PlayerProfileValidatorTests","ServicesUnitTests.ValidatorTests.PlayerProfileValidatorTests.CheckAccountCreation(comp: AccountCreationData { Account = CompetitiveBackend.Core.Objects.Account, Password =  }, expected: False)","ServicesUnitTests.ValidatorTests.PlayerProfileValidatorTests.CheckAccountCreation(AccountCreationData comp, Boolean expected)",""
"passed","Fri Sep 19 17:35:08 GMT 2025","Fri Sep 19 17:35:08 GMT 2025","0","","","","ServicesUnitTests.ValidatorTests.PlayerProfileValidatorTests","ServicesUnitTests.ValidatorTests.PlayerProfileValidatorTests.CheckAccount(comp: Account { Email = null, Id = null, Login = null }, expected: False)","ServicesUnitTests.ValidatorTests.PlayerProfileValidatorTests.CheckAccount(Account comp, Boolean expected)",""
"passed","Fri Sep 19 17:35:08 GMT 2025","Fri Sep 19 17:35:08 GMT 2025","3","","","","ServicesUnitTests.ServiceTests.CompetitionServiceTests","ServicesUnitTests.ServiceTests.CompetitionServiceTests.CompetitionServiceTests_CreateCompetition_Bad1","ServicesUnitTests.ServiceTests.CompetitionServiceTests.CompetitionServiceTests_CreateCompetition_Bad1",""
"passed","Fri Sep 19 17:35:08 GMT 2025","Fri Sep 19 17:35:08 GMT 2025","0","","","","ServicesUnitTests.ValidatorTests.PlayerProfileValidatorTests","ServicesUnitTests.ValidatorTests.PlayerProfileValidatorTests.CheckAccountCreation(comp: AccountCreationData { Account = CompetitiveBackend.Core.Objects.Account, Password = 12345678a }, expected: False)","ServicesUnitTests.ValidatorTests.PlayerProfileValidatorTests.CheckAccountCreation(AccountCreationData comp, Boolean expected)",""
"passed","Fri Sep 19 17:37:12 GMT 2025","Fri Sep 19 17:37:15 GMT 2025","2713","","","","RepositoriesTests.RepositoriesTests.PlayerParticipationRepositoryTests","RepositoriesTests.RepositoriesTests.PlayerParticipationRepositoryTests.GetPlayerParticipations(dt: DataLimiter { PartitionIndex = 1, Partition = 2, HasNoLimit = False, FirstIndex = 2, LastIndex = 4 }, bindPlayer: True, bindCompetition: False)","RepositoriesTests.RepositoriesTests.PlayerParticipationRepositoryTests.GetPlayerParticipations(DataLimiter dt, Boolean bindPlayer, Boolean bindCompetition)",""
"passed","Fri Sep 19 17:37:44 GMT 2025","Fri Sep 19 17:37:45 GMT 2025","1457","","","","RepositoriesTests.RepositoriesTests.CompetitionRepositoryUnitTests","RepositoriesTests.RepositoriesTests.CompetitionRepositoryUnitTests.GetAllCompetitions_Empty(dt: DataLimiter { PartitionIndex = 0, Partition = 3, HasNoLimit = False, FirstIndex = 0, LastIndex = 3 })","RepositoriesTests.RepositoriesTests.CompetitionRepositoryUnitTests.GetAllCompetitions_Empty(DataLimiter dt)",""
"passed","Fri Sep 19 17:36:42 GMT 2025","Fri Sep 19 17:36:45 GMT 2025","3071","","","","RepositoriesTests.RepositoriesTests.PlayerParticipationRepositoryTests","RepositoriesTests.RepositoriesTests.PlayerParticipationRepositoryTests.GetLeaderboard(dt: DataLimiter { PartitionIndex = 0, Partition = 0, HasNoLimit = True, FirstIndex = 0, LastIndex = 0 }, bindPlayer: False, bindCompetition: True)","RepositoriesTests.RepositoriesTests.PlayerParticipationRepositoryTests.GetLeaderboard(DataLimiter dt, Boolean bindPlayer, Boolean bindCompetition)",""
"passed","Fri Sep 19 17:36:41 GMT 2025","Fri Sep 19 17:36:44 GMT 2025","3262","","","","RepositoriesTests.RepositoriesTests.GranterTests.StoredProcedureGranterTests","RepositoriesTests.RepositoriesTests.GranterTests.StoredProcedureGranterTests.MissingCompetition","RepositoriesTests.RepositoriesTests.GranterTests.StoredProcedureGranterTests.MissingCompetition",""
"passed","Fri Sep 19 17:37:22 GMT 2025","Fri Sep 19 17:37:24 GMT 2025","2664","","","","RepositoriesTests.RepositoriesTests.CompetitionLevelRepositoryTests","RepositoriesTests.RepositoriesTests.CompetitionLevelRepositoryTests.GetSpecificLevelData(idx: 1)","RepositoriesTests.RepositoriesTests.CompetitionLevelRepositoryTests.GetSpecificLevelData(Int32 idx)",""
"passed","Fri Sep 19 17:37:58 GMT 2025","Fri Sep 19 17:38:00 GMT 2025","1414","","","","RepositoriesTests.RepositoriesTests.CompetitionRepositoryUnitTests","RepositoriesTests.RepositoriesTests.CompetitionRepositoryUnitTests.GetActualCompetitions_Basic","RepositoriesTests.RepositoriesTests.CompetitionRepositoryUnitTests.GetActualCompetitions_Basic",""
"passed","Fri Sep 19 17:36:56 GMT 2025","Fri Sep 19 17:36:59 GMT 2025","3000","","","","RepositoriesTests.RepositoriesTests.CompetitionRewardRepositoryTests","RepositoriesTests.RepositoriesTests.CompetitionRewardRepositoryTests.GetCompetitionRewards_Success(idx: 2)","RepositoriesTests.RepositoriesTests.CompetitionRewardRepositoryTests.GetCompetitionRewards_Success(Int32 idx)",""
"passed","Fri Sep 19 17:35:08 GMT 2025","Fri Sep 19 17:35:08 GMT 2025","9","","","","ServicesUnitTests.ServiceTests.PlayerParticipationServiceTests","ServicesUnitTests.ServiceTests.PlayerParticipationServiceTests.PlayerParticipationServiceTests_SubmitParticipation_UPDATE","ServicesUnitTests.ServiceTests.PlayerParticipationServiceTests.PlayerParticipationServiceTests_SubmitParticipation_UPDATE",""
"passed","Fri Sep 19 17:35:47 GMT 2025","Fri Sep 19 17:36:06 GMT 2025","19208","","","","RepositoriesTests.RepositoriesTests.AccountRepositoryUnitTests","RepositoriesTests.RepositoriesTests.AccountRepositoryUnitTests.CreateAccountTest","RepositoriesTests.RepositoriesTests.AccountRepositoryUnitTests.CreateAccountTest",""
"passed","Fri Sep 19 17:35:08 GMT 2025","Fri Sep 19 17:35:08 GMT 2025","3","","","","ServicesUnitTests.ServiceTests.PlayerRewardServiceTests","ServicesUnitTests.ServiceTests.PlayerRewardServiceTests.PlayerRewardServiceTest_GrantRewardToPlayer","ServicesUnitTests.ServiceTests.PlayerRewardServiceTests.PlayerRewardServiceTest_GrantRewardToPlayer",""
"passed","Fri Sep 19 17:35:08 GMT 2025","Fri Sep 19 17:35:08 GMT 2025","5","","","","ServicesUnitTests.ServiceTests.PlayerProfileServiceTests","ServicesUnitTests.ServiceTests.PlayerProfileServiceTests.PlayerProfileService_GetPlayerProfileImage","ServicesUnitTests.ServiceTests.PlayerProfileServiceTests.PlayerProfileService_GetPlayerProfileImage",""
"passed","Fri Sep 19 17:35:08 GMT 2025","Fri Sep 19 17:35:08 GMT 2025","4","","","","ServicesUnitTests.ServiceTests.CompetitionRewardServiceTests","ServicesUnitTests.ServiceTests.CompetitionRewardServiceTests.CompetitionRewardServiceTests_CreateCompetitionReward","ServicesUnitTests.ServiceTests.CompetitionRewardServiceTests.CompetitionRewardServiceTests_CreateCompetitionReward",""
"passed","Fri Sep 19 17:35:08 GMT 2025","Fri Sep 19 17:35:08 GMT 2025","27","","","","ServicesUnitTests.ServiceTests.PlayerParticipationServiceTests","ServicesUnitTests.ServiceTests.PlayerParticipationServiceTests.PlayerParticipationServiceTests_SubmitParticipation_DISCARD","ServicesUnitTests.ServiceTests.PlayerParticipationServiceTests.PlayerParticipationServiceTests_SubmitParticipation_DISCARD",""
"passed","Fri Sep 19 17:36:58 GMT 2025","Fri Sep 19 17:37:01 GMT 2025","3123","","","","RepositoriesTests.RepositoriesTests.GranterTests.BasicRewardGranterTests","RepositoriesTests.RepositoriesTests.GranterTests.BasicRewardGranterTests.GetMultipleRewardData(conditions: [RankGrantCondition { maxRank = 0, minRank = 0, Type = ""rank"" }, PlaceGrantCondition { maxPlace = 1, minPlace = 1, Type = ""place"" }])","RepositoriesTests.RepositoriesTests.GranterTests.BasicRewardGranterTests.GetMultipleRewardData(GrantCondition[] conditions)",""
"passed","Fri Sep 19 17:35:08 GMT 2025","Fri Sep 19 17:35:08 GMT 2025","4","","","","ServicesUnitTests.ServiceTests.CompetitionServiceTests","ServicesUnitTests.ServiceTests.CompetitionServiceTests.CompetitionServiceTest_UpdateCompetition_Bad3","ServicesUnitTests.ServiceTests.CompetitionServiceTests.CompetitionServiceTest_UpdateCompetition_Bad3",""
"passed","Fri Sep 19 17:35:08 GMT 2025","Fri Sep 19 17:35:08 GMT 2025","2","","","","ServicesUnitTests.ServiceTests.RewardDescriptionServiceTests","ServicesUnitTests.ServiceTests.RewardDescriptionServiceTests.RewardDescriptionServiceTests_GetRewardIcon","ServicesUnitTests.ServiceTests.RewardDescriptionServiceTests.RewardDescriptionServiceTests_GetRewardIcon",""
"passed","Fri Sep 19 17:37:15 GMT 2025","Fri Sep 19 17:37:17 GMT 2025","1585","","","","RepositoriesTests.RepositoriesTests.CompetitionRewardRepositoryTests","RepositoriesTests.RepositoriesTests.CompetitionRewardRepositoryTests.GetCompetitionReward_Success(idx: 2)","RepositoriesTests.RepositoriesTests.CompetitionRewardRepositoryTests.GetCompetitionReward_Success(Int32 idx)",""
"passed","Fri Sep 19 17:35:08 GMT 2025","Fri Sep 19 17:35:08 GMT 2025","5","","","","ServicesUnitTests.ServiceTests.CompetitionRewardSchedulerTests","ServicesUnitTests.ServiceTests.CompetitionRewardSchedulerTests.CompetitionRewardSchedulerTests_OnCompetitionCreated","ServicesUnitTests.ServiceTests.CompetitionRewardSchedulerTests.CompetitionRewardSchedulerTests_OnCompetitionCreated",""
"passed","Fri Sep 19 17:35:08 GMT 2025","Fri Sep 19 17:35:08 GMT 2025","1","","","","ServicesUnitTests.ServiceTests.CompetitionRewardServiceTests","ServicesUnitTests.ServiceTests.CompetitionRewardServiceTests.CompetitionRewardServiceTests_RemoveCompetitionReward(etalon: 1)","ServicesUnitTests.ServiceTests.CompetitionRewardServiceTests.CompetitionRewardServiceTests_RemoveCompetitionReward(Int32 etalon)",""
"passed","Fri Sep 19 17:37:27 GMT 2025","Fri Sep 19 17:37:28 GMT 2025","1554","","","","RepositoriesTests.RepositoriesTests.PlayerProfileRepositoryUnitTests","RepositoriesTests.RepositoriesTests.PlayerProfileRepositoryUnitTests.GetPlayerProfileImage_Empty","RepositoriesTests.RepositoriesTests.PlayerProfileRepositoryUnitTests.GetPlayerProfileImage_Empty",""
"passed","Fri Sep 19 17:36:44 GMT 2025","Fri Sep 19 17:36:47 GMT 2025","3258","","","","RepositoriesTests.RepositoriesTests.CompetitionLevelRepositoryTests","RepositoriesTests.RepositoriesTests.CompetitionLevelRepositoryTests.GetLevelDataTests(platform: ""Missigno"", maxVersion: 10, data: null)","RepositoriesTests.RepositoriesTests.CompetitionLevelRepositoryTests.GetLevelDataTests(String platform, Nullable<Int32> maxVersion, Byte[] data)",""
"passed","Fri Sep 19 17:37:46 GMT 2025","Fri Sep 19 17:37:47 GMT 2025","1527","","","","RepositoriesTests.RepositoriesTests.PlayerRewardRepositoryBasicTests","RepositoriesTests.RepositoriesTests.PlayerRewardRepositoryBasicTests.GetPlayerRewards_Success(dt: DataLimiter { PartitionIndex = 1, Partition = 1, HasNoLimit = False, FirstIndex = 1, LastIndex = 2 })","RepositoriesTests.RepositoriesTests.PlayerRewardRepositoryBasicTests.GetPlayerRewards_Success(DataLimiter dt)",""
"passed","Fri Sep 19 17:37:34 GMT 2025","Fri Sep 19 17:37:36 GMT 2025","1567","","","","RepositoriesTests.RepositoriesTests.PlayerRewardRepositoryBasicTests","RepositoriesTests.RepositoriesTests.PlayerRewardRepositoryBasicTests.AddReward_Success","RepositoriesTests.RepositoriesTests.PlayerRewardRepositoryBasicTests.AddReward_Success",""
"passed","Fri Sep 19 17:38:01 GMT 2025","Fri Sep 19 17:38:03 GMT 2025","1482","","","","RepositoriesTests.RepositoriesTests.CompetitionRepositoryUnitTests","RepositoriesTests.RepositoriesTests.CompetitionRepositoryUnitTests.GetAllCompetitions_Basic(dt: DataLimiter { PartitionIndex = 0, Partition = 3, HasNoLimit = False, FirstIndex = 0, LastIndex = 3 })","RepositoriesTests.RepositoriesTests.CompetitionRepositoryUnitTests.GetAllCompetitions_Basic(DataLimiter dt)",""
"passed","Fri Sep 19 17:35:08 GMT 2025","Fri Sep 19 17:35:08 GMT 2025","6","","","","ServicesUnitTests.ServiceTests.PlayerRewardServiceTests","ServicesUnitTests.ServiceTests.PlayerRewardServiceTests.PlayerRewardServiceTest_GrantRewardToPlayer_Failure","ServicesUnitTests.ServiceTests.PlayerRewardServiceTests.PlayerRewardServiceTest_GrantRewardToPlayer_Failure",""
"passed","Fri Sep 19 17:35:08 GMT 2025","Fri Sep 19 17:35:08 GMT 2025","4","","","","ServicesUnitTests.ValidatorTests.CompetitionValidatorTests","ServicesUnitTests.ValidatorTests.CompetitionValidatorTests.CheckOK(comp: Competition { Description = ""**********"", EndDate = 2025-01-01T01:10:01.0000000, Id = null, Name = ""Abob"", StartDate = 2025-01-01T01:01:01.0000000 }, expected: True)","ServicesUnitTests.ValidatorTests.CompetitionValidatorTests.CheckOK(Competition comp, Boolean expected)",""
"passed","Fri Sep 19 17:35:08 GMT 2025","Fri Sep 19 17:35:08 GMT 2025","3","","","","ServicesUnitTests.ServiceTests.PlayerParticipationServiceTests","ServicesUnitTests.ServiceTests.PlayerParticipationServiceTests.PlayerParticipationServiceTests_SubmitParticipation_CREATE","ServicesUnitTests.ServiceTests.PlayerParticipationServiceTests.PlayerParticipationServiceTests_SubmitParticipation_CREATE",""
"passed","Fri Sep 19 17:35:08 GMT 2025","Fri Sep 19 17:35:08 GMT 2025","4","","","","ServicesUnitTests.ServiceTests.CompetitionServiceTests","ServicesUnitTests.ServiceTests.CompetitionServiceTests.CompetitionServiceTest_UpdateCompetition_OK","ServicesUnitTests.ServiceTests.CompetitionServiceTests.CompetitionServiceTest_UpdateCompetition_OK",""
"passed","Fri Sep 19 17:37:43 GMT 2025","Fri Sep 19 17:37:46 GMT 2025","2596","","","","RepositoriesTests.RepositoriesTests.PlayerRewardRepositoryBasicTests","RepositoriesTests.RepositoriesTests.PlayerRewardRepositoryBasicTests.GetPlayerRewards_Success(dt: DataLimiter { PartitionIndex = 0, Partition = 1, HasNoLimit = False, FirstIndex = 0, LastIndex = 1 })","RepositoriesTests.RepositoriesTests.PlayerRewardRepositoryBasicTests.GetPlayerRewards_Success(DataLimiter dt)",""
"passed","Fri Sep 19 17:35:08 GMT 2025","Fri Sep 19 17:35:08 GMT 2025","0","","","","ServicesUnitTests.ValidatorTests.PlayerProfileValidatorTests","ServicesUnitTests.ValidatorTests.PlayerProfileValidatorTests.CheckAccountCreation(comp: AccountCreationData { Account = CompetitiveBackend.Core.Objects.Account, Password =  }, expected: False)","ServicesUnitTests.ValidatorTests.PlayerProfileValidatorTests.CheckAccountCreation(AccountCreationData comp, Boolean expected)",""
"passed","Fri Sep 19 17:37:25 GMT 2025","Fri Sep 19 17:37:27 GMT 2025","1538","","","","RepositoriesTests.RepositoriesTests.PlayerProfileRepositoryUnitTests","RepositoriesTests.RepositoriesTests.PlayerProfileRepositoryUnitTests.UpdatePlayerProfile_Failure","RepositoriesTests.RepositoriesTests.PlayerProfileRepositoryUnitTests.UpdatePlayerProfile_Failure",""
"passed","Fri Sep 19 17:37:22 GMT 2025","Fri Sep 19 17:37:24 GMT 2025","2663","","","","RepositoriesTests.RepositoriesTests.PlayerParticipationRepositoryTests","RepositoriesTests.RepositoriesTests.PlayerParticipationRepositoryTests.DeleteParticipation_Failure","RepositoriesTests.RepositoriesTests.PlayerParticipationRepositoryTests.DeleteParticipation_Failure",""
"passed","Fri Sep 19 17:35:08 GMT 2025","Fri Sep 19 17:35:08 GMT 2025","3","","","","ServicesUnitTests.ServiceTests.CompetitionServiceTests","ServicesUnitTests.ServiceTests.CompetitionServiceTests.CompetitionServiceTests_CreateCompetition_Bad2","ServicesUnitTests.ServiceTests.CompetitionServiceTests.CompetitionServiceTests_CreateCompetition_Bad2",""
"passed","Fri Sep 19 17:36:40 GMT 2025","Fri Sep 19 17:36:43 GMT 2025","3424","","","","RepositoriesTests.RepositoriesTests.CompetitionRewardRepositoryTests","RepositoriesTests.RepositoriesTests.CompetitionRewardRepositoryTests.AddCompetitionReward_DifferentRanks(cond: PlaceGrantCondition { maxPlace = 2, minPlace = 1, Type = ""place"" }, idx: 3)","RepositoriesTests.RepositoriesTests.CompetitionRewardRepositoryTests.AddCompetitionReward_DifferentRanks(GrantCondition cond, Int32 idx)",""
"passed","Fri Sep 19 17:35:08 GMT 2025","Fri Sep 19 17:35:08 GMT 2025","0","","","","ServicesUnitTests.ValidatorTests.PlayerProfileValidatorTests","ServicesUnitTests.ValidatorTests.PlayerProfileValidatorTests.CheckAccountCreation(comp: AccountCreationData { Account = CompetitiveBackend.Core.Objects.Account, Password = 12345678 }, expected: False)","ServicesUnitTests.ValidatorTests.PlayerProfileValidatorTests.CheckAccountCreation(AccountCreationData comp, Boolean expected)",""
"passed","Fri Sep 19 17:36:53 GMT 2025","Fri Sep 19 17:36:56 GMT 2025","2991","","","","RepositoriesTests.RepositoriesTests.CompetitionLevelRepositoryTests","RepositoriesTests.RepositoriesTests.CompetitionLevelRepositoryTests.UpdateCompetitionLevelData(idx: 3)","RepositoriesTests.RepositoriesTests.CompetitionLevelRepositoryTests.UpdateCompetitionLevelData(Int32 idx)",""
"passed","Fri Sep 19 17:37:48 GMT 2025","Fri Sep 19 17:37:50 GMT 2025","1490","","","","RepositoriesTests.RepositoriesTests.CompetitionRepositoryUnitTests","RepositoriesTests.RepositoriesTests.CompetitionRepositoryUnitTests.GetAllCompetitions_Empty(dt: DataLimiter { PartitionIndex = 1, Partition = 1, HasNoLimit = False, FirstIndex = 1, LastIndex = 2 })","RepositoriesTests.RepositoriesTests.CompetitionRepositoryUnitTests.GetAllCompetitions_Empty(DataLimiter dt)",""
"passed","Fri Sep 19 17:35:08 GMT 2025","Fri Sep 19 17:35:08 GMT 2025","8","","","","ServicesUnitTests.ServiceTests.RewardDescriptionServiceTests","ServicesUnitTests.ServiceTests.RewardDescriptionServiceTests.RewardDescriptionServiceTests_UpdateRewardDescription_Ok2","ServicesUnitTests.ServiceTests.RewardDescriptionServiceTests.RewardDescriptionServiceTests_UpdateRewardDescription_Ok2",""
"passed","Fri Sep 19 17:37:02 GMT 2025","Fri Sep 19 17:37:05 GMT 2025","2837","","","","RepositoriesTests.RepositoriesTests.CompetitionLevelRepositoryTests","RepositoriesTests.RepositoriesTests.CompetitionLevelRepositoryTests.UpdateCompetitionLevelInfo(idx: 3)","RepositoriesTests.RepositoriesTests.CompetitionLevelRepositoryTests.UpdateCompetitionLevelInfo(Int32 idx)",""
"passed","Fri Sep 19 17:35:08 GMT 2025","Fri Sep 19 17:35:08 GMT 2025","1","","","","ServicesUnitTests.ValidatorTests.PasswordConstraintTests","ServicesUnitTests.ValidatorTests.PasswordConstraintTests.LettersPasswordTest(password: """", isValid: False)","ServicesUnitTests.ValidatorTests.PasswordConstraintTests.LettersPasswordTest(String password, Boolean isValid)",""
"passed","Fri Sep 19 17:37:36 GMT 2025","Fri Sep 19 17:37:38 GMT 2025","1573","","","","RepositoriesTests.RepositoriesTests.CompetitionLevelRepositoryTests","RepositoriesTests.RepositoriesTests.CompetitionLevelRepositoryTests.GetSpecificLevelDataInfo_Failure","RepositoriesTests.RepositoriesTests.CompetitionLevelRepositoryTests.GetSpecificLevelDataInfo_Failure",""
"passed","Fri Sep 19 17:37:49 GMT 2025","Fri Sep 19 17:37:51 GMT 2025","1570","","","","RepositoriesTests.RepositoriesTests.PlayerRewardRepositoryBasicTests","RepositoriesTests.RepositoriesTests.PlayerRewardRepositoryBasicTests.GetPlayerRewards_Success(dt: DataLimiter { PartitionIndex = 0, Partition = 0, HasNoLimit = True, FirstIndex = 0, LastIndex = 0 })","RepositoriesTests.RepositoriesTests.PlayerRewardRepositoryBasicTests.GetPlayerRewards_Success(DataLimiter dt)",""
"passed","Fri Sep 19 17:35:08 GMT 2025","Fri Sep 19 17:35:08 GMT 2025","4","","","","ServicesUnitTests.ServiceTests.PlayerRewardServiceTests","ServicesUnitTests.ServiceTests.PlayerRewardServiceTests.PlayerRewardServiceTest_DeleteReward","ServicesUnitTests.ServiceTests.PlayerRewardServiceTests.PlayerRewardServiceTest_DeleteReward",""
"passed","Fri Sep 19 17:35:08 GMT 2025","Fri Sep 19 17:35:08 GMT 2025","0","","","","ServicesUnitTests.ValidatorTests.PlayerProfileValidatorTests","ServicesUnitTests.ValidatorTests.PlayerProfileValidatorTests.CheckAccountCreation(comp: AccountCreationData { Account = CompetitiveBackend.Core.Objects.Account, Password =  }, expected: False)","ServicesUnitTests.ValidatorTests.PlayerProfileValidatorTests.CheckAccountCreation(AccountCreationData comp, Boolean expected)",""
"passed","Fri Sep 19 17:37:15 GMT 2025","Fri Sep 19 17:37:17 GMT 2025","2688","","","","RepositoriesTests.RepositoriesTests.PlayerParticipationRepositoryTests","RepositoriesTests.RepositoriesTests.PlayerParticipationRepositoryTests.GetPlayerParticipations(dt: DataLimiter { PartitionIndex = 1, Partition = 2, HasNoLimit = False, FirstIndex = 2, LastIndex = 4 }, bindPlayer: False, bindCompetition: True)","RepositoriesTests.RepositoriesTests.PlayerParticipationRepositoryTests.GetPlayerParticipations(DataLimiter dt, Boolean bindPlayer, Boolean bindCompetition)",""
"passed","Fri Sep 19 17:37:32 GMT 2025","Fri Sep 19 17:37:34 GMT 2025","1563","","","","RepositoriesTests.RepositoriesTests.CompetitionLevelRepositoryTests","RepositoriesTests.RepositoriesTests.CompetitionLevelRepositoryTests.DeleteCompetitionLevelData_Failure","RepositoriesTests.RepositoriesTests.CompetitionLevelRepositoryTests.DeleteCompetitionLevelData_Failure",""
"passed","Fri Sep 19 17:37:20 GMT 2025","Fri Sep 19 17:37:22 GMT 2025","1577","","","","RepositoriesTests.RepositoriesTests.PlayerParticipationRepositoryTests","RepositoriesTests.RepositoriesTests.PlayerParticipationRepositoryTests.DeleteParticipation","RepositoriesTests.RepositoriesTests.PlayerParticipationRepositoryTests.DeleteParticipation",""
"passed","Fri Sep 19 17:35:08 GMT 2025","Fri Sep 19 17:35:08 GMT 2025","0","","","","ServicesUnitTests.ValidatorTests.PlayerProfileValidatorTests","ServicesUnitTests.ValidatorTests.PlayerProfileValidatorTests.CheckAccountCreation(comp: AccountCreationData { Account = CompetitiveBackend.Core.Objects.Account, Password = 123456a }, expected: False)","ServicesUnitTests.ValidatorTests.PlayerProfileValidatorTests.CheckAccountCreation(AccountCreationData comp, Boolean expected)",""
"passed","Fri Sep 19 17:35:08 GMT 2025","Fri Sep 19 17:35:08 GMT 2025","0","","","","ServicesUnitTests.ValidatorTests.PlayerProfileValidatorTests","ServicesUnitTests.ValidatorTests.PlayerProfileValidatorTests.CheckAccountCreation(comp: AccountCreationData { Account = CompetitiveBackend.Core.Objects.Account, Password = 12345678a }, expected: True)","ServicesUnitTests.ValidatorTests.PlayerProfileValidatorTests.CheckAccountCreation(AccountCreationData comp, Boolean expected)",""
"passed","Fri Sep 19 17:37:36 GMT 2025","Fri Sep 19 17:37:38 GMT 2025","1544","","","","RepositoriesTests.RepositoriesTests.PlayerRewardRepositoryBasicTests","RepositoriesTests.RepositoriesTests.PlayerRewardRepositoryBasicTests.DeleteReward_Failure","RepositoriesTests.RepositoriesTests.PlayerRewardRepositoryBasicTests.DeleteReward_Failure",""
"passed","Fri Sep 19 17:37:29 GMT 2025","Fri Sep 19 17:37:31 GMT 2025","1536","","","","RepositoriesTests.RepositoriesTests.CompetitionLevelRepositoryTests","RepositoriesTests.RepositoriesTests.CompetitionLevelRepositoryTests.AddCompetitionLevel_Failure","RepositoriesTests.RepositoriesTests.CompetitionLevelRepositoryTests.AddCompetitionLevel_Failure",""
"passed","Fri Sep 19 17:38:06 GMT 2025","Fri Sep 19 17:38:07 GMT 2025","1471","","","","RepositoriesTests.RepositoriesTests.CompetitionRepositoryUnitTests","RepositoriesTests.RepositoriesTests.CompetitionRepositoryUnitTests.GetAllCompetitions_Basic(dt: DataLimiter { PartitionIndex = 1, Partition = 1, HasNoLimit = False, FirstIndex = 1, LastIndex = 2 })","RepositoriesTests.RepositoriesTests.CompetitionRepositoryUnitTests.GetAllCompetitions_Basic(DataLimiter dt)",""
"passed","Fri Sep 19 17:35:08 GMT 2025","Fri Sep 19 17:35:08 GMT 2025","0","","","","ServicesUnitTests.ValidatorTests.PlayerProfileValidatorTests","ServicesUnitTests.ValidatorTests.PlayerProfileValidatorTests.CheckAccount(comp: Account { Email = ""modus ponens"", Id = null, Login = ""amo"" }, expected: False)","ServicesUnitTests.ValidatorTests.PlayerProfileValidatorTests.CheckAccount(Account comp, Boolean expected)",""
"passed","Fri Sep 19 17:35:08 GMT 2025","Fri Sep 19 17:35:08 GMT 2025","4","","","","ServicesUnitTests.ServiceTests.CompetitionLevelServiceTests","ServicesUnitTests.ServiceTests.CompetitionLevelServiceTests.GetCompetitionLevel_CallsRepositoryWithParameters","ServicesUnitTests.ServiceTests.CompetitionLevelServiceTests.GetCompetitionLevel_CallsRepositoryWithParameters",""
"passed","Fri Sep 19 17:36:54 GMT 2025","Fri Sep 19 17:36:57 GMT 2025","2998","","","","RepositoriesTests.RepositoriesTests.PlayerParticipationRepositoryTests","RepositoriesTests.RepositoriesTests.PlayerParticipationRepositoryTests.GetLeaderboard(dt: DataLimiter { PartitionIndex = 1, Partition = 2, HasNoLimit = False, FirstIndex = 2, LastIndex = 4 }, bindPlayer: False, bindCompetition: True)","RepositoriesTests.RepositoriesTests.PlayerParticipationRepositoryTests.GetLeaderboard(DataLimiter dt, Boolean bindPlayer, Boolean bindCompetition)",""
"passed","Fri Sep 19 17:35:08 GMT 2025","Fri Sep 19 17:35:08 GMT 2025","6","","","","ServicesUnitTests.ServiceTests.PlayerParticipationServiceTests","ServicesUnitTests.ServiceTests.PlayerParticipationServiceTests.PlayerParticipationServiceTests_SubmitParticipation_TOO_EARLY","ServicesUnitTests.ServiceTests.PlayerParticipationServiceTests.PlayerParticipationServiceTests_SubmitParticipation_TOO_EARLY",""
"passed","Fri Sep 19 17:37:15 GMT 2025","Fri Sep 19 17:37:18 GMT 2025","2800","","","","RepositoriesTests.RepositoriesTests.CompetitionLevelRepositoryTests","RepositoriesTests.RepositoriesTests.CompetitionLevelRepositoryTests.DeleteCompetitionLevelData(idx: 1)","RepositoriesTests.RepositoriesTests.CompetitionLevelRepositoryTests.DeleteCompetitionLevelData(Int32 idx)",""
"passed","Fri Sep 19 17:35:08 GMT 2025","Fri Sep 19 17:35:08 GMT 2025","2","","","","ServicesUnitTests.ServiceTests.RewardDescriptionServiceTests","ServicesUnitTests.ServiceTests.RewardDescriptionServiceTests.RewardDescriptionServiceTests_UpdateRewardDescription_Ok","ServicesUnitTests.ServiceTests.RewardDescriptionServiceTests.RewardDescriptionServiceTests_UpdateRewardDescription_Ok",""
"passed","Fri Sep 19 17:36:12 GMT 2025","Fri Sep 19 17:36:16 GMT 2025","4311","","","","RepositoriesTests.RepositoriesTests.RewardDescriptionRepositoryTests","RepositoriesTests.RepositoriesTests.RewardDescriptionRepositoryTests.GetRewardIcon_Success","RepositoriesTests.RepositoriesTests.RewardDescriptionRepositoryTests.GetRewardIcon_Success",""
"passed","Fri Sep 19 17:37:12 GMT 2025","Fri Sep 19 17:37:15 GMT 2025","2808","","","","RepositoriesTests.RepositoriesTests.CompetitionRewardRepositoryTests","RepositoriesTests.RepositoriesTests.CompetitionRewardRepositoryTests.GetCompetitionReward_Success(idx: 1)","RepositoriesTests.RepositoriesTests.CompetitionRewardRepositoryTests.GetCompetitionReward_Success(Int32 idx)",""
"passed","Fri Sep 19 17:36:50 GMT 2025","Fri Sep 19 17:36:53 GMT 2025","2919","","","","RepositoriesTests.RepositoriesTests.CompetitionLevelRepositoryTests","RepositoriesTests.RepositoriesTests.CompetitionLevelRepositoryTests.GetLevelDataTests(platform: ""Android"", maxVersion: null, data: [4, 5, 6])","RepositoriesTests.RepositoriesTests.CompetitionLevelRepositoryTests.GetLevelDataTests(String platform, Nullable<Int32> maxVersion, Byte[] data)",""
"passed","Fri Sep 19 17:36:18 GMT 2025","Fri Sep 19 17:36:22 GMT 2025","3986","","","","RepositoriesTests.RepositoriesTests.PlayerParticipationRepositoryTests","RepositoriesTests.RepositoriesTests.PlayerParticipationRepositoryTests.GetParticipation(bindPlayer: False, bindCompetition: False)","RepositoriesTests.RepositoriesTests.PlayerParticipationRepositoryTests.GetParticipation(Boolean bindPlayer, Boolean bindCompetition)",""
"passed","Fri Sep 19 17:35:08 GMT 2025","Fri Sep 19 17:35:08 GMT 2025","74","","","","ServicesUnitTests.ServiceTests.AuthServiceTests","ServicesUnitTests.ServiceTests.AuthServiceTests.AuthService_CreateAccount_Failure","ServicesUnitTests.ServiceTests.AuthServiceTests.AuthService_CreateAccount_Failure",""
"passed","Fri Sep 19 17:36:43 GMT 2025","Fri Sep 19 17:36:46 GMT 2025","3165","","","","RepositoriesTests.RepositoriesTests.GranterTests.BasicRewardGranterTests","RepositoriesTests.RepositoriesTests.GranterTests.BasicRewardGranterTests.CannotGrantTwice","RepositoriesTests.RepositoriesTests.GranterTests.BasicRewardGranterTests.CannotGrantTwice",""
"passed","Fri Sep 19 17:35:08 GMT 2025","Fri Sep 19 17:35:08 GMT 2025","0","","","","ServicesUnitTests.ValidatorTests.PlayerProfileValidatorTests","ServicesUnitTests.ValidatorTests.PlayerProfileValidatorTests.CheckAccountCreation(comp: AccountCreationData { Account = CompetitiveBackend.Core.Objects.Account, Password = 12345678a }, expected: False)","ServicesUnitTests.ValidatorTests.PlayerProfileValidatorTests.CheckAccountCreation(AccountCreationData comp, Boolean expected)",""
"passed","Fri Sep 19 17:37:02 GMT 2025","Fri Sep 19 17:37:04 GMT 2025","2864","","","","RepositoriesTests.RepositoriesTests.CompetitionRewardRepositoryTests","RepositoriesTests.RepositoriesTests.CompetitionRewardRepositoryTests.DeleteCompetitionReward_Success(idx: 1)","RepositoriesTests.RepositoriesTests.CompetitionRewardRepositoryTests.DeleteCompetitionReward_Success(Int32 idx)",""
"passed","Fri Sep 19 17:36:06 GMT 2025","Fri Sep 19 17:36:11 GMT 2025","5393","","","","RepositoriesTests.RepositoriesTests.RewardDescriptionRepositoryTests","RepositoriesTests.RepositoriesTests.RewardDescriptionRepositoryTests.GetRewardIcon_Failure","RepositoriesTests.RepositoriesTests.RewardDescriptionRepositoryTests.GetRewardIcon_Failure",""
"passed","Fri Sep 19 17:36:25 GMT 2025","Fri Sep 19 17:36:29 GMT 2025","3909","","","","RepositoriesTests.RepositoriesTests.CompetitionRewardRepositoryTests","RepositoriesTests.RepositoriesTests.CompetitionRewardRepositoryTests.UpdateCompetitionReward(cond: PlaceGrantCondition { maxPlace = 50, minPlace = 4, Type = ""place"" }, idx: 5)","RepositoriesTests.RepositoriesTests.CompetitionRewardRepositoryTests.UpdateCompetitionReward(GrantCondition cond, Int32 idx)",""
"passed","Fri Sep 19 17:35:08 GMT 2025","Fri Sep 19 17:35:08 GMT 2025","2","","","","ServicesUnitTests.ValidatorTests.PlayerProfileValidatorTests","ServicesUnitTests.ValidatorTests.PlayerProfileValidatorTests.CheckPlayerProfile(comp: PlayerProfile { Description = ""*"", Id = 0, Name = ""*****************"" }, expected: False)","ServicesUnitTests.ValidatorTests.PlayerProfileValidatorTests.CheckPlayerProfile(PlayerProfile comp, Boolean expected)",""
"passed","Fri Sep 19 17:35:08 GMT 2025","Fri Sep 19 17:35:08 GMT 2025","1","","","","ServicesUnitTests.ValidatorTests.PlayerProfileValidatorTests","ServicesUnitTests.ValidatorTests.PlayerProfileValidatorTests.CheckPlayerProfile(comp: PlayerProfile { Description = ""****************"", Id = 0, Name = ""***"" }, expected: False)","ServicesUnitTests.ValidatorTests.PlayerProfileValidatorTests.CheckPlayerProfile(PlayerProfile comp, Boolean expected)",""
"passed","Fri Sep 19 17:37:28 GMT 2025","Fri Sep 19 17:37:29 GMT 2025","1506","","","","RepositoriesTests.RepositoriesTests.CompetitionLevelRepositoryTests","RepositoriesTests.RepositoriesTests.CompetitionLevelRepositoryTests.GetAllLevelData_Empty","RepositoriesTests.RepositoriesTests.CompetitionLevelRepositoryTests.GetAllLevelData_Empty",""
"passed","Fri Sep 19 17:35:08 GMT 2025","Fri Sep 19 17:35:08 GMT 2025","2","","","","ServicesUnitTests.ServiceTests.CompetitionRewardSchedulerTests","ServicesUnitTests.ServiceTests.CompetitionRewardSchedulerTests.CompetitionRewardSchedulerTests_OnRecievedMessage_Skip","ServicesUnitTests.ServiceTests.CompetitionRewardSchedulerTests.CompetitionRewardSchedulerTests_OnRecievedMessage_Skip",""
"passed","Fri Sep 19 17:35:08 GMT 2025","Fri Sep 19 17:35:08 GMT 2025","0","","","","ServicesUnitTests.ValidatorTests.PasswordConstraintTests","ServicesUnitTests.ValidatorTests.PasswordConstraintTests.LengthPasswordTest(password: """", isValid: False)","ServicesUnitTests.ValidatorTests.PasswordConstraintTests.LengthPasswordTest(String password, Boolean isValid)",""
"passed","Fri Sep 19 17:36:31 GMT 2025","Fri Sep 19 17:36:34 GMT 2025","3748","","","","RepositoriesTests.RepositoriesTests.CompetitionLevelRepositoryTests","RepositoriesTests.RepositoriesTests.CompetitionLevelRepositoryTests.GetSpecificLevelDataInfo(idx: 3)","RepositoriesTests.RepositoriesTests.CompetitionLevelRepositoryTests.GetSpecificLevelDataInfo(Int32 idx)",""
"passed","Fri Sep 19 17:35:08 GMT 2025","Fri Sep 19 17:35:08 GMT 2025","3","","","","ServicesUnitTests.ServiceTests.RewardDescriptionServiceTests","ServicesUnitTests.ServiceTests.RewardDescriptionServiceTests.RewardDescriptionServiceTests_SetRewardIcon","ServicesUnitTests.ServiceTests.RewardDescriptionServiceTests.RewardDescriptionServiceTests_SetRewardIcon",""
"passed","Fri Sep 19 17:36:10 GMT 2025","Fri Sep 19 17:36:16 GMT 2025","5647","","","","RepositoriesTests.RepositoriesTests.CompetitionRewardRepositoryTests","RepositoriesTests.RepositoriesTests.CompetitionRewardRepositoryTests.UpdateCompetitionReward(cond: RankGrantCondition { maxRank = 0.5, minRank = 0, Type = ""rank"" }, idx: 2)","RepositoriesTests.RepositoriesTests.CompetitionRewardRepositoryTests.UpdateCompetitionReward(GrantCondition cond, Int32 idx)",""
"passed","Fri Sep 19 17:35:08 GMT 2025","Fri Sep 19 17:35:08 GMT 2025","0","","","","ServicesUnitTests.ValidatorTests.PlayerProfileValidatorTests","ServicesUnitTests.ValidatorTests.PlayerProfileValidatorTests.CheckAccountCreation(comp: AccountCreationData { Account = CompetitiveBackend.Core.Objects.Account, Password = 123456a }, expected: False)","ServicesUnitTests.ValidatorTests.PlayerProfileValidatorTests.CheckAccountCreation(AccountCreationData comp, Boolean expected)",""
"passed","Fri Sep 19 17:36:46 GMT 2025","Fri Sep 19 17:36:49 GMT 2025","3194","","","","RepositoriesTests.RepositoriesTests.CompetitionRewardRepositoryTests","RepositoriesTests.RepositoriesTests.CompetitionRewardRepositoryTests.AddCompetitionReward_DifferentRanks(cond: PlaceGrantCondition { maxPlace = 50, minPlace = 4, Type = ""place"" }, idx: 5)","RepositoriesTests.RepositoriesTests.CompetitionRewardRepositoryTests.AddCompetitionReward_DifferentRanks(GrantCondition cond, Int32 idx)",""
"passed","Fri Sep 19 17:35:08 GMT 2025","Fri Sep 19 17:35:08 GMT 2025","2","","","","ServicesUnitTests.ValidatorTests.PasswordConstraintTests","ServicesUnitTests.ValidatorTests.PasswordConstraintTests.LettersPasswordTest(password: ""123"", isValid: False)","ServicesUnitTests.ValidatorTests.PasswordConstraintTests.LettersPasswordTest(String password, Boolean isValid)",""
"passed","Fri Sep 19 17:36:31 GMT 2025","Fri Sep 19 17:36:34 GMT 2025","3767","","","","RepositoriesTests.RepositoriesTests.GranterTests.StoredProcedureGranterTests","RepositoriesTests.RepositoriesTests.GranterTests.StoredProcedureGranterTests.GrantRewardsByPlace(minPlace: 5, maxPlace: 6)","RepositoriesTests.RepositoriesTests.GranterTests.StoredProcedureGranterTests.GrantRewardsByPlace(Int32 minPlace, Int32 maxPlace)",""
"passed","Fri Sep 19 17:35:08 GMT 2025","Fri Sep 19 17:35:08 GMT 2025","0","","","","ServicesUnitTests.ValidatorTests.PlayerProfileValidatorTests","ServicesUnitTests.ValidatorTests.PlayerProfileValidatorTests.CheckAccountCreation(comp: AccountCreationData { Account = CompetitiveBackend.Core.Objects.Account, Password = 1234 }, expected: False)","ServicesUnitTests.ValidatorTests.PlayerProfileValidatorTests.CheckAccountCreation(AccountCreationData comp, Boolean expected)",""
"passed","Fri Sep 19 17:37:12 GMT 2025","Fri Sep 19 17:37:15 GMT 2025","2734","","","","RepositoriesTests.RepositoriesTests.CompetitionLevelRepositoryTests","RepositoriesTests.RepositoriesTests.CompetitionLevelRepositoryTests.DeleteCompetitionLevelData(idx: 2)","RepositoriesTests.RepositoriesTests.CompetitionLevelRepositoryTests.DeleteCompetitionLevelData(Int32 idx)",""
"passed","Fri Sep 19 17:35:08 GMT 2025","Fri Sep 19 17:35:08 GMT 2025","3","","","","ServicesUnitTests.ServiceTests.AuthServiceTests","ServicesUnitTests.ServiceTests.AuthServiceTests.AuthService_GetSessionToken","ServicesUnitTests.ServiceTests.AuthServiceTests.AuthService_GetSessionToken",""
"passed","Fri Sep 19 17:35:08 GMT 2025","Fri Sep 19 17:35:08 GMT 2025","0","","","","ServicesUnitTests.ValidatorTests.PlayerProfileValidatorTests","ServicesUnitTests.ValidatorTests.PlayerProfileValidatorTests.CheckAccountCreation(comp: AccountCreationData { Account = CompetitiveBackend.Core.Objects.Account, Password = 123a5678 }, expected: False)","ServicesUnitTests.ValidatorTests.PlayerProfileValidatorTests.CheckAccountCreation(AccountCreationData comp, Boolean expected)",""
"passed","Fri Sep 19 17:36:59 GMT 2025","Fri Sep 19 17:37:02 GMT 2025","3013","","","","RepositoriesTests.RepositoriesTests.CompetitionRewardRepositoryTests","RepositoriesTests.RepositoriesTests.CompetitionRewardRepositoryTests.DeleteCompetitionReward_Success(idx: 2)","RepositoriesTests.RepositoriesTests.CompetitionRewardRepositoryTests.DeleteCompetitionReward_Success(Int32 idx)",""
"passed","Fri Sep 19 17:35:47 GMT 2025","Fri Sep 19 17:36:06 GMT 2025","18983","","","","RepositoriesTests.RepositoriesTests.PlayerParticipationRepositoryTests","RepositoriesTests.RepositoriesTests.PlayerParticipationRepositoryTests.UpdateParticipationTest","RepositoriesTests.RepositoriesTests.PlayerParticipationRepositoryTests.UpdateParticipationTest",""
"passed","Fri Sep 19 17:35:08 GMT 2025","Fri Sep 19 17:35:08 GMT 2025","3","","","","ServicesUnitTests.ServiceTests.CompetitionServiceTests","ServicesUnitTests.ServiceTests.CompetitionServiceTests.CompetitionServiceTest_GetActiveCompetitions","ServicesUnitTests.ServiceTests.CompetitionServiceTests.CompetitionServiceTest_GetActiveCompetitions",""
"passed","Fri Sep 19 17:35:08 GMT 2025","Fri Sep 19 17:35:08 GMT 2025","0","","","","ServicesUnitTests.ValidatorTests.PlayerProfileValidatorTests","ServicesUnitTests.ValidatorTests.PlayerProfileValidatorTests.CheckAccountCreation(comp: AccountCreationData { Account = CompetitiveBackend.Core.Objects.Account, Password = 1234 }, expected: False)","ServicesUnitTests.ValidatorTests.PlayerProfileValidatorTests.CheckAccountCreation(AccountCreationData comp, Boolean expected)",""
"passed","Fri Sep 19 17:36:06 GMT 2025","Fri Sep 19 17:36:11 GMT 2025","5122","","","","RepositoriesTests.RepositoriesTests.AccountRepositoryUnitTests","RepositoriesTests.RepositoriesTests.AccountRepositoryUnitTests.GetAccount_Success_ID","RepositoriesTests.RepositoriesTests.AccountRepositoryUnitTests.GetAccount_Success_ID",""
"passed","Fri Sep 19 17:37:10 GMT 2025","Fri Sep 19 17:37:12 GMT 2025","1571","","","","RepositoriesTests.RepositoriesTests.PlayerParticipationRepositoryTests","RepositoriesTests.RepositoriesTests.PlayerParticipationRepositoryTests.GetPlayerParticipations(dt: DataLimiter { PartitionIndex = 1, Partition = 2, HasNoLimit = False, FirstIndex = 2, LastIndex = 4 }, bindPlayer: False, bindCompetition: False)","RepositoriesTests.RepositoriesTests.PlayerParticipationRepositoryTests.GetPlayerParticipations(DataLimiter dt, Boolean bindPlayer, Boolean bindCompetition)",""
"passed","Fri Sep 19 17:37:17 GMT 2025","Fri Sep 19 17:37:20 GMT 2025","2807","","","","RepositoriesTests.RepositoriesTests.PlayerParticipationRepositoryTests","RepositoriesTests.RepositoriesTests.PlayerParticipationRepositoryTests.GetPlayerParticipations(dt: DataLimiter { PartitionIndex = 1, Partition = 2, HasNoLimit = False, FirstIndex = 2, LastIndex = 4 }, bindPlayer: True, bindCompetition: True)","RepositoriesTests.RepositoriesTests.PlayerParticipationRepositoryTests.GetPlayerParticipations(DataLimiter dt, Boolean bindPlayer, Boolean bindCompetition)",""
"passed","Fri Sep 19 17:35:08 GMT 2025","Fri Sep 19 17:35:08 GMT 2025","0","","","","ServicesUnitTests.ValidatorTests.PlayerProfileValidatorTests","ServicesUnitTests.ValidatorTests.PlayerProfileValidatorTests.CheckAccountCreation(comp: AccountCreationData { Account = CompetitiveBackend.Core.Objects.Account, Password = 123456a }, expected: False)","ServicesUnitTests.ValidatorTests.PlayerProfileValidatorTests.CheckAccountCreation(AccountCreationData comp, Boolean expected)",""
"passed","Fri Sep 19 17:35:08 GMT 2025","Fri Sep 19 17:35:08 GMT 2025","5","","","","ServicesUnitTests.ServiceTests.CompetitionRewardServiceTests","ServicesUnitTests.ServiceTests.CompetitionRewardServiceTests.CompetitionRewardServiceTests_UpdateCompetitionReward","ServicesUnitTests.ServiceTests.CompetitionRewardServiceTests.CompetitionRewardServiceTests_UpdateCompetitionReward",""
"passed","Fri Sep 19 17:37:53 GMT 2025","Fri Sep 19 17:37:54 GMT 2025","1398","","","","RepositoriesTests.RepositoriesTests.CompetitionRepositoryUnitTests","RepositoriesTests.RepositoriesTests.CompetitionRepositoryUnitTests.UpdateCompetition_Failure2","RepositoriesTests.RepositoriesTests.CompetitionRepositoryUnitTests.UpdateCompetition_Failure2",""
"passed","Fri Sep 19 17:36:48 GMT 2025","Fri Sep 19 17:36:51 GMT 2025","2961","","","","RepositoriesTests.RepositoriesTests.PlayerParticipationRepositoryTests","RepositoriesTests.RepositoriesTests.PlayerParticipationRepositoryTests.GetLeaderboard(dt: DataLimiter { PartitionIndex = 1, Partition = 2, HasNoLimit = False, FirstIndex = 2, LastIndex = 4 }, bindPlayer: False, bindCompetition: False)","RepositoriesTests.RepositoriesTests.PlayerParticipationRepositoryTests.GetLeaderboard(DataLimiter dt, Boolean bindPlayer, Boolean bindCompetition)",""
"passed","Fri Sep 19 17:35:08 GMT 2025","Fri Sep 19 17:35:08 GMT 2025","2","","","","ServicesUnitTests.ValidatorTests.PasswordConstraintTests","ServicesUnitTests.ValidatorTests.PasswordConstraintTests.LengthPasswordTest(password: ""1234"", isValid: True)","ServicesUnitTests.ValidatorTests.PasswordConstraintTests.LengthPasswordTest(String password, Boolean isValid)",""
"passed","Fri Sep 19 17:38:00 GMT 2025","Fri Sep 19 17:38:01 GMT 2025","1460","","","","RepositoriesTests.RepositoriesTests.CompetitionRepositoryUnitTests","RepositoriesTests.RepositoriesTests.CompetitionRepositoryUnitTests.GetCompetition_Failure","RepositoriesTests.RepositoriesTests.CompetitionRepositoryUnitTests.GetCompetition_Failure",""
"passed","Fri Sep 19 17:37:03 GMT 2025","Fri Sep 19 17:37:05 GMT 2025","1579","","","","RepositoriesTests.RepositoriesTests.PlayerParticipationRepositoryTests","RepositoriesTests.RepositoriesTests.PlayerParticipationRepositoryTests.GetPlayerParticipations(dt: DataLimiter { PartitionIndex = 0, Partition = 0, HasNoLimit = True, FirstIndex = 0, LastIndex = 0 }, bindPlayer: True, bindCompetition: False)","RepositoriesTests.RepositoriesTests.PlayerParticipationRepositoryTests.GetPlayerParticipations(DataLimiter dt, Boolean bindPlayer, Boolean bindCompetition)",""
"passed","Fri Sep 19 17:37:05 GMT 2025","Fri Sep 19 17:37:08 GMT 2025","2700","","","","RepositoriesTests.RepositoriesTests.PlayerParticipationRepositoryTests","RepositoriesTests.RepositoriesTests.PlayerParticipationRepositoryTests.GetPlayerParticipations(dt: DataLimiter { PartitionIndex = 0, Partition = 0, HasNoLimit = True, FirstIndex = 0, LastIndex = 0 }, bindPlayer: False, bindCompetition: True)","RepositoriesTests.RepositoriesTests.PlayerParticipationRepositoryTests.GetPlayerParticipations(DataLimiter dt, Boolean bindPlayer, Boolean bindCompetition)",""
"passed","Fri Sep 19 17:37:01 GMT 2025","Fri Sep 19 17:37:04 GMT 2025","2863","","","","RepositoriesTests.RepositoriesTests.GranterTests.BasicRewardGranterTests","RepositoriesTests.RepositoriesTests.GranterTests.BasicRewardGranterTests.GrantRewardsTwoParticipantsWithSameScore","RepositoriesTests.RepositoriesTests.GranterTests.BasicRewardGranterTests.GrantRewardsTwoParticipantsWithSameScore",""
"passed","Fri Sep 19 17:37:24 GMT 2025","Fri Sep 19 17:37:26 GMT 2025","1501","","","","RepositoriesTests.RepositoriesTests.CompetitionLevelRepositoryTests","RepositoriesTests.RepositoriesTests.CompetitionLevelRepositoryTests.GetSpecificLevelData(idx: 3)","RepositoriesTests.RepositoriesTests.CompetitionLevelRepositoryTests.GetSpecificLevelData(Int32 idx)",""
"passed","Fri Sep 19 17:37:57 GMT 2025","Fri Sep 19 17:37:58 GMT 2025","1397","","","","RepositoriesTests.RepositoriesTests.CompetitionRepositoryUnitTests","RepositoriesTests.RepositoriesTests.CompetitionRepositoryUnitTests.UpdateCompetition_Failure","RepositoriesTests.RepositoriesTests.CompetitionRepositoryUnitTests.UpdateCompetition_Failure",""
"passed","Fri Sep 19 17:36:25 GMT 2025","Fri Sep 19 17:36:29 GMT 2025","3585","","","","RepositoriesTests.RepositoriesTests.PlayerParticipationRepositoryTests","RepositoriesTests.RepositoriesTests.PlayerParticipationRepositoryTests.CreateParticipationTest_AlreadyExist","RepositoriesTests.RepositoriesTests.PlayerParticipationRepositoryTests.CreateParticipationTest_AlreadyExist",""
"passed","Fri Sep 19 17:36:20 GMT 2025","Fri Sep 19 17:36:24 GMT 2025","3671","","","","RepositoriesTests.RepositoriesTests.RewardDescriptionRepositoryTests","RepositoriesTests.RepositoriesTests.RewardDescriptionRepositoryTests.UpdateRewardDescription_Failure","RepositoriesTests.RepositoriesTests.RewardDescriptionRepositoryTests.UpdateRewardDescription_Failure",""
"passed","Fri Sep 19 17:35:08 GMT 2025","Fri Sep 19 17:35:08 GMT 2025","0","","","","ServicesUnitTests.ValidatorTests.PasswordConstraintTests","ServicesUnitTests.ValidatorTests.PasswordConstraintTests.LettersPasswordTest(password: ""1234__"", isValid: False)","ServicesUnitTests.ValidatorTests.PasswordConstraintTests.LettersPasswordTest(String password, Boolean isValid)",""
"passed","Fri Sep 19 17:35:08 GMT 2025","Fri Sep 19 17:35:08 GMT 2025","0","","","","ServicesUnitTests.ValidatorTests.PasswordConstraintTests","ServicesUnitTests.ValidatorTests.PasswordConstraintTests.LettersPasswordTest(password: ""12344919293921391293"", isValid: False)","ServicesUnitTests.ValidatorTests.PasswordConstraintTests.LettersPasswordTest(String password, Boolean isValid)",""
"passed","Fri Sep 19 17:36:06 GMT 2025","Fri Sep 19 17:36:10 GMT 2025","3948","","","","RepositoriesTests.RepositoriesTests.PlayerParticipationRepositoryTests","RepositoriesTests.RepositoriesTests.PlayerParticipationRepositoryTests.GetParticipation_Missing","RepositoriesTests.RepositoriesTests.PlayerParticipationRepositoryTests.GetParticipation_Missing",""
"passed","Fri Sep 19 17:38:59 GMT 2025","Fri Sep 19 17:39:12 GMT 2025","12797","","","","RepositoriesTests.RepositoriesTests.CompetitionE2ETests","RepositoriesTests.RepositoriesTests.CompetitionE2ETests.CompetitionFetchPage","RepositoriesTests.RepositoriesTests.CompetitionE2ETests.CompetitionFetchPage",""
"passed","Fri Sep 19 17:36:24 GMT 2025","Fri Sep 19 17:36:28 GMT 2025","3733","","","","RepositoriesTests.RepositoriesTests.RewardDescriptionRepositoryTests","RepositoriesTests.RepositoriesTests.RewardDescriptionRepositoryTests.CreateRewardDescription_Success","RepositoriesTests.RepositoriesTests.RewardDescriptionRepositoryTests.CreateRewardDescription_Success",""
"passed","Fri Sep 19 17:38:03 GMT 2025","Fri Sep 19 17:38:04 GMT 2025","1473","","","","RepositoriesTests.RepositoriesTests.CompetitionRepositoryUnitTests","RepositoriesTests.RepositoriesTests.CompetitionRepositoryUnitTests.GetAllCompetitions_Basic(dt: DataLimiter { PartitionIndex = 0, Partition = 2, HasNoLimit = False, FirstIndex = 0, LastIndex = 2 })","RepositoriesTests.RepositoriesTests.CompetitionRepositoryUnitTests.GetAllCompetitions_Basic(DataLimiter dt)",""
"passed","Fri Sep 19 17:35:08 GMT 2025","Fri Sep 19 17:35:08 GMT 2025","5","","","","ServicesUnitTests.ServiceTests.CompetitionServiceTests","ServicesUnitTests.ServiceTests.CompetitionServiceTests.CompetitionServiceTest_UpdateCompetition_Bad2","ServicesUnitTests.ServiceTests.CompetitionServiceTests.CompetitionServiceTest_UpdateCompetition_Bad2",""
"passed","Fri Sep 19 17:35:08 GMT 2025","Fri Sep 19 17:35:08 GMT 2025","0","","","","ServicesUnitTests.ValidatorTests.PlayerProfileValidatorTests","ServicesUnitTests.ValidatorTests.PlayerProfileValidatorTests.CheckAccountCreation(comp: AccountCreationData { Account = CompetitiveBackend.Core.Objects.Account, Password =  }, expected: False)","ServicesUnitTests.ValidatorTests.PlayerProfileValidatorTests.CheckAccountCreation(AccountCreationData comp, Boolean expected)",""
"passed","Fri Sep 19 17:35:08 GMT 2025","Fri Sep 19 17:35:08 GMT 2025","1","","","","ServicesUnitTests.ValidatorTests.PlayerProfileValidatorTests","ServicesUnitTests.ValidatorTests.PlayerProfileValidatorTests.CheckAccountCreation(comp: AccountCreationData { Account = CompetitiveBackend.Core.Objects.Account, Password = 123456a }, expected: False)","ServicesUnitTests.ValidatorTests.PlayerProfileValidatorTests.CheckAccountCreation(AccountCreationData comp, Boolean expected)",""
"passed","Fri Sep 19 17:38:09 GMT 2025","Fri Sep 19 17:38:10 GMT 2025","1475","","","","RepositoriesTests.RepositoriesTests.CompetitionRepositoryUnitTests","RepositoriesTests.RepositoriesTests.CompetitionRepositoryUnitTests.GetAllCompetitions_Basic(dt: DataLimiter { PartitionIndex = 0, Partition = 0, HasNoLimit = True, FirstIndex = 0, LastIndex = 0 })","RepositoriesTests.RepositoriesTests.CompetitionRepositoryUnitTests.GetAllCompetitions_Basic(DataLimiter dt)",""
"passed","Fri Sep 19 17:36:16 GMT 2025","Fri Sep 19 17:36:20 GMT 2025","4529","","","","RepositoriesTests.RepositoriesTests.RewardDescriptionRepositoryTests","RepositoriesTests.RepositoriesTests.RewardDescriptionRepositoryTests.SetRewardIcon_Failure","RepositoriesTests.RepositoriesTests.RewardDescriptionRepositoryTests.SetRewardIcon_Failure",""
"passed","Fri Sep 19 17:35:47 GMT 2025","Fri Sep 19 17:36:06 GMT 2025","19491","","","","RepositoriesTests.RepositoriesTests.CompetitionRewardRepositoryTests","RepositoriesTests.RepositoriesTests.CompetitionRewardRepositoryTests.UpdateCompetitionReward(cond: RankGrantCondition { maxRank = 1, minRank = 0, Type = ""rank"" }, idx: 0)","RepositoriesTests.RepositoriesTests.CompetitionRewardRepositoryTests.UpdateCompetitionReward(GrantCondition cond, Int32 idx)",""
"passed","Fri Sep 19 17:35:08 GMT 2025","Fri Sep 19 17:35:08 GMT 2025","1","","","","ServicesUnitTests.ServiceTests.CompetitionRewardServiceTests","ServicesUnitTests.ServiceTests.CompetitionRewardServiceTests.CompetitionRewardServiceTests_GetCompetitionRewards(etalon: 1)","ServicesUnitTests.ServiceTests.CompetitionRewardServiceTests.CompetitionRewardServiceTests_GetCompetitionRewards(Int32 etalon)",""
"passed","Fri Sep 19 17:37:20 GMT 2025","Fri Sep 19 17:37:22 GMT 2025","2735","","","","RepositoriesTests.RepositoriesTests.PlayerProfileRepositoryUnitTests","RepositoriesTests.RepositoriesTests.PlayerProfileRepositoryUnitTests.UpdatePlayerProfileImage_Failure","RepositoriesTests.RepositoriesTests.PlayerProfileRepositoryUnitTests.UpdatePlayerProfileImage_Failure",""
"passed","Fri Sep 19 17:35:08 GMT 2025","Fri Sep 19 17:35:08 GMT 2025","9","","","","ServicesUnitTests.ServiceTests.PlayerProfileServiceTests","ServicesUnitTests.ServiceTests.PlayerProfileServiceTests.PlayerProfileService_UpdatePlayerProfile","ServicesUnitTests.ServiceTests.PlayerProfileServiceTests.PlayerProfileService_UpdatePlayerProfile",""
"passed","Fri Sep 19 17:35:08 GMT 2025","Fri Sep 19 17:35:08 GMT 2025","1","","","","ServicesUnitTests.ValidatorTests.PlayerProfileValidatorTests","ServicesUnitTests.ValidatorTests.PlayerProfileValidatorTests.CheckAccountCreation(comp: AccountCreationData { Account = CompetitiveBackend.Core.Objects.Account, Password = 1234 }, expected: False)","ServicesUnitTests.ValidatorTests.PlayerProfileValidatorTests.CheckAccountCreation(AccountCreationData comp, Boolean expected)",""
"passed","Fri Sep 19 17:35:08 GMT 2025","Fri Sep 19 17:35:08 GMT 2025","0","","","","ServicesUnitTests.ValidatorTests.PlayerProfileValidatorTests","ServicesUnitTests.ValidatorTests.PlayerProfileValidatorTests.CheckAccountCreation(comp: AccountCreationData { Account = CompetitiveBackend.Core.Objects.Account, Password = 12345678 }, expected: False)","ServicesUnitTests.ValidatorTests.PlayerProfileValidatorTests.CheckAccountCreation(AccountCreationData comp, Boolean expected)",""
"passed","Fri Sep 19 17:35:08 GMT 2025","Fri Sep 19 17:35:08 GMT 2025","1","","","","ServicesUnitTests.ValidatorTests.PlayerProfileValidatorTests","ServicesUnitTests.ValidatorTests.PlayerProfileValidatorTests.CheckAccount(comp: Account { Email = """", Id = null, Login = ""amogus"" }, expected: True)","ServicesUnitTests.ValidatorTests.PlayerProfileValidatorTests.CheckAccount(Account comp, Boolean expected)",""
"passed","Fri Sep 19 17:38:04 GMT 2025","Fri Sep 19 17:38:06 GMT 2025","1482","","","","RepositoriesTests.RepositoriesTests.CompetitionRepositoryUnitTests","RepositoriesTests.RepositoriesTests.CompetitionRepositoryUnitTests.GetAllCompetitions_Basic(dt: DataLimiter { PartitionIndex = 0, Partition = 1, HasNoLimit = False, FirstIndex = 0, LastIndex = 1 })","RepositoriesTests.RepositoriesTests.CompetitionRepositoryUnitTests.GetAllCompetitions_Basic(DataLimiter dt)",""
"passed","Fri Sep 19 17:35:08 GMT 2025","Fri Sep 19 17:35:08 GMT 2025","0","","","","ServicesUnitTests.ValidatorTests.CompetitionValidatorTests","ServicesUnitTests.ValidatorTests.CompetitionValidatorTests.CheckOK(comp: Competition { Description = ""***********"", EndDate = 2025-01-01T01:10:01.0000000, Id = null, Name = ""Colon"", StartDate = 2025-01-01T01:01:01.0000000 }, expected: True)","ServicesUnitTests.ValidatorTests.CompetitionValidatorTests.CheckOK(Competition comp, Boolean expected)",""
"passed","Fri Sep 19 17:36:27 GMT 2025","Fri Sep 19 17:36:31 GMT 2025","3726","","","","RepositoriesTests.RepositoriesTests.CompetitionLevelRepositoryTests","RepositoriesTests.RepositoriesTests.CompetitionLevelRepositoryTests.GetSpecificLevelDataInfo(idx: 2)","RepositoriesTests.RepositoriesTests.CompetitionLevelRepositoryTests.GetSpecificLevelDataInfo(Int32 idx)",""
"passed","Fri Sep 19 17:37:33 GMT 2025","Fri Sep 19 17:37:34 GMT 2025","1555","","","","RepositoriesTests.RepositoriesTests.PlayerProfileRepositoryUnitTests","RepositoriesTests.RepositoriesTests.PlayerProfileRepositoryUnitTests.GetPlayerProfileImage_Failure","RepositoriesTests.RepositoriesTests.PlayerProfileRepositoryUnitTests.GetPlayerProfileImage_Failure",""
"passed","Fri Sep 19 17:36:59 GMT 2025","Fri Sep 19 17:37:02 GMT 2025","2864","","","","RepositoriesTests.RepositoriesTests.CompetitionLevelRepositoryTests","RepositoriesTests.RepositoriesTests.CompetitionLevelRepositoryTests.UpdateCompetitionLevelData(idx: 1)","RepositoriesTests.RepositoriesTests.CompetitionLevelRepositoryTests.UpdateCompetitionLevelData(Int32 idx)",""
"passed","Fri Sep 19 17:36:23 GMT 2025","Fri Sep 19 17:36:27 GMT 2025","3575","","","","RepositoriesTests.RepositoriesTests.CompetitionLevelRepositoryTests","RepositoriesTests.RepositoriesTests.CompetitionLevelRepositoryTests.GetSpecificLevelDataInfo(idx: 1)","RepositoriesTests.RepositoriesTests.CompetitionLevelRepositoryTests.GetSpecificLevelDataInfo(Int32 idx)",""
"passed","Fri Sep 19 17:35:08 GMT 2025","Fri Sep 19 17:35:08 GMT 2025","0","","","","ServicesUnitTests.ValidatorTests.PlayerProfileValidatorTests","ServicesUnitTests.ValidatorTests.PlayerProfileValidatorTests.CheckAccount(comp: Account { Email = """", Id = null, Login = """" }, expected: False)","ServicesUnitTests.ValidatorTests.PlayerProfileValidatorTests.CheckAccount(Account comp, Boolean expected)",""
"passed","Fri Sep 19 17:35:08 GMT 2025","Fri Sep 19 17:35:08 GMT 2025","0","","","","ServicesUnitTests.ValidatorTests.PlayerProfileValidatorTests","ServicesUnitTests.ValidatorTests.PlayerProfileValidatorTests.CheckAccountCreation(comp: AccountCreationData { Account = CompetitiveBackend.Core.Objects.Account, Password = 123a5678 }, expected: True)","ServicesUnitTests.ValidatorTests.PlayerProfileValidatorTests.CheckAccountCreation(AccountCreationData comp, Boolean expected)",""
"passed","Fri Sep 19 17:37:41 GMT 2025","Fri Sep 19 17:37:44 GMT 2025","2642","","","","RepositoriesTests.RepositoriesTests.CompetitionRepositoryUnitTests","RepositoriesTests.RepositoriesTests.CompetitionRepositoryUnitTests.GetCompetition_Success","RepositoriesTests.RepositoriesTests.CompetitionRepositoryUnitTests.GetCompetition_Success",""
"passed","Fri Sep 19 17:35:08 GMT 2025","Fri Sep 19 17:35:08 GMT 2025","6","","","","ServicesUnitTests.ServiceTests.AuthServiceTests","ServicesUnitTests.ServiceTests.AuthServiceTests.AuthService_CreateAccount_Success","ServicesUnitTests.ServiceTests.AuthServiceTests.AuthService_CreateAccount_Success",""
"passed","Fri Sep 19 17:35:08 GMT 2025","Fri Sep 19 17:35:08 GMT 2025","36","","","","ServicesUnitTests.ServiceTests.PlayerParticipationServiceTests","ServicesUnitTests.ServiceTests.PlayerParticipationServiceTests.PlayerParticipationServiceTests_DeleteParticipation","ServicesUnitTests.ServiceTests.PlayerParticipationServiceTests.PlayerParticipationServiceTests_DeleteParticipation",""
"passed","Fri Sep 19 17:37:34 GMT 2025","Fri Sep 19 17:37:36 GMT 2025","2615","","","","RepositoriesTests.RepositoriesTests.CompetitionLevelRepositoryTests","RepositoriesTests.RepositoriesTests.CompetitionLevelRepositoryTests.UpdateCompetitionLevelData_Failure","RepositoriesTests.RepositoriesTests.CompetitionLevelRepositoryTests.UpdateCompetitionLevelData_Failure",""
"passed","Fri Sep 19 17:37:22 GMT 2025","Fri Sep 19 17:37:25 GMT 2025","2641","","","","RepositoriesTests.RepositoriesTests.PlayerProfileRepositoryUnitTests","RepositoriesTests.RepositoriesTests.PlayerProfileRepositoryUnitTests.GetPlayerProfile_Failure","RepositoriesTests.RepositoriesTests.PlayerProfileRepositoryUnitTests.GetPlayerProfile_Failure",""
"passed","Fri Sep 19 17:35:08 GMT 2025","Fri Sep 19 17:35:08 GMT 2025","7","","","","ServicesUnitTests.ServiceTests.PlayerProfileServiceTests","ServicesUnitTests.ServiceTests.PlayerProfileServiceTests.PlayerProfileService_UpdatePlayerProfileImage","ServicesUnitTests.ServiceTests.PlayerProfileServiceTests.PlayerProfileService_UpdatePlayerProfileImage",""
"passed","Fri Sep 19 17:36:49 GMT 2025","Fri Sep 19 17:36:53 GMT 2025","3089","","","","RepositoriesTests.RepositoriesTests.CompetitionRewardRepositoryTests","RepositoriesTests.RepositoriesTests.CompetitionRewardRepositoryTests.GetCompetitionRewards_Success(idx: 3)","RepositoriesTests.RepositoriesTests.CompetitionRewardRepositoryTests.GetCompetitionRewards_Success(Int32 idx)",""
"passed","Fri Sep 19 17:36:38 GMT 2025","Fri Sep 19 17:36:41 GMT 2025","3089","","","","RepositoriesTests.RepositoriesTests.CompetitionLevelRepositoryTests","RepositoriesTests.RepositoriesTests.CompetitionLevelRepositoryTests.GetLevelDataTests(platform: null, maxVersion: null, data: [4, 5, 6])","RepositoriesTests.RepositoriesTests.CompetitionLevelRepositoryTests.GetLevelDataTests(String platform, Nullable<Int32> maxVersion, Byte[] data)",""
"passed","Fri Sep 19 17:37:51 GMT 2025","Fri Sep 19 17:37:53 GMT 2025","1447","","","","RepositoriesTests.RepositoriesTests.CompetitionRepositoryUnitTests","RepositoriesTests.RepositoriesTests.CompetitionRepositoryUnitTests.GetAllCompetitions_Empty(dt: DataLimiter { PartitionIndex = 0, Partition = 0, HasNoLimit = True, FirstIndex = 0, LastIndex = 0 })","RepositoriesTests.RepositoriesTests.CompetitionRepositoryUnitTests.GetAllCompetitions_Empty(DataLimiter dt)",""
"passed","Fri Sep 19 17:37:19 GMT 2025","Fri Sep 19 17:37:22 GMT 2025","2666","","","","RepositoriesTests.RepositoriesTests.CompetitionLevelRepositoryTests","RepositoriesTests.RepositoriesTests.CompetitionLevelRepositoryTests.GetSpecificLevelData(idx: 2)","RepositoriesTests.RepositoriesTests.CompetitionLevelRepositoryTests.GetSpecificLevelData(Int32 idx)",""
"passed","Fri Sep 19 17:35:08 GMT 2025","Fri Sep 19 17:35:08 GMT 2025","2","","","","ServicesUnitTests.ServiceTests.RewardDescriptionServiceTests","ServicesUnitTests.ServiceTests.RewardDescriptionServiceTests.RewardDescriptionServiceTests_CreateRewardDescription_Failure","ServicesUnitTests.ServiceTests.RewardDescriptionServiceTests.RewardDescriptionServiceTests_CreateRewardDescription_Failure",""
"passed","Fri Sep 19 17:35:08 GMT 2025","Fri Sep 19 17:35:08 GMT 2025","12","","","","ServicesUnitTests.ServiceTests.CompetitionServiceTests","ServicesUnitTests.ServiceTests.CompetitionServiceTests.CompetitionServiceTests_CreateCompetition_OK","ServicesUnitTests.ServiceTests.CompetitionServiceTests.CompetitionServiceTests_CreateCompetition_OK",""
"passed","Fri Sep 19 17:36:06 GMT 2025","Fri Sep 19 17:36:10 GMT 2025","4337","","","","RepositoriesTests.RepositoriesTests.CompetitionRewardRepositoryTests","RepositoriesTests.RepositoriesTests.CompetitionRewardRepositoryTests.UpdateCompetitionReward(cond: RankGrantCondition { maxRank = 1, minRank = 0.5, Type = ""rank"" }, idx: 1)","RepositoriesTests.RepositoriesTests.CompetitionRewardRepositoryTests.UpdateCompetitionReward(GrantCondition cond, Int32 idx)",""
"passed","Fri Sep 19 17:35:08 GMT 2025","Fri Sep 19 17:35:08 GMT 2025","0","","","","ServicesUnitTests.ValidatorTests.PlayerProfileValidatorTests","ServicesUnitTests.ValidatorTests.PlayerProfileValidatorTests.CheckAccount(comp: Account { Email = """", Id = null, Login = ""*****************"" }, expected: False)","ServicesUnitTests.ValidatorTests.PlayerProfileValidatorTests.CheckAccount(Account comp, Boolean expected)",""
"passed","Fri Sep 19 17:37:08 GMT 2025","Fri Sep 19 17:37:09 GMT 2025","1554","","","","RepositoriesTests.RepositoriesTests.CompetitionLevelRepositoryTests","RepositoriesTests.RepositoriesTests.CompetitionLevelRepositoryTests.UpdateCompetitionLevelInfo(idx: 2)","RepositoriesTests.RepositoriesTests.CompetitionLevelRepositoryTests.UpdateCompetitionLevelInfo(Int32 idx)",""
"passed","Fri Sep 19 17:36:29 GMT 2025","Fri Sep 19 17:36:33 GMT 2025","3743","","","","RepositoriesTests.RepositoriesTests.PlayerParticipationRepositoryTests","RepositoriesTests.RepositoriesTests.PlayerParticipationRepositoryTests.UpdateParticipationTest_Failure","RepositoriesTests.RepositoriesTests.PlayerParticipationRepositoryTests.UpdateParticipationTest_Failure",""
"passed","Fri Sep 19 17:35:47 GMT 2025","Fri Sep 19 17:36:06 GMT 2025","19520","","","","RepositoriesTests.RepositoriesTests.RewardDescriptionRepositoryTests","RepositoriesTests.RepositoriesTests.RewardDescriptionRepositoryTests.SetRewardIcon_Success","RepositoriesTests.RepositoriesTests.RewardDescriptionRepositoryTests.SetRewardIcon_Success",""
"passed","Fri Sep 19 17:35:08 GMT 2025","Fri Sep 19 17:35:08 GMT 2025","0","","","","ServicesUnitTests.ValidatorTests.PlayerProfileValidatorTests","ServicesUnitTests.ValidatorTests.PlayerProfileValidatorTests.CheckAccountCreation(comp: AccountCreationData { Account = CompetitiveBackend.Core.Objects.Account, Password = 12345678a }, expected: True)","ServicesUnitTests.ValidatorTests.PlayerProfileValidatorTests.CheckAccountCreation(AccountCreationData comp, Boolean expected)",""
"passed","Fri Sep 19 17:37:31 GMT 2025","Fri Sep 19 17:37:32 GMT 2025","1557","","","","RepositoriesTests.RepositoriesTests.CompetitionLevelRepositoryTests","RepositoriesTests.RepositoriesTests.CompetitionLevelRepositoryTests.GetSpecificLevelData_Failure","RepositoriesTests.RepositoriesTests.CompetitionLevelRepositoryTests.GetSpecificLevelData_Failure",""
"passed","Fri Sep 19 17:36:10 GMT 2025","Fri Sep 19 17:36:16 GMT 2025","5412","","","","RepositoriesTests.RepositoriesTests.SessionRepositoryUnitTests","RepositoriesTests.RepositoriesTests.SessionRepositoryUnitTests.CreateSessionTokenFor_PlayerSuccess","RepositoriesTests.RepositoriesTests.SessionRepositoryUnitTests.CreateSessionTokenFor_PlayerSuccess",""
"passed","Fri Sep 19 17:36:43 GMT 2025","Fri Sep 19 17:36:46 GMT 2025","3277","","","","RepositoriesTests.RepositoriesTests.CompetitionRewardRepositoryTests","RepositoriesTests.RepositoriesTests.CompetitionRewardRepositoryTests.AddCompetitionReward_DifferentRanks(cond: PlaceGrantCondition { maxPlace = 2, minPlace = 2, Type = ""place"" }, idx: 4)","RepositoriesTests.RepositoriesTests.CompetitionRewardRepositoryTests.AddCompetitionReward_DifferentRanks(GrantCondition cond, Int32 idx)",""
"passed","Fri Sep 19 17:35:08 GMT 2025","Fri Sep 19 17:35:08 GMT 2025","4","","","","ServicesUnitTests.ServiceTests.CompetitionRewardServiceTests","ServicesUnitTests.ServiceTests.CompetitionRewardServiceTests.CompetitionRewardServiceTests_RemoveCompetitionReward(etalon: 5)","ServicesUnitTests.ServiceTests.CompetitionRewardServiceTests.CompetitionRewardServiceTests_RemoveCompetitionReward(Int32 etalon)",""
"passed","Fri Sep 19 17:35:08 GMT 2025","Fri Sep 19 17:35:08 GMT 2025","1","","","","ServicesUnitTests.ValidatorTests.PlayerProfileValidatorTests","ServicesUnitTests.ValidatorTests.PlayerProfileValidatorTests.CheckAccountCreation(comp: AccountCreationData { Account = CompetitiveBackend.Core.Objects.Account, Password = 12345678a }, expected: False)","ServicesUnitTests.ValidatorTests.PlayerProfileValidatorTests.CheckAccountCreation(AccountCreationData comp, Boolean expected)",""
"passed","Fri Sep 19 17:39:13 GMT 2025","Fri Sep 19 17:39:16 GMT 2025","2557","","","","RepositoriesTests.RepositoriesTests.CompetitionE2ETests","RepositoriesTests.RepositoriesTests.CompetitionE2ETests.CompetitionFetchOne","RepositoriesTests.RepositoriesTests.CompetitionE2ETests.CompetitionFetchOne",""
"passed","Fri Sep 19 17:35:08 GMT 2025","Fri Sep 19 17:35:08 GMT 2025","5","","","","ServicesUnitTests.ServiceTests.RewardDescriptionServiceTests","ServicesUnitTests.ServiceTests.RewardDescriptionServiceTests.RewardDescriptionServiceTests_GetAllRewardDescriptions","ServicesUnitTests.ServiceTests.RewardDescriptionServiceTests.RewardDescriptionServiceTests_GetAllRewardDescriptions",""
"passed","Fri Sep 19 17:36:33 GMT 2025","Fri Sep 19 17:36:36 GMT 2025","3494","","","","RepositoriesTests.RepositoriesTests.GranterTests.BasicRewardGranterTests","RepositoriesTests.RepositoriesTests.GranterTests.BasicRewardGranterTests.GrantRewardsByRank(minRank: 0.25, maxRank: 0.75)","RepositoriesTests.RepositoriesTests.GranterTests.BasicRewardGranterTests.GrantRewardsByRank(Single minRank, Single maxRank)",""
"passed","Fri Sep 19 17:35:08 GMT 2025","Fri Sep 19 17:35:08 GMT 2025","4","","","","ServicesUnitTests.ServiceTests.CompetitionLevelServiceTests","ServicesUnitTests.ServiceTests.CompetitionLevelServiceTests.DeleteLevelData_CallsRepositoryWithCorrectId","ServicesUnitTests.ServiceTests.CompetitionLevelServiceTests.DeleteLevelData_CallsRepositoryWithCorrectId",""
"passed","Fri Sep 19 17:37:07 GMT 2025","Fri Sep 19 17:37:10 GMT 2025","2635","","","","RepositoriesTests.RepositoriesTests.CompetitionRewardRepositoryTests","RepositoriesTests.RepositoriesTests.CompetitionRewardRepositoryTests.AddCompetitionReward_Alien","RepositoriesTests.RepositoriesTests.CompetitionRewardRepositoryTests.AddCompetitionReward_Alien",""
"passed","Fri Sep 19 17:36:06 GMT 2025","Fri Sep 19 17:36:10 GMT 2025","4888","","","","RepositoriesTests.RepositoriesTests.SessionRepositoryUnitTests","RepositoriesTests.RepositoriesTests.SessionRepositoryUnitTests.CreateSessionTokenFor_AdminSuccess","RepositoriesTests.RepositoriesTests.SessionRepositoryUnitTests.CreateSessionTokenFor_AdminSuccess",""
"passed","Fri Sep 19 17:35:08 GMT 2025","Fri Sep 19 17:35:08 GMT 2025","32","","","","ServicesUnitTests.ServiceTests.AuthServiceTests","ServicesUnitTests.ServiceTests.AuthServiceTests.AuthService_LogIn_RepositoryException","ServicesUnitTests.ServiceTests.AuthServiceTests.AuthService_LogIn_RepositoryException",""
"passed","Fri Sep 19 17:36:55 GMT 2025","Fri Sep 19 17:36:58 GMT 2025","3134","","","","RepositoriesTests.RepositoriesTests.GranterTests.BasicRewardGranterTests","RepositoriesTests.RepositoriesTests.GranterTests.BasicRewardGranterTests.GetMultipleRewardData(conditions: [RankGrantCondition { maxRank = 0.75, minRank = 0.25, Type = ""rank"" }, RankGrantCondition { maxRank = 1, minRank = 0.5, Type = ""rank"" }])","RepositoriesTests.RepositoriesTests.GranterTests.BasicRewardGranterTests.GetMultipleRewardData(GrantCondition[] conditions)",""
"passed","Fri Sep 19 17:35:08 GMT 2025","Fri Sep 19 17:35:08 GMT 2025","0","","","","ServicesUnitTests.ValidatorTests.PlayerProfileValidatorTests","ServicesUnitTests.ValidatorTests.PlayerProfileValidatorTests.CheckPlayerProfile(comp: PlayerProfile { Description = ""*"", Id = 0, Name = ""****************"" }, expected: True)","ServicesUnitTests.ValidatorTests.PlayerProfileValidatorTests.CheckPlayerProfile(PlayerProfile comp, Boolean expected)",""
"passed","Fri Sep 19 17:36:25 GMT 2025","Fri Sep 19 17:36:29 GMT 2025","4024","","","","RepositoriesTests.RepositoriesTests.GranterTests.BasicRewardGranterTests","RepositoriesTests.RepositoriesTests.GranterTests.BasicRewardGranterTests.GrantRewardsByRank(minRank: 1, maxRank: 1)","RepositoriesTests.RepositoriesTests.GranterTests.BasicRewardGranterTests.GrantRewardsByRank(Single minRank, Single maxRank)",""
"passed","Fri Sep 19 17:37:09 GMT 2025","Fri Sep 19 17:37:12 GMT 2025","2660","","","","RepositoriesTests.RepositoriesTests.CompetitionLevelRepositoryTests","RepositoriesTests.RepositoriesTests.CompetitionLevelRepositoryTests.GetAllLevelData","RepositoriesTests.RepositoriesTests.CompetitionLevelRepositoryTests.GetAllLevelData",""
"passed","Fri Sep 19 17:35:08 GMT 2025","Fri Sep 19 17:35:08 GMT 2025","7","","","","ServicesUnitTests.ServiceTests.CompetitionRewardServiceTests","ServicesUnitTests.ServiceTests.CompetitionRewardServiceTests.CompetitionRewardServiceTests_GetCompetitionRewards(etalon: 5)","ServicesUnitTests.ServiceTests.CompetitionRewardServiceTests.CompetitionRewardServiceTests_GetCompetitionRewards(Int32 etalon)",""
"passed","Fri Sep 19 17:35:08 GMT 2025","Fri Sep 19 17:35:08 GMT 2025","5","","","","ServicesUnitTests.ServiceTests.CompetitionLevelServiceTests","ServicesUnitTests.ServiceTests.CompetitionLevelServiceTests.UpdateCompetitionLevelData_CallsRepositoryWithParameters","ServicesUnitTests.ServiceTests.CompetitionLevelServiceTests.UpdateCompetitionLevelData_CallsRepositoryWithParameters",""
"passed","Fri Sep 19 17:37:47 GMT 2025","Fri Sep 19 17:37:49 GMT 2025","1593","","","","RepositoriesTests.RepositoriesTests.PlayerRewardRepositoryBasicTests","RepositoriesTests.RepositoriesTests.PlayerRewardRepositoryBasicTests.GetPlayerRewards_Success(dt: DataLimiter { PartitionIndex = 2, Partition = 1, HasNoLimit = False, FirstIndex = 2, LastIndex = 3 })","RepositoriesTests.RepositoriesTests.PlayerRewardRepositoryBasicTests.GetPlayerRewards_Success(DataLimiter dt)",""
"passed","Fri Sep 19 17:35:08 GMT 2025","Fri Sep 19 17:35:08 GMT 2025","26","","","","ServicesUnitTests.ServiceTests.PlayerParticipationServiceTests","ServicesUnitTests.ServiceTests.PlayerParticipationServiceTests.PlayerParticipationServiceTests_GetPlayerParticipations","ServicesUnitTests.ServiceTests.PlayerParticipationServiceTests.PlayerParticipationServiceTests_GetPlayerParticipations",""
"passed","Fri Sep 19 17:35:08 GMT 2025","Fri Sep 19 17:35:08 GMT 2025","2","","","","ServicesUnitTests.ServiceTests.RewardDescriptionServiceTests","ServicesUnitTests.ServiceTests.RewardDescriptionServiceTests.RewardDescriptionServiceTests_UpdateRewardDescription_Failure","ServicesUnitTests.ServiceTests.RewardDescriptionServiceTests.RewardDescriptionServiceTests_UpdateRewardDescription_Failure",""
"passed","Fri Sep 19 17:35:08 GMT 2025","Fri Sep 19 17:35:08 GMT 2025","6","","","","ServicesUnitTests.ServiceTests.RewardDescriptionServiceTests","ServicesUnitTests.ServiceTests.RewardDescriptionServiceTests.RewardDescriptionServiceTests_CreateRewardDescription","ServicesUnitTests.ServiceTests.RewardDescriptionServiceTests.RewardDescriptionServiceTests_CreateRewardDescription",""
"passed","Fri Sep 19 17:38:07 GMT 2025","Fri Sep 19 17:38:09 GMT 2025","1456","","","","RepositoriesTests.RepositoriesTests.CompetitionRepositoryUnitTests","RepositoriesTests.RepositoriesTests.CompetitionRepositoryUnitTests.GetAllCompetitions_Basic(dt: DataLimiter { PartitionIndex = 2, Partition = 1, HasNoLimit = False, FirstIndex = 2, LastIndex = 3 })","RepositoriesTests.RepositoriesTests.CompetitionRepositoryUnitTests.GetAllCompetitions_Basic(DataLimiter dt)",""
"passed","Fri Sep 19 17:36:36 GMT 2025","Fri Sep 19 17:36:40 GMT 2025","3455","","","","RepositoriesTests.RepositoriesTests.CompetitionRewardRepositoryTests","RepositoriesTests.RepositoriesTests.CompetitionRewardRepositoryTests.AddCompetitionReward_DifferentRanks(cond: RankGrantCondition { maxRank = 0.5, minRank = 0, Type = ""rank"" }, idx: 2)","RepositoriesTests.RepositoriesTests.CompetitionRewardRepositoryTests.AddCompetitionReward_DifferentRanks(GrantCondition cond, Int32 idx)",""
"passed","Fri Sep 19 17:35:08 GMT 2025","Fri Sep 19 17:35:08 GMT 2025","7","","","","ServicesUnitTests.ValidatorTests.PlayerProfileValidatorTests","ServicesUnitTests.ValidatorTests.PlayerProfileValidatorTests.CheckPlayerProfile(comp: PlayerProfile { Description = ""*"", Id = 0, Name = ""**********"" }, expected: True)","ServicesUnitTests.ValidatorTests.PlayerProfileValidatorTests.CheckPlayerProfile(PlayerProfile comp, Boolean expected)",""
"passed","Fri Sep 19 17:36:34 GMT 2025","Fri Sep 19 17:36:38 GMT 2025","3424","","","","RepositoriesTests.RepositoriesTests.CompetitionLevelRepositoryTests","RepositoriesTests.RepositoriesTests.CompetitionLevelRepositoryTests.GetLevelDataTests(platform: ""Android"", maxVersion: 5, data: [1, 2, 3])","RepositoriesTests.RepositoriesTests.CompetitionLevelRepositoryTests.GetLevelDataTests(String platform, Nullable<Int32> maxVersion, Byte[] data)",""
"passed","Fri Sep 19 17:35:08 GMT 2025","Fri Sep 19 17:35:08 GMT 2025","0","","","","ServicesUnitTests.ValidatorTests.PlayerProfileValidatorTests","ServicesUnitTests.ValidatorTests.PlayerProfileValidatorTests.CheckAccountCreation(comp: AccountCreationData { Account = CompetitiveBackend.Core.Objects.Account, Password =  }, expected: False)","ServicesUnitTests.ValidatorTests.PlayerProfileValidatorTests.CheckAccountCreation(AccountCreationData comp, Boolean expected)",""
"passed","Fri Sep 19 17:35:08 GMT 2025","Fri Sep 19 17:35:08 GMT 2025","3","","","","ServicesUnitTests.ServiceTests.CompetitionLevelServiceTests","ServicesUnitTests.ServiceTests.CompetitionLevelServiceTests.GetAllLevelData_CallsRepositoryWithCorrectId","ServicesUnitTests.ServiceTests.CompetitionLevelServiceTests.GetAllLevelData_CallsRepositoryWithCorrectId",""
"passed","Fri Sep 19 17:37:10 GMT 2025","Fri Sep 19 17:37:12 GMT 2025","2715","","","","RepositoriesTests.RepositoriesTests.CompetitionRewardRepositoryTests","RepositoriesTests.RepositoriesTests.CompetitionRewardRepositoryTests.DeleteCompetitionReward_Failure","RepositoriesTests.RepositoriesTests.CompetitionRewardRepositoryTests.DeleteCompetitionReward_Failure",""
"passed","Fri Sep 19 17:35:08 GMT 2025","Fri Sep 19 17:35:08 GMT 2025","11","","","","ServicesUnitTests.ServiceTests.PlayerProfileServiceTests","ServicesUnitTests.ServiceTests.PlayerProfileServiceTests.PlayerProfileService_GetPlayerProfile","ServicesUnitTests.ServiceTests.PlayerProfileServiceTests.PlayerProfileService_GetPlayerProfile",""
"passed","Fri Sep 19 17:36:10 GMT 2025","Fri Sep 19 17:36:13 GMT 2025","3805","","","","RepositoriesTests.RepositoriesTests.PlayerParticipationRepositoryTests","RepositoriesTests.RepositoriesTests.PlayerParticipationRepositoryTests.GetParticipation(bindPlayer: True, bindCompetition: False)","RepositoriesTests.RepositoriesTests.PlayerParticipationRepositoryTests.GetParticipation(Boolean bindPlayer, Boolean bindCompetition)",""
"passed","Fri Sep 19 17:35:08 GMT 2025","Fri Sep 19 17:35:08 GMT 2025","7","","","","ServicesUnitTests.ServiceTests.CompetitionServiceTests","ServicesUnitTests.ServiceTests.CompetitionServiceTests.CompetitionServiceTest_UpdateCompetition_Bad1","ServicesUnitTests.ServiceTests.CompetitionServiceTests.CompetitionServiceTest_UpdateCompetition_Bad1",""
"passed","Fri Sep 19 17:36:39 GMT 2025","Fri Sep 19 17:36:42 GMT 2025","3097","","","","RepositoriesTests.RepositoriesTests.PlayerParticipationRepositoryTests","RepositoriesTests.RepositoriesTests.PlayerParticipationRepositoryTests.GetLeaderboard(dt: DataLimiter { PartitionIndex = 0, Partition = 0, HasNoLimit = True, FirstIndex = 0, LastIndex = 0 }, bindPlayer: True, bindCompetition: False)","RepositoriesTests.RepositoriesTests.PlayerParticipationRepositoryTests.GetLeaderboard(DataLimiter dt, Boolean bindPlayer, Boolean bindCompetition)",""
"passed","Fri Sep 19 17:36:45 GMT 2025","Fri Sep 19 17:36:48 GMT 2025","3058","","","","RepositoriesTests.RepositoriesTests.PlayerParticipationRepositoryTests","RepositoriesTests.RepositoriesTests.PlayerParticipationRepositoryTests.GetLeaderboard(dt: DataLimiter { PartitionIndex = 0, Partition = 0, HasNoLimit = True, FirstIndex = 0, LastIndex = 0 }, bindPlayer: True, bindCompetition: True)","RepositoriesTests.RepositoriesTests.PlayerParticipationRepositoryTests.GetLeaderboard(DataLimiter dt, Boolean bindPlayer, Boolean bindCompetition)",""
"passed","Fri Sep 19 17:35:08 GMT 2025","Fri Sep 19 17:35:08 GMT 2025","0","","","","ServicesUnitTests.ValidatorTests.PlayerProfileValidatorTests","ServicesUnitTests.ValidatorTests.PlayerProfileValidatorTests.CheckAccountCreation(comp: AccountCreationData { Account = CompetitiveBackend.Core.Objects.Account, Password = 12345678 }, expected: False)","ServicesUnitTests.ValidatorTests.PlayerProfileValidatorTests.CheckAccountCreation(AccountCreationData comp, Boolean expected)",""
